i_primitive=triangle,i_key_mode=safe,i_build_mode=b_sfl,i_probe_mode=p_sfl,i_update_type=global,i_num_build_keys_log=21,i_key_offset=0,i_key_stride_log=0,i_key_replication_log=0,i_reserve_keys_for_misses=0,i_num_updates_log=0,i_local_update_batch_size_log=1,i_num_probe_keys_log=27,i_miss_percentage=0,i_out_of_range_percentage=0,i_range_query_hit_count_log=0,i_exponent_bias=-20,i_force_single_anyhit=1,i_perpendicular_rays=1,i_start_ray_at_zero=1,i_compaction=1,i_large_keys=0,i_closest_hit=0,i_skip_probing=0,i_num_rays_per_thread_log=0,i_force_uniform_keys=0,i_x_bits=23,i_y_bits=9,i_z_bits=0,i_debug=0,uncompacted_size=118918656,final_size=83117568,update_temp_buffer_size=0,convert_time_ms=0.33926400542259216309,build_time_ms=2.9368000030517578125,convert_build_time_ms=3.2760640084743499756,convert_build_compact_time_ms=3.4992960095405578613,compact_time_ms=0.22323200106620788574,update_time_ms=0,convert_and_update_time_ms=0,sort_time_ms=0,total_probe_time_ms=14.602527904510498757
i_primitive=triangle,i_key_mode=safe,i_build_mode=b_sfl,i_probe_mode=p_sfl,i_update_type=global,i_num_build_keys_log=21,i_key_offset=0,i_key_stride_log=0,i_key_replication_log=0,i_reserve_keys_for_misses=0,i_num_updates_log=0,i_local_update_batch_size_log=1,i_num_probe_keys_log=27,i_miss_percentage=0,i_out_of_range_percentage=0,i_range_query_hit_count_log=0,i_exponent_bias=-10,i_force_single_anyhit=1,i_perpendicular_rays=1,i_start_ray_at_zero=1,i_compaction=1,i_large_keys=0,i_closest_hit=0,i_skip_probing=0,i_num_rays_per_thread_log=0,i_force_uniform_keys=0,i_x_bits=23,i_y_bits=9,i_z_bits=0,i_debug=0,uncompacted_size=118918656,final_size=83116672,update_temp_buffer_size=0,convert_time_ms=0.38396799564361572266,build_time_ms=2.9091839790344238281,convert_build_time_ms=3.2931519746780395508,convert_build_compact_time_ms=3.5174079686403274536,compact_time_ms=0.22425599396228790283,update_time_ms=0,convert_and_update_time_ms=0,sort_time_ms=0,total_probe_time_ms=14.232579326629638317
i_primitive=triangle,i_key_mode=safe,i_build_mode=b_sfl,i_probe_mode=p_sfl,i_update_type=global,i_num_build_keys_log=21,i_key_offset=0,i_key_stride_log=0,i_key_replication_log=0,i_reserve_keys_for_misses=0,i_num_updates_log=0,i_local_update_batch_size_log=1,i_num_probe_keys_log=27,i_miss_percentage=0,i_out_of_range_percentage=0,i_range_query_hit_count_log=0,i_exponent_bias=0,i_force_single_anyhit=1,i_perpendicular_rays=1,i_start_ray_at_zero=1,i_compaction=1,i_large_keys=0,i_closest_hit=0,i_skip_probing=0,i_num_rays_per_thread_log=0,i_force_uniform_keys=0,i_x_bits=23,i_y_bits=9,i_z_bits=0,i_debug=0,uncompacted_size=118918656,final_size=83117184,update_temp_buffer_size=0,convert_time_ms=0.33251199126243591309,build_time_ms=2.9020159244537353516,convert_build_time_ms=3.2345279157161712646,convert_build_compact_time_ms=3.4598079174757003784,compact_time_ms=0.22528000175952911377,update_time_ms=0,convert_and_update_time_ms=0,sort_time_ms=0,total_probe_time_ms=14.685772800445556996
i_primitive=triangle,i_key_mode=safe,i_build_mode=b_sfl,i_probe_mode=p_sfl,i_update_type=global,i_num_build_keys_log=21,i_key_offset=0,i_key_stride_log=0,i_key_replication_log=0,i_reserve_keys_for_misses=0,i_num_updates_log=0,i_local_update_batch_size_log=1,i_num_probe_keys_log=27,i_miss_percentage=0,i_out_of_range_percentage=0,i_range_query_hit_count_log=0,i_exponent_bias=10,i_force_single_anyhit=1,i_perpendicular_rays=1,i_start_ray_at_zero=1,i_compaction=1,i_large_keys=0,i_closest_hit=0,i_skip_probing=0,i_num_rays_per_thread_log=0,i_force_uniform_keys=0,i_x_bits=23,i_y_bits=9,i_z_bits=0,i_debug=0,uncompacted_size=118918656,final_size=83473024,update_temp_buffer_size=0,convert_time_ms=0.34374400973320007324,build_time_ms=2.9306879043579101562,convert_build_time_ms=3.2744319140911102295,convert_build_compact_time_ms=3.4976639151573181152,compact_time_ms=0.22323200106620788574,update_time_ms=0,convert_and_update_time_ms=0,sort_time_ms=0,total_probe_time_ms=14.713945674896240945
i_primitive=triangle,i_key_mode=safe,i_build_mode=b_sfl,i_probe_mode=p_sfl,i_update_type=global,i_num_build_keys_log=21,i_key_offset=0,i_key_stride_log=0,i_key_replication_log=0,i_reserve_keys_for_misses=0,i_num_updates_log=0,i_local_update_batch_size_log=1,i_num_probe_keys_log=27,i_miss_percentage=0,i_out_of_range_percentage=0,i_range_query_hit_count_log=0,i_exponent_bias=20,i_force_single_anyhit=1,i_perpendicular_rays=1,i_start_ray_at_zero=1,i_compaction=1,i_large_keys=0,i_closest_hit=0,i_skip_probing=0,i_num_rays_per_thread_log=0,i_force_uniform_keys=0,i_x_bits=23,i_y_bits=9,i_z_bits=0,i_debug=0,uncompacted_size=118918656,final_size=83471616,update_temp_buffer_size=0,convert_time_ms=0.37715199589729309082,build_time_ms=2.9161601066589355469,convert_build_time_ms=3.2933121025562286377,convert_build_compact_time_ms=3.5185921043157577515,compact_time_ms=0.22528000175952911377,update_time_ms=0,convert_and_update_time_ms=0,sort_time_ms=0,total_probe_time_ms=14.102348899841308238
i_primitive=triangle,i_key_mode=excl,i_build_mode=b_sfl,i_probe_mode=p_sfl,i_update_type=global,i_num_build_keys_log=21,i_key_offset=0,i_key_stride_log=0,i_key_replication_log=0,i_reserve_keys_for_misses=0,i_num_updates_log=0,i_local_update_batch_size_log=1,i_num_probe_keys_log=27,i_miss_percentage=0,i_out_of_range_percentage=0,i_range_query_hit_count_log=0,i_exponent_bias=-20,i_force_single_anyhit=1,i_perpendicular_rays=1,i_start_ray_at_zero=1,i_compaction=1,i_large_keys=0,i_closest_hit=0,i_skip_probing=0,i_num_rays_per_thread_log=0,i_force_uniform_keys=0,i_x_bits=23,i_y_bits=9,i_z_bits=0,i_debug=0,uncompacted_size=118918656,final_size=83159040,update_temp_buffer_size=0,convert_time_ms=0.3422400057315826416,build_time_ms=3.6300799846649169922,convert_build_time_ms=3.9723199903964996338,convert_build_compact_time_ms=4.1945279836654663086,compact_time_ms=0.2222079932689666748,update_time_ms=0,convert_and_update_time_ms=0,sort_time_ms=0,total_probe_time_ms=16.357801818847654829
i_primitive=triangle,i_key_mode=excl,i_build_mode=b_sfl,i_probe_mode=p_sfl,i_update_type=global,i_num_build_keys_log=21,i_key_offset=0,i_key_stride_log=0,i_key_replication_log=0,i_reserve_keys_for_misses=0,i_num_updates_log=0,i_local_update_batch_size_log=1,i_num_probe_keys_log=27,i_miss_percentage=0,i_out_of_range_percentage=0,i_range_query_hit_count_log=0,i_exponent_bias=-10,i_force_single_anyhit=1,i_perpendicular_rays=1,i_start_ray_at_zero=1,i_compaction=1,i_large_keys=0,i_closest_hit=0,i_skip_probing=0,i_num_rays_per_thread_log=0,i_force_uniform_keys=0,i_x_bits=23,i_y_bits=9,i_z_bits=0,i_debug=0,uncompacted_size=118918656,final_size=83157632,update_temp_buffer_size=0,convert_time_ms=0.33267199993133544922,build_time_ms=3.6392960548400878906,convert_build_time_ms=3.9719680547714233398,convert_build_compact_time_ms=4.1921280473470687866,compact_time_ms=0.22015999257564544678,update_time_ms=0,convert_and_update_time_ms=0,sort_time_ms=0,total_probe_time_ms=16.981673622131346235
i_primitive=triangle,i_key_mode=excl,i_build_mode=b_sfl,i_probe_mode=p_sfl,i_update_type=global,i_num_build_keys_log=21,i_key_offset=0,i_key_stride_log=0,i_key_replication_log=0,i_reserve_keys_for_misses=0,i_num_updates_log=0,i_local_update_batch_size_log=1,i_num_probe_keys_log=27,i_miss_percentage=0,i_out_of_range_percentage=0,i_range_query_hit_count_log=0,i_exponent_bias=0,i_force_single_anyhit=1,i_perpendicular_rays=1,i_start_ray_at_zero=1,i_compaction=1,i_large_keys=0,i_closest_hit=0,i_skip_probing=0,i_num_rays_per_thread_log=0,i_force_uniform_keys=0,i_x_bits=23,i_y_bits=9,i_z_bits=0,i_debug=0,uncompacted_size=118918656,final_size=83518464,update_temp_buffer_size=0,convert_time_ms=0.33983999490737915039,build_time_ms=3.6423358917236328125,convert_build_time_ms=3.9821758866310119629,convert_build_compact_time_ms=4.2062718868255615234,compact_time_ms=0.22409600019454956055,update_time_ms=0,convert_and_update_time_ms=0,sort_time_ms=0,total_probe_time_ms=16.570355224609375711
i_primitive=triangle,i_key_mode=excl,i_build_mode=b_sfl,i_probe_mode=p_sfl,i_update_type=global,i_num_build_keys_log=21,i_key_offset=0,i_key_stride_log=0,i_key_replication_log=0,i_reserve_keys_for_misses=0,i_num_updates_log=0,i_local_update_batch_size_log=1,i_num_probe_keys_log=27,i_miss_percentage=0,i_out_of_range_percentage=0,i_range_query_hit_count_log=0,i_exponent_bias=10,i_force_single_anyhit=1,i_perpendicular_rays=1,i_start_ray_at_zero=1,i_compaction=1,i_large_keys=0,i_closest_hit=0,i_skip_probing=0,i_num_rays_per_thread_log=0,i_force_uniform_keys=0,i_x_bits=23,i_y_bits=9,i_z_bits=0,i_debug=0,uncompacted_size=118918656,final_size=83496192,update_temp_buffer_size=0,convert_time_ms=0.34486401081085205078,build_time_ms=3.6225919723510742188,convert_build_time_ms=3.9674559831619262695,convert_build_compact_time_ms=4.17737598717212677,compact_time_ms=0.20992000401020050049,update_time_ms=0,convert_and_update_time_ms=0,sort_time_ms=0,total_probe_time_ms=16.485884666442871094
i_primitive=triangle,i_key_mode=excl,i_build_mode=b_sfl,i_probe_mode=p_sfl,i_update_type=global,i_num_build_keys_log=21,i_key_offset=0,i_key_stride_log=0,i_key_replication_log=0,i_reserve_keys_for_misses=0,i_num_updates_log=0,i_local_update_batch_size_log=1,i_num_probe_keys_log=27,i_miss_percentage=0,i_out_of_range_percentage=0,i_range_query_hit_count_log=0,i_exponent_bias=20,i_force_single_anyhit=1,i_perpendicular_rays=1,i_start_ray_at_zero=1,i_compaction=1,i_large_keys=0,i_closest_hit=0,i_skip_probing=0,i_num_rays_per_thread_log=0,i_force_uniform_keys=0,i_x_bits=23,i_y_bits=9,i_z_bits=0,i_debug=0,uncompacted_size=118918656,final_size=83511680,update_temp_buffer_size=0,convert_time_ms=0.36073601245880126953,build_time_ms=3.4590079784393310547,convert_build_time_ms=3.8197439908981323242,convert_build_compact_time_ms=4.0417919903993606567,compact_time_ms=0.22204799950122833252,update_time_ms=0,convert_and_update_time_ms=0,sort_time_ms=0,total_probe_time_ms=15.698713684082031605
i_primitive=triangle,i_key_mode=ext,i_build_mode=b_sfl,i_probe_mode=p_sfl,i_update_type=global,i_num_build_keys_log=21,i_key_offset=0,i_key_stride_log=0,i_key_replication_log=0,i_reserve_keys_for_misses=0,i_num_updates_log=0,i_local_update_batch_size_log=1,i_num_probe_keys_log=27,i_miss_percentage=0,i_out_of_range_percentage=0,i_range_query_hit_count_log=0,i_exponent_bias=-20,i_force_single_anyhit=1,i_perpendicular_rays=1,i_start_ray_at_zero=1,i_compaction=1,i_large_keys=0,i_closest_hit=0,i_skip_probing=0,i_num_rays_per_thread_log=0,i_force_uniform_keys=0,i_x_bits=23,i_y_bits=9,i_z_bits=0,i_debug=0,uncompacted_size=118918656,final_size=83769344,update_temp_buffer_size=0,convert_time_ms=0.34652799367904663086,build_time_ms=2.9143040180206298828,convert_build_time_ms=3.2608320116996765137,convert_build_compact_time_ms=3.4709440171718597412,compact_time_ms=0.21011200547218322754,update_time_ms=0,convert_and_update_time_ms=0,sort_time_ms=0,total_probe_time_ms=15.89740152359008718
i_primitive=triangle,i_key_mode=ext,i_build_mode=b_sfl,i_probe_mode=p_sfl,i_update_type=global,i_num_build_keys_log=21,i_key_offset=0,i_key_stride_log=0,i_key_replication_log=0,i_reserve_keys_for_misses=0,i_num_updates_log=0,i_local_update_batch_size_log=1,i_num_probe_keys_log=27,i_miss_percentage=0,i_out_of_range_percentage=0,i_range_query_hit_count_log=0,i_exponent_bias=-10,i_force_single_anyhit=1,i_perpendicular_rays=1,i_start_ray_at_zero=1,i_compaction=1,i_large_keys=0,i_closest_hit=0,i_skip_probing=0,i_num_rays_per_thread_log=0,i_force_uniform_keys=0,i_x_bits=23,i_y_bits=9,i_z_bits=0,i_debug=0,uncompacted_size=118918656,final_size=83775232,update_temp_buffer_size=0,convert_time_ms=0.32825601100921630859,build_time_ms=2.9072639942169189453,convert_build_time_ms=3.2355200052261352539,convert_build_compact_time_ms=3.4607679992914199829,compact_time_ms=0.225247994065284729,update_time_ms=0,convert_and_update_time_ms=0,sort_time_ms=0,total_probe_time_ms=16.083056068420411577
i_primitive=triangle,i_key_mode=ext,i_build_mode=b_sfl,i_probe_mode=p_sfl,i_update_type=global,i_num_build_keys_log=21,i_key_offset=0,i_key_stride_log=0,i_key_replication_log=0,i_reserve_keys_for_misses=0,i_num_updates_log=0,i_local_update_batch_size_log=1,i_num_probe_keys_log=27,i_miss_percentage=0,i_out_of_range_percentage=0,i_range_query_hit_count_log=0,i_exponent_bias=0,i_force_single_anyhit=1,i_perpendicular_rays=1,i_start_ray_at_zero=1,i_compaction=1,i_large_keys=0,i_closest_hit=0,i_skip_probing=0,i_num_rays_per_thread_log=0,i_force_uniform_keys=0,i_x_bits=23,i_y_bits=9,i_z_bits=0,i_debug=0,uncompacted_size=118918656,final_size=83769472,update_temp_buffer_size=0,convert_time_ms=0.34569600224494934082,build_time_ms=2.9109759330749511719,convert_build_time_ms=3.2566719353199005127,convert_build_compact_time_ms=3.4799039363861083984,compact_time_ms=0.22323200106620788574,update_time_ms=0,convert_and_update_time_ms=0,sort_time_ms=0,total_probe_time_ms=15.622438240051270242
i_primitive=triangle,i_key_mode=ext,i_build_mode=b_sfl,i_probe_mode=p_sfl,i_update_type=global,i_num_build_keys_log=21,i_key_offset=0,i_key_stride_log=0,i_key_replication_log=0,i_reserve_keys_for_misses=0,i_num_updates_log=0,i_local_update_batch_size_log=1,i_num_probe_keys_log=27,i_miss_percentage=0,i_out_of_range_percentage=0,i_range_query_hit_count_log=0,i_exponent_bias=10,i_force_single_anyhit=1,i_perpendicular_rays=1,i_start_ray_at_zero=1,i_compaction=1,i_large_keys=0,i_closest_hit=0,i_skip_probing=0,i_num_rays_per_thread_log=0,i_force_uniform_keys=0,i_x_bits=23,i_y_bits=9,i_z_bits=0,i_debug=0,uncompacted_size=118918656,final_size=83798784,update_temp_buffer_size=0,convert_time_ms=0.31811198592185974121,build_time_ms=2.9022719860076904297,convert_build_time_ms=3.2203839719295501709,convert_build_compact_time_ms=3.4443519711494445801,compact_time_ms=0.22396799921989440918,update_time_ms=0,convert_and_update_time_ms=0,sort_time_ms=0,total_probe_time_ms=16.067996597290040484
i_primitive=triangle,i_key_mode=ext,i_build_mode=b_sfl,i_probe_mode=p_sfl,i_update_type=global,i_num_build_keys_log=21,i_key_offset=0,i_key_stride_log=0,i_key_replication_log=0,i_reserve_keys_for_misses=0,i_num_updates_log=0,i_local_update_batch_size_log=1,i_num_probe_keys_log=27,i_miss_percentage=0,i_out_of_range_percentage=0,i_range_query_hit_count_log=0,i_exponent_bias=20,i_force_single_anyhit=1,i_perpendicular_rays=1,i_start_ray_at_zero=1,i_compaction=1,i_large_keys=0,i_closest_hit=0,i_skip_probing=0,i_num_rays_per_thread_log=0,i_force_uniform_keys=0,i_x_bits=23,i_y_bits=9,i_z_bits=0,i_debug=0,uncompacted_size=118918656,final_size=83769216,update_temp_buffer_size=0,convert_time_ms=0.31679999828338623047,build_time_ms=2.9071359634399414062,convert_build_time_ms=3.2239359617233276367,convert_build_compact_time_ms=3.4512639641761779785,compact_time_ms=0.2273280024528503418,update_time_ms=0,convert_and_update_time_ms=0,sort_time_ms=0,total_probe_time_ms=15.858675193786620383
i_primitive=triangle,i_key_mode=3d,i_build_mode=b_sfl,i_probe_mode=p_sfl,i_update_type=global,i_num_build_keys_log=21,i_key_offset=0,i_key_stride_log=0,i_key_replication_log=0,i_reserve_keys_for_misses=0,i_num_updates_log=0,i_local_update_batch_size_log=1,i_num_probe_keys_log=27,i_miss_percentage=0,i_out_of_range_percentage=0,i_range_query_hit_count_log=0,i_exponent_bias=-20,i_force_single_anyhit=1,i_perpendicular_rays=1,i_start_ray_at_zero=1,i_compaction=1,i_large_keys=0,i_closest_hit=0,i_skip_probing=0,i_num_rays_per_thread_log=0,i_force_uniform_keys=0,i_x_bits=23,i_y_bits=9,i_z_bits=0,i_debug=0,uncompacted_size=118918656,final_size=83117440,update_temp_buffer_size=0,convert_time_ms=0.32451200485229492188,build_time_ms=2.9490559101104736328,convert_build_time_ms=3.2735679149627685547,convert_build_compact_time_ms=3.4967999160289764404,compact_time_ms=0.22323200106620788574,update_time_ms=0,convert_and_update_time_ms=0,sort_time_ms=0,total_probe_time_ms=14.913494300842284446
i_primitive=triangle,i_key_mode=3d,i_build_mode=b_sfl,i_probe_mode=p_sfl,i_update_type=global,i_num_build_keys_log=21,i_key_offset=0,i_key_stride_log=0,i_key_replication_log=0,i_reserve_keys_for_misses=0,i_num_updates_log=0,i_local_update_batch_size_log=1,i_num_probe_keys_log=27,i_miss_percentage=0,i_out_of_range_percentage=0,i_range_query_hit_count_log=0,i_exponent_bias=-10,i_force_single_anyhit=1,i_perpendicular_rays=1,i_start_ray_at_zero=1,i_compaction=1,i_large_keys=0,i_closest_hit=0,i_skip_probing=0,i_num_rays_per_thread_log=0,i_force_uniform_keys=0,i_x_bits=23,i_y_bits=9,i_z_bits=0,i_debug=0,uncompacted_size=118918656,final_size=83116160,update_temp_buffer_size=0,convert_time_ms=0.33427199721336364746,build_time_ms=2.9327359199523925781,convert_build_time_ms=3.2670079171657562256,convert_build_compact_time_ms=3.4943359196186065674,compact_time_ms=0.2273280024528503418,update_time_ms=0,convert_and_update_time_ms=0,sort_time_ms=0,total_probe_time_ms=14.192665576934814453
i_primitive=triangle,i_key_mode=3d,i_build_mode=b_sfl,i_probe_mode=p_sfl,i_update_type=global,i_num_build_keys_log=21,i_key_offset=0,i_key_stride_log=0,i_key_replication_log=0,i_reserve_keys_for_misses=0,i_num_updates_log=0,i_local_update_batch_size_log=1,i_num_probe_keys_log=27,i_miss_percentage=0,i_out_of_range_percentage=0,i_range_query_hit_count_log=0,i_exponent_bias=0,i_force_single_anyhit=1,i_perpendicular_rays=1,i_start_ray_at_zero=1,i_compaction=1,i_large_keys=0,i_closest_hit=0,i_skip_probing=0,i_num_rays_per_thread_log=0,i_force_uniform_keys=0,i_x_bits=23,i_y_bits=9,i_z_bits=0,i_debug=0,uncompacted_size=118918656,final_size=83122688,update_temp_buffer_size=0,convert_time_ms=0.37599998712539672852,build_time_ms=2.9071359634399414062,convert_build_time_ms=3.2831359505653381348,convert_build_compact_time_ms=3.5034879446029663086,compact_time_ms=0.22035199403762817383,update_time_ms=0,convert_and_update_time_ms=0,sort_time_ms=0,total_probe_time_ms=14.43674240112304652
i_primitive=triangle,i_key_mode=3d,i_build_mode=b_sfl,i_probe_mode=p_sfl,i_update_type=global,i_num_build_keys_log=21,i_key_offset=0,i_key_stride_log=0,i_key_replication_log=0,i_reserve_keys_for_misses=0,i_num_updates_log=0,i_local_update_batch_size_log=1,i_num_probe_keys_log=27,i_miss_percentage=0,i_out_of_range_percentage=0,i_range_query_hit_count_log=0,i_exponent_bias=10,i_force_single_anyhit=1,i_perpendicular_rays=1,i_start_ray_at_zero=1,i_compaction=1,i_large_keys=0,i_closest_hit=0,i_skip_probing=0,i_num_rays_per_thread_log=0,i_force_uniform_keys=0,i_x_bits=23,i_y_bits=9,i_z_bits=0,i_debug=0,uncompacted_size=118918656,final_size=83471744,update_temp_buffer_size=0,convert_time_ms=0.33318400382995605469,build_time_ms=2.9337599277496337891,convert_build_time_ms=3.2669439315795898438,convert_build_compact_time_ms=3.4911999255418777466,compact_time_ms=0.22425599396228790283,update_time_ms=0,convert_and_update_time_ms=0,sort_time_ms=0,total_probe_time_ms=14.565980815887451527
i_primitive=triangle,i_key_mode=3d,i_build_mode=b_sfl,i_probe_mode=p_sfl,i_update_type=global,i_num_build_keys_log=21,i_key_offset=0,i_key_stride_log=0,i_key_replication_log=0,i_reserve_keys_for_misses=0,i_num_updates_log=0,i_local_update_batch_size_log=1,i_num_probe_keys_log=27,i_miss_percentage=0,i_out_of_range_percentage=0,i_range_query_hit_count_log=0,i_exponent_bias=20,i_force_single_anyhit=1,i_perpendicular_rays=1,i_start_ray_at_zero=1,i_compaction=1,i_large_keys=0,i_closest_hit=0,i_skip_probing=0,i_num_rays_per_thread_log=0,i_force_uniform_keys=0,i_x_bits=23,i_y_bits=9,i_z_bits=0,i_debug=0,uncompacted_size=118918656,final_size=83480576,update_temp_buffer_size=0,convert_time_ms=0.33350399136543273926,build_time_ms=2.9264318943023681641,convert_build_time_ms=3.2599358856678009033,convert_build_compact_time_ms=3.4841918796300888062,compact_time_ms=0.22425599396228790283,update_time_ms=0,convert_and_update_time_ms=0,sort_time_ms=0,total_probe_time_ms=14.52418889999389684
i_primitive=triangle,i_key_mode=safe,i_build_mode=b_sfl,i_probe_mode=p_sfl,i_update_type=global,i_num_build_keys_log=22,i_key_offset=0,i_key_stride_log=0,i_key_replication_log=0,i_reserve_keys_for_misses=0,i_num_updates_log=0,i_local_update_batch_size_log=1,i_num_probe_keys_log=27,i_miss_percentage=0,i_out_of_range_percentage=0,i_range_query_hit_count_log=0,i_exponent_bias=-20,i_force_single_anyhit=1,i_perpendicular_rays=1,i_start_ray_at_zero=1,i_compaction=1,i_large_keys=0,i_closest_hit=0,i_skip_probing=0,i_num_rays_per_thread_log=0,i_force_uniform_keys=0,i_x_bits=23,i_y_bits=9,i_z_bits=0,i_debug=0,uncompacted_size=237834624,final_size=165495680,update_temp_buffer_size=0,convert_time_ms=0.64284801483154296875,build_time_ms=6.3262720108032226562,convert_build_time_ms=6.969120025634765625,convert_build_compact_time_ms=7.4043200314044952393,compact_time_ms=0.43520000576972961426,update_time_ms=0,convert_and_update_time_ms=0,sort_time_ms=0,total_probe_time_ms=24.315388679504394531
i_primitive=triangle,i_key_mode=safe,i_build_mode=b_sfl,i_probe_mode=p_sfl,i_update_type=global,i_num_build_keys_log=22,i_key_offset=0,i_key_stride_log=0,i_key_replication_log=0,i_reserve_keys_for_misses=0,i_num_updates_log=0,i_local_update_batch_size_log=1,i_num_probe_keys_log=27,i_miss_percentage=0,i_out_of_range_percentage=0,i_range_query_hit_count_log=0,i_exponent_bias=-10,i_force_single_anyhit=1,i_perpendicular_rays=1,i_start_ray_at_zero=1,i_compaction=1,i_large_keys=0,i_closest_hit=0,i_skip_probing=0,i_num_rays_per_thread_log=0,i_force_uniform_keys=0,i_x_bits=23,i_y_bits=9,i_z_bits=0,i_debug=0,uncompacted_size=237834624,final_size=165362432,update_temp_buffer_size=0,convert_time_ms=0.65615999698638916016,build_time_ms=6.3244800567626953125,convert_build_time_ms=6.9806400537490844727,convert_build_compact_time_ms=7.4158400595188140869,compact_time_ms=0.43520000576972961426,update_time_ms=0,convert_and_update_time_ms=0,sort_time_ms=0,total_probe_time_ms=24.307817459106445312
i_primitive=triangle,i_key_mode=safe,i_build_mode=b_sfl,i_probe_mode=p_sfl,i_update_type=global,i_num_build_keys_log=22,i_key_offset=0,i_key_stride_log=0,i_key_replication_log=0,i_reserve_keys_for_misses=0,i_num_updates_log=0,i_local_update_batch_size_log=1,i_num_probe_keys_log=27,i_miss_percentage=0,i_out_of_range_percentage=0,i_range_query_hit_count_log=0,i_exponent_bias=0,i_force_single_anyhit=1,i_perpendicular_rays=1,i_start_ray_at_zero=1,i_compaction=1,i_large_keys=0,i_closest_hit=0,i_skip_probing=0,i_num_rays_per_thread_log=0,i_force_uniform_keys=0,i_x_bits=23,i_y_bits=9,i_z_bits=0,i_debug=0,uncompacted_size=237834624,final_size=165357568,update_temp_buffer_size=0,convert_time_ms=0.65190398693084716797,build_time_ms=6.2912640571594238281,convert_build_time_ms=6.9431680440902709961,convert_build_compact_time_ms=7.3783360421657562256,compact_time_ms=0.43516799807548522949,update_time_ms=0,convert_and_update_time_ms=0,sort_time_ms=0,total_probe_time_ms=24.31466236114501811
i_primitive=triangle,i_key_mode=safe,i_build_mode=b_sfl,i_probe_mode=p_sfl,i_update_type=global,i_num_build_keys_log=22,i_key_offset=0,i_key_stride_log=0,i_key_replication_log=0,i_reserve_keys_for_misses=0,i_num_updates_log=0,i_local_update_batch_size_log=1,i_num_probe_keys_log=27,i_miss_percentage=0,i_out_of_range_percentage=0,i_range_query_hit_count_log=0,i_exponent_bias=10,i_force_single_anyhit=1,i_perpendicular_rays=1,i_start_ray_at_zero=1,i_compaction=1,i_large_keys=0,i_closest_hit=0,i_skip_probing=0,i_num_rays_per_thread_log=0,i_force_uniform_keys=0,i_x_bits=23,i_y_bits=9,i_z_bits=0,i_debug=0,uncompacted_size=237834624,final_size=165892992,update_temp_buffer_size=0,convert_time_ms=0.65343999862670898438,build_time_ms=6.3301119804382324219,convert_build_time_ms=6.9835519790649414062,convert_build_compact_time_ms=7.417631983757019043,compact_time_ms=0.43408000469207763672,update_time_ms=0,convert_and_update_time_ms=0,sort_time_ms=0,total_probe_time_ms=24.358185577392578836
i_primitive=triangle,i_key_mode=safe,i_build_mode=b_sfl,i_probe_mode=p_sfl,i_update_type=global,i_num_build_keys_log=22,i_key_offset=0,i_key_stride_log=0,i_key_replication_log=0,i_reserve_keys_for_misses=0,i_num_updates_log=0,i_local_update_batch_size_log=1,i_num_probe_keys_log=27,i_miss_percentage=0,i_out_of_range_percentage=0,i_range_query_hit_count_log=0,i_exponent_bias=20,i_force_single_anyhit=1,i_perpendicular_rays=1,i_start_ray_at_zero=1,i_compaction=1,i_large_keys=0,i_closest_hit=0,i_skip_probing=0,i_num_rays_per_thread_log=0,i_force_uniform_keys=0,i_x_bits=23,i_y_bits=9,i_z_bits=0,i_debug=0,uncompacted_size=237834624,final_size=165833088,update_temp_buffer_size=0,convert_time_ms=0.64079999923706054688,build_time_ms=6.3118081092834472656,convert_build_time_ms=6.9526081085205078125,convert_build_compact_time_ms=7.3839361071586608887,compact_time_ms=0.43132799863815307617,update_time_ms=0,convert_and_update_time_ms=0,sort_time_ms=0,total_probe_time_ms=24.364601707458497515
i_primitive=triangle,i_key_mode=excl,i_build_mode=b_sfl,i_probe_mode=p_sfl,i_update_type=global,i_num_build_keys_log=22,i_key_offset=0,i_key_stride_log=0,i_key_replication_log=0,i_reserve_keys_for_misses=0,i_num_updates_log=0,i_local_update_batch_size_log=1,i_num_probe_keys_log=27,i_miss_percentage=0,i_out_of_range_percentage=0,i_range_query_hit_count_log=0,i_exponent_bias=-20,i_force_single_anyhit=1,i_perpendicular_rays=1,i_start_ray_at_zero=1,i_compaction=1,i_large_keys=0,i_closest_hit=0,i_skip_probing=0,i_num_rays_per_thread_log=0,i_force_uniform_keys=0,i_x_bits=23,i_y_bits=9,i_z_bits=0,i_debug=0,uncompacted_size=237834624,final_size=164894976,update_temp_buffer_size=0,convert_time_ms=0.65590399503707885742,build_time_ms=6.4512319564819335938,convert_build_time_ms=7.1071359515190124512,convert_build_compact_time_ms=7.5392639636993408203,compact_time_ms=0.43212801218032836914,update_time_ms=0,convert_and_update_time_ms=0,sort_time_ms=0,total_probe_time_ms=32.948221206665039062
i_primitive=triangle,i_key_mode=excl,i_build_mode=b_sfl,i_probe_mode=p_sfl,i_update_type=global,i_num_build_keys_log=22,i_key_offset=0,i_key_stride_log=0,i_key_replication_log=0,i_reserve_keys_for_misses=0,i_num_updates_log=0,i_local_update_batch_size_log=1,i_num_probe_keys_log=27,i_miss_percentage=0,i_out_of_range_percentage=0,i_range_query_hit_count_log=0,i_exponent_bias=-10,i_force_single_anyhit=1,i_perpendicular_rays=1,i_start_ray_at_zero=1,i_compaction=1,i_large_keys=0,i_closest_hit=0,i_skip_probing=0,i_num_rays_per_thread_log=0,i_force_uniform_keys=0,i_x_bits=23,i_y_bits=9,i_z_bits=0,i_debug=0,uncompacted_size=237834624,final_size=165964800,update_temp_buffer_size=0,convert_time_ms=0.64470398426055908203,build_time_ms=6.4563198089599609375,convert_build_time_ms=7.1010237932205200195,convert_build_compact_time_ms=7.5351997911930084229,compact_time_ms=0.43417599797248840332,update_time_ms=0,convert_and_update_time_ms=0,sort_time_ms=0,total_probe_time_ms=33.134502410888671875
i_primitive=triangle,i_key_mode=excl,i_build_mode=b_sfl,i_probe_mode=p_sfl,i_update_type=global,i_num_build_keys_log=22,i_key_offset=0,i_key_stride_log=0,i_key_replication_log=0,i_reserve_keys_for_misses=0,i_num_updates_log=0,i_local_update_batch_size_log=1,i_num_probe_keys_log=27,i_miss_percentage=0,i_out_of_range_percentage=0,i_range_query_hit_count_log=0,i_exponent_bias=0,i_force_single_anyhit=1,i_perpendicular_rays=1,i_start_ray_at_zero=1,i_compaction=1,i_large_keys=0,i_closest_hit=0,i_skip_probing=0,i_num_rays_per_thread_log=0,i_force_uniform_keys=0,i_x_bits=23,i_y_bits=9,i_z_bits=0,i_debug=0,uncompacted_size=237834624,final_size=166462080,update_temp_buffer_size=0,convert_time_ms=0.65084797143936157227,build_time_ms=6.4552960395812988281,convert_build_time_ms=7.1061440110206604004,convert_build_compact_time_ms=7.5443200170993804932,compact_time_ms=0.43817600607872009277,update_time_ms=0,convert_and_update_time_ms=0,sort_time_ms=0,total_probe_time_ms=33.252102661132809658
i_primitive=triangle,i_key_mode=excl,i_build_mode=b_sfl,i_probe_mode=p_sfl,i_update_type=global,i_num_build_keys_log=22,i_key_offset=0,i_key_stride_log=0,i_key_replication_log=0,i_reserve_keys_for_misses=0,i_num_updates_log=0,i_local_update_batch_size_log=1,i_num_probe_keys_log=27,i_miss_percentage=0,i_out_of_range_percentage=0,i_range_query_hit_count_log=0,i_exponent_bias=10,i_force_single_anyhit=1,i_perpendicular_rays=1,i_start_ray_at_zero=1,i_compaction=1,i_large_keys=0,i_closest_hit=0,i_skip_probing=0,i_num_rays_per_thread_log=0,i_force_uniform_keys=0,i_x_bits=23,i_y_bits=9,i_z_bits=0,i_debug=0,uncompacted_size=237834624,final_size=166432640,update_temp_buffer_size=0,convert_time_ms=0.651103973388671875,build_time_ms=6.4624638557434082031,convert_build_time_ms=7.1135678291320800781,convert_build_compact_time_ms=7.5508158206939697266,compact_time_ms=0.43724799156188964844,update_time_ms=0,convert_and_update_time_ms=0,sort_time_ms=0,total_probe_time_ms=33.223664093017575283
i_primitive=triangle,i_key_mode=excl,i_build_mode=b_sfl,i_probe_mode=p_sfl,i_update_type=global,i_num_build_keys_log=22,i_key_offset=0,i_key_stride_log=0,i_key_replication_log=0,i_reserve_keys_for_misses=0,i_num_updates_log=0,i_local_update_batch_size_log=1,i_num_probe_keys_log=27,i_miss_percentage=0,i_out_of_range_percentage=0,i_range_query_hit_count_log=0,i_exponent_bias=20,i_force_single_anyhit=1,i_perpendicular_rays=1,i_start_ray_at_zero=1,i_compaction=1,i_large_keys=0,i_closest_hit=0,i_skip_probing=0,i_num_rays_per_thread_log=0,i_force_uniform_keys=0,i_x_bits=23,i_y_bits=9,i_z_bits=0,i_debug=0,uncompacted_size=237834624,final_size=166388096,update_temp_buffer_size=0,convert_time_ms=0.65596801042556762695,build_time_ms=6.4612798690795898438,convert_build_time_ms=7.1172478795051574707,convert_build_compact_time_ms=7.5555198788642883301,compact_time_ms=0.43827199935913085938,update_time_ms=0,convert_and_update_time_ms=0,sort_time_ms=0,total_probe_time_ms=33.23232383728027628
i_primitive=triangle,i_key_mode=ext,i_build_mode=b_sfl,i_probe_mode=p_sfl,i_update_type=global,i_num_build_keys_log=22,i_key_offset=0,i_key_stride_log=0,i_key_replication_log=0,i_reserve_keys_for_misses=0,i_num_updates_log=0,i_local_update_batch_size_log=1,i_num_probe_keys_log=27,i_miss_percentage=0,i_out_of_range_percentage=0,i_range_query_hit_count_log=0,i_exponent_bias=-20,i_force_single_anyhit=1,i_perpendicular_rays=1,i_start_ray_at_zero=1,i_compaction=1,i_large_keys=0,i_closest_hit=0,i_skip_probing=0,i_num_rays_per_thread_log=0,i_force_uniform_keys=0,i_x_bits=23,i_y_bits=9,i_z_bits=0,i_debug=0,uncompacted_size=237834624,final_size=166061568,update_temp_buffer_size=0,convert_time_ms=0.67023998498916625977,build_time_ms=6.3425917625427246094,convert_build_time_ms=7.0128317475318908691,convert_build_compact_time_ms=7.4459837377071380615,compact_time_ms=0.43315199017524719238,update_time_ms=0,convert_and_update_time_ms=0,sort_time_ms=0,total_probe_time_ms=29.048534011840821734
i_primitive=triangle,i_key_mode=ext,i_build_mode=b_sfl,i_probe_mode=p_sfl,i_update_type=global,i_num_build_keys_log=22,i_key_offset=0,i_key_stride_log=0,i_key_replication_log=0,i_reserve_keys_for_misses=0,i_num_updates_log=0,i_local_update_batch_size_log=1,i_num_probe_keys_log=27,i_miss_percentage=0,i_out_of_range_percentage=0,i_range_query_hit_count_log=0,i_exponent_bias=-10,i_force_single_anyhit=1,i_perpendicular_rays=1,i_start_ray_at_zero=1,i_compaction=1,i_large_keys=0,i_closest_hit=0,i_skip_probing=0,i_num_rays_per_thread_log=0,i_force_uniform_keys=0,i_x_bits=23,i_y_bits=9,i_z_bits=0,i_debug=0,uncompacted_size=237834624,final_size=166053632,update_temp_buffer_size=0,convert_time_ms=0.6141440272331237793,build_time_ms=6.3129601478576660156,convert_build_time_ms=6.9271041750907897949,convert_build_compact_time_ms=7.3643521666526794434,compact_time_ms=0.43724799156188964844,update_time_ms=0,convert_and_update_time_ms=0,sort_time_ms=0,total_probe_time_ms=29.076995086669921164
i_primitive=triangle,i_key_mode=ext,i_build_mode=b_sfl,i_probe_mode=p_sfl,i_update_type=global,i_num_build_keys_log=22,i_key_offset=0,i_key_stride_log=0,i_key_replication_log=0,i_reserve_keys_for_misses=0,i_num_updates_log=0,i_local_update_batch_size_log=1,i_num_probe_keys_log=27,i_miss_percentage=0,i_out_of_range_percentage=0,i_range_query_hit_count_log=0,i_exponent_bias=0,i_force_single_anyhit=1,i_perpendicular_rays=1,i_start_ray_at_zero=1,i_compaction=1,i_large_keys=0,i_closest_hit=0,i_skip_probing=0,i_num_rays_per_thread_log=0,i_force_uniform_keys=0,i_x_bits=23,i_y_bits=9,i_z_bits=0,i_debug=0,uncompacted_size=237834624,final_size=166045312,update_temp_buffer_size=0,convert_time_ms=0.64719998836517333984,build_time_ms=6.3139200210571289062,convert_build_time_ms=6.9611200094223022461,convert_build_compact_time_ms=7.3973440229892730713,compact_time_ms=0.4362240135669708252,update_time_ms=0,convert_and_update_time_ms=0,sort_time_ms=0,total_probe_time_ms=29.051487922668457031
i_primitive=triangle,i_key_mode=ext,i_build_mode=b_sfl,i_probe_mode=p_sfl,i_update_type=global,i_num_build_keys_log=22,i_key_offset=0,i_key_stride_log=0,i_key_replication_log=0,i_reserve_keys_for_misses=0,i_num_updates_log=0,i_local_update_batch_size_log=1,i_num_probe_keys_log=27,i_miss_percentage=0,i_out_of_range_percentage=0,i_range_query_hit_count_log=0,i_exponent_bias=10,i_force_single_anyhit=1,i_perpendicular_rays=1,i_start_ray_at_zero=1,i_compaction=1,i_large_keys=0,i_closest_hit=0,i_skip_probing=0,i_num_rays_per_thread_log=0,i_force_uniform_keys=0,i_x_bits=23,i_y_bits=9,i_z_bits=0,i_debug=0,uncompacted_size=237834624,final_size=166104832,update_temp_buffer_size=0,convert_time_ms=0.62572801113128662109,build_time_ms=6.3169918060302734375,convert_build_time_ms=6.9427198171615600586,convert_build_compact_time_ms=7.3787198066711425781,compact_time_ms=0.43599998950958251953,update_time_ms=0,convert_and_update_time_ms=0,sort_time_ms=0,total_probe_time_ms=29.104537582397462359
i_primitive=triangle,i_key_mode=ext,i_build_mode=b_sfl,i_probe_mode=p_sfl,i_update_type=global,i_num_build_keys_log=22,i_key_offset=0,i_key_stride_log=0,i_key_replication_log=0,i_reserve_keys_for_misses=0,i_num_updates_log=0,i_local_update_batch_size_log=1,i_num_probe_keys_log=27,i_miss_percentage=0,i_out_of_range_percentage=0,i_range_query_hit_count_log=0,i_exponent_bias=20,i_force_single_anyhit=1,i_perpendicular_rays=1,i_start_ray_at_zero=1,i_compaction=1,i_large_keys=0,i_closest_hit=0,i_skip_probing=0,i_num_rays_per_thread_log=0,i_force_uniform_keys=0,i_x_bits=23,i_y_bits=9,i_z_bits=0,i_debug=0,uncompacted_size=237834624,final_size=166140032,update_temp_buffer_size=0,convert_time_ms=0.61647999286651611328,build_time_ms=6.34172821044921875,convert_build_time_ms=6.9582082033157348633,convert_build_compact_time_ms=7.3973442018032073975,compact_time_ms=0.43913599848747253418,update_time_ms=0,convert_and_update_time_ms=0,sort_time_ms=0,total_probe_time_ms=29.069945907592774859
i_primitive=triangle,i_key_mode=3d,i_build_mode=b_sfl,i_probe_mode=p_sfl,i_update_type=global,i_num_build_keys_log=22,i_key_offset=0,i_key_stride_log=0,i_key_replication_log=0,i_reserve_keys_for_misses=0,i_num_updates_log=0,i_local_update_batch_size_log=1,i_num_probe_keys_log=27,i_miss_percentage=0,i_out_of_range_percentage=0,i_range_query_hit_count_log=0,i_exponent_bias=-20,i_force_single_anyhit=1,i_perpendicular_rays=1,i_start_ray_at_zero=1,i_compaction=1,i_large_keys=0,i_closest_hit=0,i_skip_probing=0,i_num_rays_per_thread_log=0,i_force_uniform_keys=0,i_x_bits=23,i_y_bits=9,i_z_bits=0,i_debug=0,uncompacted_size=237834624,final_size=165363456,update_temp_buffer_size=0,convert_time_ms=0.62371200323104858398,build_time_ms=6.2740478515625,convert_build_time_ms=6.897759854793548584,convert_build_compact_time_ms=7.3286718428134918213,compact_time_ms=0.4309119880199432373,update_time_ms=0,convert_and_update_time_ms=0,sort_time_ms=0,total_probe_time_ms=24.312825775146485796
i_primitive=triangle,i_key_mode=3d,i_build_mode=b_sfl,i_probe_mode=p_sfl,i_update_type=global,i_num_build_keys_log=22,i_key_offset=0,i_key_stride_log=0,i_key_replication_log=0,i_reserve_keys_for_misses=0,i_num_updates_log=0,i_local_update_batch_size_log=1,i_num_probe_keys_log=27,i_miss_percentage=0,i_out_of_range_percentage=0,i_range_query_hit_count_log=0,i_exponent_bias=-10,i_force_single_anyhit=1,i_perpendicular_rays=1,i_start_ray_at_zero=1,i_compaction=1,i_large_keys=0,i_closest_hit=0,i_skip_probing=0,i_num_rays_per_thread_log=0,i_force_uniform_keys=0,i_x_bits=23,i_y_bits=9,i_z_bits=0,i_debug=0,uncompacted_size=237834624,final_size=165507456,update_temp_buffer_size=0,convert_time_ms=0.63059198856353759766,build_time_ms=6.3313279151916503906,convert_build_time_ms=6.9619199037551879883,convert_build_compact_time_ms=7.3950718939304351807,compact_time_ms=0.43315199017524719238,update_time_ms=0,convert_and_update_time_ms=0,sort_time_ms=0,total_probe_time_ms=24.327558708190917258
i_primitive=triangle,i_key_mode=3d,i_build_mode=b_sfl,i_probe_mode=p_sfl,i_update_type=global,i_num_build_keys_log=22,i_key_offset=0,i_key_stride_log=0,i_key_replication_log=0,i_reserve_keys_for_misses=0,i_num_updates_log=0,i_local_update_batch_size_log=1,i_num_probe_keys_log=27,i_miss_percentage=0,i_out_of_range_percentage=0,i_range_query_hit_count_log=0,i_exponent_bias=0,i_force_single_anyhit=1,i_perpendicular_rays=1,i_start_ray_at_zero=1,i_compaction=1,i_large_keys=0,i_closest_hit=0,i_skip_probing=0,i_num_rays_per_thread_log=0,i_force_uniform_keys=0,i_x_bits=23,i_y_bits=9,i_z_bits=0,i_debug=0,uncompacted_size=237834624,final_size=165350528,update_temp_buffer_size=0,convert_time_ms=0.62896001338958740234,build_time_ms=6.28326416015625,convert_build_time_ms=6.9122241735458374023,convert_build_compact_time_ms=7.3453761637210845947,compact_time_ms=0.43315199017524719238,update_time_ms=0,convert_and_update_time_ms=0,sort_time_ms=0,total_probe_time_ms=24.310761642456053977
i_primitive=triangle,i_key_mode=3d,i_build_mode=b_sfl,i_probe_mode=p_sfl,i_update_type=global,i_num_build_keys_log=22,i_key_offset=0,i_key_stride_log=0,i_key_replication_log=0,i_reserve_keys_for_misses=0,i_num_updates_log=0,i_local_update_batch_size_log=1,i_num_probe_keys_log=27,i_miss_percentage=0,i_out_of_range_percentage=0,i_range_query_hit_count_log=0,i_exponent_bias=10,i_force_single_anyhit=1,i_perpendicular_rays=1,i_start_ray_at_zero=1,i_compaction=1,i_large_keys=0,i_closest_hit=0,i_skip_probing=0,i_num_rays_per_thread_log=0,i_force_uniform_keys=0,i_x_bits=23,i_y_bits=9,i_z_bits=0,i_debug=0,uncompacted_size=237834624,final_size=166023168,update_temp_buffer_size=0,convert_time_ms=0.62672001123428344727,build_time_ms=6.3029761314392089844,convert_build_time_ms=6.9296961426734924316,convert_build_compact_time_ms=7.3648961484432220459,compact_time_ms=0.43520000576972961426,update_time_ms=0,convert_and_update_time_ms=0,sort_time_ms=0,total_probe_time_ms=24.282326316833497515
i_primitive=triangle,i_key_mode=3d,i_build_mode=b_sfl,i_probe_mode=p_sfl,i_update_type=global,i_num_build_keys_log=22,i_key_offset=0,i_key_stride_log=0,i_key_replication_log=0,i_reserve_keys_for_misses=0,i_num_updates_log=0,i_local_update_batch_size_log=1,i_num_probe_keys_log=27,i_miss_percentage=0,i_out_of_range_percentage=0,i_range_query_hit_count_log=0,i_exponent_bias=20,i_force_single_anyhit=1,i_perpendicular_rays=1,i_start_ray_at_zero=1,i_compaction=1,i_large_keys=0,i_closest_hit=0,i_skip_probing=0,i_num_rays_per_thread_log=0,i_force_uniform_keys=0,i_x_bits=23,i_y_bits=9,i_z_bits=0,i_debug=0,uncompacted_size=237834624,final_size=166028416,update_temp_buffer_size=0,convert_time_ms=0.62377601861953735352,build_time_ms=6.3027200698852539062,convert_build_time_ms=6.9264960885047912598,convert_build_compact_time_ms=7.3606720864772796631,compact_time_ms=0.43417599797248840332,update_time_ms=0,convert_and_update_time_ms=0,sort_time_ms=0,total_probe_time_ms=24.282511901855468039
i_primitive=triangle,i_key_mode=safe,i_build_mode=b_sfl,i_probe_mode=p_sfl,i_update_type=global,i_num_build_keys_log=23,i_key_offset=0,i_key_stride_log=0,i_key_replication_log=0,i_reserve_keys_for_misses=0,i_num_updates_log=0,i_local_update_batch_size_log=1,i_num_probe_keys_log=27,i_miss_percentage=0,i_out_of_range_percentage=0,i_range_query_hit_count_log=0,i_exponent_bias=-20,i_force_single_anyhit=1,i_perpendicular_rays=1,i_start_ray_at_zero=1,i_compaction=1,i_large_keys=0,i_closest_hit=0,i_skip_probing=0,i_num_rays_per_thread_log=0,i_force_uniform_keys=0,i_x_bits=23,i_y_bits=9,i_z_bits=0,i_debug=0,uncompacted_size=475666304,final_size=331649792,update_temp_buffer_size=0,convert_time_ms=1.278432011604309082,build_time_ms=13.534111976623535156,convert_build_time_ms=14.812543988227844238,convert_build_compact_time_ms=15.678719997406005859,compact_time_ms=0.86617600917816162109,update_time_ms=0,convert_and_update_time_ms=0,sort_time_ms=0,total_probe_time_ms=41.175811386108399859
i_primitive=triangle,i_key_mode=safe,i_build_mode=b_sfl,i_probe_mode=p_sfl,i_update_type=global,i_num_build_keys_log=23,i_key_offset=0,i_key_stride_log=0,i_key_replication_log=0,i_reserve_keys_for_misses=0,i_num_updates_log=0,i_local_update_batch_size_log=1,i_num_probe_keys_log=27,i_miss_percentage=0,i_out_of_range_percentage=0,i_range_query_hit_count_log=0,i_exponent_bias=-10,i_force_single_anyhit=1,i_perpendicular_rays=1,i_start_ray_at_zero=1,i_compaction=1,i_large_keys=0,i_closest_hit=0,i_skip_probing=0,i_num_rays_per_thread_log=0,i_force_uniform_keys=0,i_x_bits=23,i_y_bits=9,i_z_bits=0,i_debug=0,uncompacted_size=475666304,final_size=331543296,update_temp_buffer_size=0,convert_time_ms=1.2743040323257446289,build_time_ms=13.583359718322753906,convert_build_time_ms=14.857663750648498535,convert_build_compact_time_ms=15.719871759414672852,compact_time_ms=0.86220800876617431641,update_time_ms=0,convert_and_update_time_ms=0,sort_time_ms=0,total_probe_time_ms=41.174707031250001421
i_primitive=triangle,i_key_mode=safe,i_build_mode=b_sfl,i_probe_mode=p_sfl,i_update_type=global,i_num_build_keys_log=23,i_key_offset=0,i_key_stride_log=0,i_key_replication_log=0,i_reserve_keys_for_misses=0,i_num_updates_log=0,i_local_update_batch_size_log=1,i_num_probe_keys_log=27,i_miss_percentage=0,i_out_of_range_percentage=0,i_range_query_hit_count_log=0,i_exponent_bias=0,i_force_single_anyhit=1,i_perpendicular_rays=1,i_start_ray_at_zero=1,i_compaction=1,i_large_keys=0,i_closest_hit=0,i_skip_probing=0,i_num_rays_per_thread_log=0,i_force_uniform_keys=0,i_x_bits=23,i_y_bits=9,i_z_bits=0,i_debug=0,uncompacted_size=475666304,final_size=332110080,update_temp_buffer_size=0,convert_time_ms=1.3029119968414306641,build_time_ms=13.519616127014160156,convert_build_time_ms=14.82252812385559082,convert_build_compact_time_ms=15.683712124824523926,compact_time_ms=0.86118400096893310547,update_time_ms=0,convert_and_update_time_ms=0,sort_time_ms=0,total_probe_time_ms=41.099778747558595171
i_primitive=triangle,i_key_mode=safe,i_build_mode=b_sfl,i_probe_mode=p_sfl,i_update_type=global,i_num_build_keys_log=23,i_key_offset=0,i_key_stride_log=0,i_key_replication_log=0,i_reserve_keys_for_misses=0,i_num_updates_log=0,i_local_update_batch_size_log=1,i_num_probe_keys_log=27,i_miss_percentage=0,i_out_of_range_percentage=0,i_range_query_hit_count_log=0,i_exponent_bias=10,i_force_single_anyhit=1,i_perpendicular_rays=1,i_start_ray_at_zero=1,i_compaction=1,i_large_keys=0,i_closest_hit=0,i_skip_probing=0,i_num_rays_per_thread_log=0,i_force_uniform_keys=0,i_x_bits=23,i_y_bits=9,i_z_bits=0,i_debug=0,uncompacted_size=475666304,final_size=333892096,update_temp_buffer_size=0,convert_time_ms=1.2742079496383666992,build_time_ms=13.533184051513671875,convert_build_time_ms=14.807392001152038574,convert_build_compact_time_ms=15.677792012691497803,compact_time_ms=0.87040001153945922852,update_time_ms=0,convert_and_update_time_ms=0,sort_time_ms=0,total_probe_time_ms=41.523593521118165484
i_primitive=triangle,i_key_mode=safe,i_build_mode=b_sfl,i_probe_mode=p_sfl,i_update_type=global,i_num_build_keys_log=23,i_key_offset=0,i_key_stride_log=0,i_key_replication_log=0,i_reserve_keys_for_misses=0,i_num_updates_log=0,i_local_update_batch_size_log=1,i_num_probe_keys_log=27,i_miss_percentage=0,i_out_of_range_percentage=0,i_range_query_hit_count_log=0,i_exponent_bias=20,i_force_single_anyhit=1,i_perpendicular_rays=1,i_start_ray_at_zero=1,i_compaction=1,i_large_keys=0,i_closest_hit=0,i_skip_probing=0,i_num_rays_per_thread_log=0,i_force_uniform_keys=0,i_x_bits=23,i_y_bits=9,i_z_bits=0,i_debug=0,uncompacted_size=475666304,final_size=333539712,update_temp_buffer_size=0,convert_time_ms=1.2703360319137573242,build_time_ms=13.569055557250976562,convert_build_time_ms=14.839391589164733887,convert_build_compact_time_ms=15.702431559562683105,compact_time_ms=0.86303997039794921875,update_time_ms=0,convert_and_update_time_ms=0,sort_time_ms=0,total_probe_time_ms=41.654601669311524859
i_primitive=triangle,i_key_mode=excl,i_build_mode=b_sfl,i_probe_mode=p_sfl,i_update_type=global,i_num_build_keys_log=23,i_key_offset=0,i_key_stride_log=0,i_key_replication_log=0,i_reserve_keys_for_misses=0,i_num_updates_log=0,i_local_update_batch_size_log=1,i_num_probe_keys_log=27,i_miss_percentage=0,i_out_of_range_percentage=0,i_range_query_hit_count_log=0,i_exponent_bias=-20,i_force_single_anyhit=1,i_perpendicular_rays=1,i_start_ray_at_zero=1,i_compaction=1,i_large_keys=0,i_closest_hit=0,i_skip_probing=0,i_num_rays_per_thread_log=0,i_force_uniform_keys=0,i_x_bits=23,i_y_bits=9,i_z_bits=0,i_debug=0,uncompacted_size=475666304,final_size=330713728,update_temp_buffer_size=0,convert_time_ms=1.2634559869766235352,build_time_ms=13.621248245239257812,convert_build_time_ms=14.884704232215881348,convert_build_compact_time_ms=15.747936248779296875,compact_time_ms=0.86323201656341552734,update_time_ms=0,convert_and_update_time_ms=0,sort_time_ms=0,total_probe_time_ms=50.394732666015627842
i_primitive=triangle,i_key_mode=excl,i_build_mode=b_sfl,i_probe_mode=p_sfl,i_update_type=global,i_num_build_keys_log=23,i_key_offset=0,i_key_stride_log=0,i_key_replication_log=0,i_reserve_keys_for_misses=0,i_num_updates_log=0,i_local_update_batch_size_log=1,i_num_probe_keys_log=27,i_miss_percentage=0,i_out_of_range_percentage=0,i_range_query_hit_count_log=0,i_exponent_bias=-10,i_force_single_anyhit=1,i_perpendicular_rays=1,i_start_ray_at_zero=1,i_compaction=1,i_large_keys=0,i_closest_hit=0,i_skip_probing=0,i_num_rays_per_thread_log=0,i_force_uniform_keys=0,i_x_bits=23,i_y_bits=9,i_z_bits=0,i_debug=0,uncompacted_size=475666304,final_size=330615296,update_temp_buffer_size=0,convert_time_ms=1.2731519937515258789,build_time_ms=13.628352165222167969,convert_build_time_ms=14.901504158973693848,convert_build_compact_time_ms=15.763712167739868164,compact_time_ms=0.86220800876617431641,update_time_ms=0,convert_and_update_time_ms=0,sort_time_ms=0,total_probe_time_ms=50.407881164550779829
i_primitive=triangle,i_key_mode=excl,i_build_mode=b_sfl,i_probe_mode=p_sfl,i_update_type=global,i_num_build_keys_log=23,i_key_offset=0,i_key_stride_log=0,i_key_replication_log=0,i_reserve_keys_for_misses=0,i_num_updates_log=0,i_local_update_batch_size_log=1,i_num_probe_keys_log=27,i_miss_percentage=0,i_out_of_range_percentage=0,i_range_query_hit_count_log=0,i_exponent_bias=0,i_force_single_anyhit=1,i_perpendicular_rays=1,i_start_ray_at_zero=1,i_compaction=1,i_large_keys=0,i_closest_hit=0,i_skip_probing=0,i_num_rays_per_thread_log=0,i_force_uniform_keys=0,i_x_bits=23,i_y_bits=9,i_z_bits=0,i_debug=0,uncompacted_size=475666304,final_size=333089152,update_temp_buffer_size=0,convert_time_ms=1.2750079631805419922,build_time_ms=13.602687835693359375,convert_build_time_ms=14.877695798873901367,convert_build_compact_time_ms=15.742111802101135254,compact_time_ms=0.86441600322723388672,update_time_ms=0,convert_and_update_time_ms=0,sort_time_ms=0,total_probe_time_ms=50.700786972045897016
i_primitive=triangle,i_key_mode=excl,i_build_mode=b_sfl,i_probe_mode=p_sfl,i_update_type=global,i_num_build_keys_log=23,i_key_offset=0,i_key_stride_log=0,i_key_replication_log=0,i_reserve_keys_for_misses=0,i_num_updates_log=0,i_local_update_batch_size_log=1,i_num_probe_keys_log=27,i_miss_percentage=0,i_out_of_range_percentage=0,i_range_query_hit_count_log=0,i_exponent_bias=10,i_force_single_anyhit=1,i_perpendicular_rays=1,i_start_ray_at_zero=1,i_compaction=1,i_large_keys=0,i_closest_hit=0,i_skip_probing=0,i_num_rays_per_thread_log=0,i_force_uniform_keys=0,i_x_bits=23,i_y_bits=9,i_z_bits=0,i_debug=0,uncompacted_size=475666304,final_size=333125376,update_temp_buffer_size=0,convert_time_ms=1.2743040323257446289,build_time_ms=13.642047882080078125,convert_build_time_ms=14.916351914405822754,convert_build_compact_time_ms=15.780607938766479492,compact_time_ms=0.86425602436065673828,update_time_ms=0,convert_and_update_time_ms=0,sort_time_ms=0,total_probe_time_ms=50.677849197387693891
i_primitive=triangle,i_key_mode=excl,i_build_mode=b_sfl,i_probe_mode=p_sfl,i_update_type=global,i_num_build_keys_log=23,i_key_offset=0,i_key_stride_log=0,i_key_replication_log=0,i_reserve_keys_for_misses=0,i_num_updates_log=0,i_local_update_batch_size_log=1,i_num_probe_keys_log=27,i_miss_percentage=0,i_out_of_range_percentage=0,i_range_query_hit_count_log=0,i_exponent_bias=20,i_force_single_anyhit=1,i_perpendicular_rays=1,i_start_ray_at_zero=1,i_compaction=1,i_large_keys=0,i_closest_hit=0,i_skip_probing=0,i_num_rays_per_thread_log=0,i_force_uniform_keys=0,i_x_bits=23,i_y_bits=9,i_z_bits=0,i_debug=0,uncompacted_size=475666304,final_size=333036928,update_temp_buffer_size=0,convert_time_ms=1.2717440128326416016,build_time_ms=13.603648185729980469,convert_build_time_ms=14.87539219856262207,convert_build_compact_time_ms=15.745856225490570068,compact_time_ms=0.87046402692794799805,update_time_ms=0,convert_and_update_time_ms=0,sort_time_ms=0,total_probe_time_ms=50.708044433593748579
i_primitive=triangle,i_key_mode=ext,i_build_mode=b_sfl,i_probe_mode=p_sfl,i_update_type=global,i_num_build_keys_log=23,i_key_offset=0,i_key_stride_log=0,i_key_replication_log=0,i_reserve_keys_for_misses=0,i_num_updates_log=0,i_local_update_batch_size_log=1,i_num_probe_keys_log=27,i_miss_percentage=0,i_out_of_range_percentage=0,i_range_query_hit_count_log=0,i_exponent_bias=-20,i_force_single_anyhit=1,i_perpendicular_rays=1,i_start_ray_at_zero=1,i_compaction=1,i_large_keys=0,i_closest_hit=0,i_skip_probing=0,i_num_rays_per_thread_log=0,i_force_uniform_keys=0,i_x_bits=23,i_y_bits=9,i_z_bits=0,i_debug=0,uncompacted_size=475666304,final_size=353505792,update_temp_buffer_size=0,convert_time_ms=1.2154879570007324219,build_time_ms=13.746175765991210938,convert_build_time_ms=14.961663722991943359,convert_build_compact_time_ms=15.884159743785858154,compact_time_ms=0.92249602079391479492,update_time_ms=0,convert_and_update_time_ms=0,sort_time_ms=0,total_probe_time_ms=52.655519866943357954
i_primitive=triangle,i_key_mode=ext,i_build_mode=b_sfl,i_probe_mode=p_sfl,i_update_type=global,i_num_build_keys_log=23,i_key_offset=0,i_key_stride_log=0,i_key_replication_log=0,i_reserve_keys_for_misses=0,i_num_updates_log=0,i_local_update_batch_size_log=1,i_num_probe_keys_log=27,i_miss_percentage=0,i_out_of_range_percentage=0,i_range_query_hit_count_log=0,i_exponent_bias=-10,i_force_single_anyhit=1,i_perpendicular_rays=1,i_start_ray_at_zero=1,i_compaction=1,i_large_keys=0,i_closest_hit=0,i_skip_probing=0,i_num_rays_per_thread_log=0,i_force_uniform_keys=0,i_x_bits=23,i_y_bits=9,i_z_bits=0,i_debug=0,uncompacted_size=475666304,final_size=353581952,update_temp_buffer_size=0,convert_time_ms=1.2170239686965942383,build_time_ms=13.769727706909179688,convert_build_time_ms=14.986751675605773926,convert_build_compact_time_ms=15.903391659259796143,compact_time_ms=0.9166399836540222168,update_time_ms=0,convert_and_update_time_ms=0,sort_time_ms=0,total_probe_time_ms=52.639411544799806109
i_primitive=triangle,i_key_mode=ext,i_build_mode=b_sfl,i_probe_mode=p_sfl,i_update_type=global,i_num_build_keys_log=23,i_key_offset=0,i_key_stride_log=0,i_key_replication_log=0,i_reserve_keys_for_misses=0,i_num_updates_log=0,i_local_update_batch_size_log=1,i_num_probe_keys_log=27,i_miss_percentage=0,i_out_of_range_percentage=0,i_range_query_hit_count_log=0,i_exponent_bias=0,i_force_single_anyhit=1,i_perpendicular_rays=1,i_start_ray_at_zero=1,i_compaction=1,i_large_keys=0,i_closest_hit=0,i_skip_probing=0,i_num_rays_per_thread_log=0,i_force_uniform_keys=0,i_x_bits=23,i_y_bits=9,i_z_bits=0,i_debug=0,uncompacted_size=475666304,final_size=353595776,update_temp_buffer_size=0,convert_time_ms=1.2824640274047851562,build_time_ms=13.750271797180175781,convert_build_time_ms=15.032735824584960938,convert_build_compact_time_ms=15.956319808959960938,compact_time_ms=0.923583984375,update_time_ms=0,convert_and_update_time_ms=0,sort_time_ms=0,total_probe_time_ms=52.654407119750977984
i_primitive=triangle,i_key_mode=ext,i_build_mode=b_sfl,i_probe_mode=p_sfl,i_update_type=global,i_num_build_keys_log=23,i_key_offset=0,i_key_stride_log=0,i_key_replication_log=0,i_reserve_keys_for_misses=0,i_num_updates_log=0,i_local_update_batch_size_log=1,i_num_probe_keys_log=27,i_miss_percentage=0,i_out_of_range_percentage=0,i_range_query_hit_count_log=0,i_exponent_bias=10,i_force_single_anyhit=1,i_perpendicular_rays=1,i_start_ray_at_zero=1,i_compaction=1,i_large_keys=0,i_closest_hit=0,i_skip_probing=0,i_num_rays_per_thread_log=0,i_force_uniform_keys=0,i_x_bits=23,i_y_bits=9,i_z_bits=0,i_debug=0,uncompacted_size=475666304,final_size=353670144,update_temp_buffer_size=0,convert_time_ms=1.2063039541244506836,build_time_ms=13.75609588623046875,convert_build_time_ms=14.962399840354919434,convert_build_compact_time_ms=15.881951868534088135,compact_time_ms=0.91955202817916870117,update_time_ms=0,convert_and_update_time_ms=0,sort_time_ms=0,total_probe_time_ms=52.635632324218747158
i_primitive=triangle,i_key_mode=ext,i_build_mode=b_sfl,i_probe_mode=p_sfl,i_update_type=global,i_num_build_keys_log=23,i_key_offset=0,i_key_stride_log=0,i_key_replication_log=0,i_reserve_keys_for_misses=0,i_num_updates_log=0,i_local_update_batch_size_log=1,i_num_probe_keys_log=27,i_miss_percentage=0,i_out_of_range_percentage=0,i_range_query_hit_count_log=0,i_exponent_bias=20,i_force_single_anyhit=1,i_perpendicular_rays=1,i_start_ray_at_zero=1,i_compaction=1,i_large_keys=0,i_closest_hit=0,i_skip_probing=0,i_num_rays_per_thread_log=0,i_force_uniform_keys=0,i_x_bits=23,i_y_bits=9,i_z_bits=0,i_debug=0,uncompacted_size=475666304,final_size=353521664,update_temp_buffer_size=0,convert_time_ms=1.2067199945449829102,build_time_ms=13.807616233825683594,convert_build_time_ms=15.014336228370666504,convert_build_compact_time_ms=15.934912204742431641,compact_time_ms=0.92057597637176513672,update_time_ms=0,convert_and_update_time_ms=0,sort_time_ms=0,total_probe_time_ms=52.626512145996095171
i_primitive=triangle,i_key_mode=3d,i_build_mode=b_sfl,i_probe_mode=p_sfl,i_update_type=global,i_num_build_keys_log=23,i_key_offset=0,i_key_stride_log=0,i_key_replication_log=0,i_reserve_keys_for_misses=0,i_num_updates_log=0,i_local_update_batch_size_log=1,i_num_probe_keys_log=27,i_miss_percentage=0,i_out_of_range_percentage=0,i_range_query_hit_count_log=0,i_exponent_bias=-20,i_force_single_anyhit=1,i_perpendicular_rays=1,i_start_ray_at_zero=1,i_compaction=1,i_large_keys=0,i_closest_hit=0,i_skip_probing=0,i_num_rays_per_thread_log=0,i_force_uniform_keys=0,i_x_bits=23,i_y_bits=9,i_z_bits=0,i_debug=0,uncompacted_size=475666304,final_size=331645440,update_temp_buffer_size=0,convert_time_ms=1.2335360050201416016,build_time_ms=13.557760238647460938,convert_build_time_ms=14.791296243667602539,convert_build_compact_time_ms=15.65632021427154541,compact_time_ms=0.86502397060394287109,update_time_ms=0,convert_and_update_time_ms=0,sort_time_ms=0,total_probe_time_ms=41.172988510131837359
i_primitive=triangle,i_key_mode=3d,i_build_mode=b_sfl,i_probe_mode=p_sfl,i_update_type=global,i_num_build_keys_log=23,i_key_offset=0,i_key_stride_log=0,i_key_replication_log=0,i_reserve_keys_for_misses=0,i_num_updates_log=0,i_local_update_batch_size_log=1,i_num_probe_keys_log=27,i_miss_percentage=0,i_out_of_range_percentage=0,i_range_query_hit_count_log=0,i_exponent_bias=-10,i_force_single_anyhit=1,i_perpendicular_rays=1,i_start_ray_at_zero=1,i_compaction=1,i_large_keys=0,i_closest_hit=0,i_skip_probing=0,i_num_rays_per_thread_log=0,i_force_uniform_keys=0,i_x_bits=23,i_y_bits=9,i_z_bits=0,i_debug=0,uncompacted_size=475666304,final_size=331785216,update_temp_buffer_size=0,convert_time_ms=1.2345600128173828125,build_time_ms=13.545472145080566406,convert_build_time_ms=14.780032157897949219,convert_build_compact_time_ms=15.647168159484863281,compact_time_ms=0.8671360015869140625,update_time_ms=0,convert_and_update_time_ms=0,sort_time_ms=0,total_probe_time_ms=41.183954620361326704
i_primitive=triangle,i_key_mode=3d,i_build_mode=b_sfl,i_probe_mode=p_sfl,i_update_type=global,i_num_build_keys_log=23,i_key_offset=0,i_key_stride_log=0,i_key_replication_log=0,i_reserve_keys_for_misses=0,i_num_updates_log=0,i_local_update_batch_size_log=1,i_num_probe_keys_log=27,i_miss_percentage=0,i_out_of_range_percentage=0,i_range_query_hit_count_log=0,i_exponent_bias=0,i_force_single_anyhit=1,i_perpendicular_rays=1,i_start_ray_at_zero=1,i_compaction=1,i_large_keys=0,i_closest_hit=0,i_skip_probing=0,i_num_rays_per_thread_log=0,i_force_uniform_keys=0,i_x_bits=23,i_y_bits=9,i_z_bits=0,i_debug=0,uncompacted_size=475666304,final_size=332086272,update_temp_buffer_size=0,convert_time_ms=1.2335040569305419922,build_time_ms=13.557760238647460938,convert_build_time_ms=14.79126429557800293,convert_build_compact_time_ms=15.656544268131256104,compact_time_ms=0.86527997255325317383,update_time_ms=0,convert_and_update_time_ms=0,sort_time_ms=0,total_probe_time_ms=41.181474685668945312
i_primitive=triangle,i_key_mode=3d,i_build_mode=b_sfl,i_probe_mode=p_sfl,i_update_type=global,i_num_build_keys_log=23,i_key_offset=0,i_key_stride_log=0,i_key_replication_log=0,i_reserve_keys_for_misses=0,i_num_updates_log=0,i_local_update_batch_size_log=1,i_num_probe_keys_log=27,i_miss_percentage=0,i_out_of_range_percentage=0,i_range_query_hit_count_log=0,i_exponent_bias=10,i_force_single_anyhit=1,i_perpendicular_rays=1,i_start_ray_at_zero=1,i_compaction=1,i_large_keys=0,i_closest_hit=0,i_skip_probing=0,i_num_rays_per_thread_log=0,i_force_uniform_keys=0,i_x_bits=23,i_y_bits=9,i_z_bits=0,i_debug=0,uncompacted_size=475666304,final_size=333901440,update_temp_buffer_size=0,convert_time_ms=1.2228159904479980469,build_time_ms=13.53113555908203125,convert_build_time_ms=14.753951549530029297,convert_build_compact_time_ms=15.624095559120178223,compact_time_ms=0.87014400959014892578,update_time_ms=0,convert_and_update_time_ms=0,sort_time_ms=0,total_probe_time_ms=41.274341583251953125
i_primitive=triangle,i_key_mode=3d,i_build_mode=b_sfl,i_probe_mode=p_sfl,i_update_type=global,i_num_build_keys_log=23,i_key_offset=0,i_key_stride_log=0,i_key_replication_log=0,i_reserve_keys_for_misses=0,i_num_updates_log=0,i_local_update_batch_size_log=1,i_num_probe_keys_log=27,i_miss_percentage=0,i_out_of_range_percentage=0,i_range_query_hit_count_log=0,i_exponent_bias=20,i_force_single_anyhit=1,i_perpendicular_rays=1,i_start_ray_at_zero=1,i_compaction=1,i_large_keys=0,i_closest_hit=0,i_skip_probing=0,i_num_rays_per_thread_log=0,i_force_uniform_keys=0,i_x_bits=23,i_y_bits=9,i_z_bits=0,i_debug=0,uncompacted_size=475666304,final_size=333912448,update_temp_buffer_size=0,convert_time_ms=1.2682240009307861328,build_time_ms=13.552639961242675781,convert_build_time_ms=14.820863962173461914,convert_build_compact_time_ms=15.694239974021911621,compact_time_ms=0.87337601184844970703,update_time_ms=0,convert_and_update_time_ms=0,sort_time_ms=0,total_probe_time_ms=41.491097259521481533
i_primitive=triangle,i_key_mode=excl,i_build_mode=b_sfl,i_probe_mode=p_sfl,i_update_type=global,i_num_build_keys_log=24,i_key_offset=0,i_key_stride_log=0,i_key_replication_log=0,i_reserve_keys_for_misses=0,i_num_updates_log=0,i_local_update_batch_size_log=1,i_num_probe_keys_log=27,i_miss_percentage=0,i_out_of_range_percentage=0,i_range_query_hit_count_log=0,i_exponent_bias=-20,i_force_single_anyhit=1,i_perpendicular_rays=1,i_start_ray_at_zero=1,i_compaction=1,i_large_keys=0,i_closest_hit=0,i_skip_probing=0,i_num_rays_per_thread_log=0,i_force_uniform_keys=0,i_x_bits=23,i_y_bits=9,i_z_bits=0,i_debug=0,uncompacted_size=951329792,final_size=675620480,update_temp_buffer_size=0,convert_time_ms=2.5572800636291503906,build_time_ms=27.893728256225585938,convert_build_time_ms=30.451008319854736328,convert_build_compact_time_ms=32.213312268257141113,compact_time_ms=1.7623039484024047852,update_time_ms=0,convert_and_update_time_ms=0,sort_time_ms=0,total_probe_time_ms=62.678131484985350141
i_primitive=triangle,i_key_mode=excl,i_build_mode=b_sfl,i_probe_mode=p_sfl,i_update_type=global,i_num_build_keys_log=24,i_key_offset=0,i_key_stride_log=0,i_key_replication_log=0,i_reserve_keys_for_misses=0,i_num_updates_log=0,i_local_update_batch_size_log=1,i_num_probe_keys_log=27,i_miss_percentage=0,i_out_of_range_percentage=0,i_range_query_hit_count_log=0,i_exponent_bias=-10,i_force_single_anyhit=1,i_perpendicular_rays=1,i_start_ray_at_zero=1,i_compaction=1,i_large_keys=0,i_closest_hit=0,i_skip_probing=0,i_num_rays_per_thread_log=0,i_force_uniform_keys=0,i_x_bits=23,i_y_bits=9,i_z_bits=0,i_debug=0,uncompacted_size=951329792,final_size=675526016,update_temp_buffer_size=0,convert_time_ms=2.5601279735565185547,build_time_ms=27.953151702880859375,convert_build_time_ms=30.51327967643737793,convert_build_compact_time_ms=32.272511720657348633,compact_time_ms=1.7592320442199707031,update_time_ms=0,convert_and_update_time_ms=0,sort_time_ms=0,total_probe_time_ms=62.677215957641600141
i_primitive=triangle,i_key_mode=excl,i_build_mode=b_sfl,i_probe_mode=p_sfl,i_update_type=global,i_num_build_keys_log=24,i_key_offset=0,i_key_stride_log=0,i_key_replication_log=0,i_reserve_keys_for_misses=0,i_num_updates_log=0,i_local_update_batch_size_log=1,i_num_probe_keys_log=27,i_miss_percentage=0,i_out_of_range_percentage=0,i_range_query_hit_count_log=0,i_exponent_bias=0,i_force_single_anyhit=1,i_perpendicular_rays=1,i_start_ray_at_zero=1,i_compaction=1,i_large_keys=0,i_closest_hit=0,i_skip_probing=0,i_num_rays_per_thread_log=0,i_force_uniform_keys=0,i_x_bits=23,i_y_bits=9,i_z_bits=0,i_debug=0,uncompacted_size=951329792,final_size=683774592,update_temp_buffer_size=0,convert_time_ms=2.5451519489288330078,build_time_ms=28.05350494384765625,convert_build_time_ms=30.598656892776489258,convert_build_compact_time_ms=32.381440877914428711,compact_time_ms=1.7827839851379394531,update_time_ms=0,convert_and_update_time_ms=0,sort_time_ms=0,total_probe_time_ms=62.885977935791018467
i_primitive=triangle,i_key_mode=excl,i_build_mode=b_sfl,i_probe_mode=p_sfl,i_update_type=global,i_num_build_keys_log=24,i_key_offset=0,i_key_stride_log=0,i_key_replication_log=0,i_reserve_keys_for_misses=0,i_num_updates_log=0,i_local_update_batch_size_log=1,i_num_probe_keys_log=27,i_miss_percentage=0,i_out_of_range_percentage=0,i_range_query_hit_count_log=0,i_exponent_bias=10,i_force_single_anyhit=1,i_perpendicular_rays=1,i_start_ray_at_zero=1,i_compaction=1,i_large_keys=0,i_closest_hit=0,i_skip_probing=0,i_num_rays_per_thread_log=0,i_force_uniform_keys=0,i_x_bits=23,i_y_bits=9,i_z_bits=0,i_debug=0,uncompacted_size=951329792,final_size=687106176,update_temp_buffer_size=0,convert_time_ms=2.5570878982543945312,build_time_ms=27.942752838134765625,convert_build_time_ms=30.499840736389160156,convert_build_compact_time_ms=32.292864680290222168,compact_time_ms=1.7930239439010620117,update_time_ms=0,convert_and_update_time_ms=0,sort_time_ms=0,total_probe_time_ms=63.016934204101559658
i_primitive=triangle,i_key_mode=excl,i_build_mode=b_sfl,i_probe_mode=p_sfl,i_update_type=global,i_num_build_keys_log=24,i_key_offset=0,i_key_stride_log=0,i_key_replication_log=0,i_reserve_keys_for_misses=0,i_num_updates_log=0,i_local_update_batch_size_log=1,i_num_probe_keys_log=27,i_miss_percentage=0,i_out_of_range_percentage=0,i_range_query_hit_count_log=0,i_exponent_bias=20,i_force_single_anyhit=1,i_perpendicular_rays=1,i_start_ray_at_zero=1,i_compaction=1,i_large_keys=0,i_closest_hit=0,i_skip_probing=0,i_num_rays_per_thread_log=0,i_force_uniform_keys=0,i_x_bits=23,i_y_bits=9,i_z_bits=0,i_debug=0,uncompacted_size=951329792,final_size=686589824,update_temp_buffer_size=0,convert_time_ms=2.5590720176696777344,build_time_ms=27.911935806274414062,convert_build_time_ms=30.471007823944091797,convert_build_compact_time_ms=32.256863832473754883,compact_time_ms=1.7858560085296630859,update_time_ms=0,convert_and_update_time_ms=0,sort_time_ms=0,total_probe_time_ms=62.980828857421876421
i_primitive=triangle,i_key_mode=ext,i_build_mode=b_sfl,i_probe_mode=p_sfl,i_update_type=global,i_num_build_keys_log=24,i_key_offset=0,i_key_stride_log=0,i_key_replication_log=0,i_reserve_keys_for_misses=0,i_num_updates_log=0,i_local_update_batch_size_log=1,i_num_probe_keys_log=27,i_miss_percentage=0,i_out_of_range_percentage=0,i_range_query_hit_count_log=0,i_exponent_bias=-20,i_force_single_anyhit=1,i_perpendicular_rays=1,i_start_ray_at_zero=1,i_compaction=1,i_large_keys=0,i_closest_hit=0,i_skip_probing=0,i_num_rays_per_thread_log=0,i_force_uniform_keys=0,i_x_bits=23,i_y_bits=9,i_z_bits=0,i_debug=0,uncompacted_size=951329792,final_size=586102144,update_temp_buffer_size=0,convert_time_ms=2.3878400325775146484,build_time_ms=27.261951446533203125,convert_build_time_ms=29.649791479110717773,convert_build_compact_time_ms=31.173503518104553223,compact_time_ms=1.5237120389938354492,update_time_ms=0,convert_and_update_time_ms=0,sort_time_ms=0,total_probe_time_ms=73.267673492431640625
i_primitive=triangle,i_key_mode=ext,i_build_mode=b_sfl,i_probe_mode=p_sfl,i_update_type=global,i_num_build_keys_log=24,i_key_offset=0,i_key_stride_log=0,i_key_replication_log=0,i_reserve_keys_for_misses=0,i_num_updates_log=0,i_local_update_batch_size_log=1,i_num_probe_keys_log=27,i_miss_percentage=0,i_out_of_range_percentage=0,i_range_query_hit_count_log=0,i_exponent_bias=-10,i_force_single_anyhit=1,i_perpendicular_rays=1,i_start_ray_at_zero=1,i_compaction=1,i_large_keys=0,i_closest_hit=0,i_skip_probing=0,i_num_rays_per_thread_log=0,i_force_uniform_keys=0,i_x_bits=23,i_y_bits=9,i_z_bits=0,i_debug=0,uncompacted_size=951329792,final_size=586144896,update_temp_buffer_size=0,convert_time_ms=2.4284799098968505859,build_time_ms=27.2783355712890625,convert_build_time_ms=29.706815481185913086,convert_build_compact_time_ms=31.237695455551147461,compact_time_ms=1.530879974365234375,update_time_ms=0,convert_and_update_time_ms=0,sort_time_ms=0,total_probe_time_ms=73.238841247558596592
i_primitive=triangle,i_key_mode=ext,i_build_mode=b_sfl,i_probe_mode=p_sfl,i_update_type=global,i_num_build_keys_log=24,i_key_offset=0,i_key_stride_log=0,i_key_replication_log=0,i_reserve_keys_for_misses=0,i_num_updates_log=0,i_local_update_batch_size_log=1,i_num_probe_keys_log=27,i_miss_percentage=0,i_out_of_range_percentage=0,i_range_query_hit_count_log=0,i_exponent_bias=0,i_force_single_anyhit=1,i_perpendicular_rays=1,i_start_ray_at_zero=1,i_compaction=1,i_large_keys=0,i_closest_hit=0,i_skip_probing=0,i_num_rays_per_thread_log=0,i_force_uniform_keys=0,i_x_bits=23,i_y_bits=9,i_z_bits=0,i_debug=0,uncompacted_size=951329792,final_size=586041728,update_temp_buffer_size=0,convert_time_ms=2.5642240047454833984,build_time_ms=27.280384063720703125,convert_build_time_ms=29.844608068466186523,convert_build_compact_time_ms=31.370208024978637695,compact_time_ms=1.5255999565124511719,update_time_ms=0,convert_and_update_time_ms=0,sort_time_ms=0,total_probe_time_ms=73.23738861083984375
i_primitive=triangle,i_key_mode=ext,i_build_mode=b_sfl,i_probe_mode=p_sfl,i_update_type=global,i_num_build_keys_log=24,i_key_offset=0,i_key_stride_log=0,i_key_replication_log=0,i_reserve_keys_for_misses=0,i_num_updates_log=0,i_local_update_batch_size_log=1,i_num_probe_keys_log=27,i_miss_percentage=0,i_out_of_range_percentage=0,i_range_query_hit_count_log=0,i_exponent_bias=10,i_force_single_anyhit=1,i_perpendicular_rays=1,i_start_ray_at_zero=1,i_compaction=1,i_large_keys=0,i_closest_hit=0,i_skip_probing=0,i_num_rays_per_thread_log=0,i_force_uniform_keys=0,i_x_bits=23,i_y_bits=9,i_z_bits=0,i_debug=0,uncompacted_size=951329792,final_size=586276864,update_temp_buffer_size=0,convert_time_ms=2.3988161087036132812,build_time_ms=27.280384063720703125,convert_build_time_ms=29.679200172424316406,convert_build_compact_time_ms=31.205856204032897949,compact_time_ms=1.526656031608581543,update_time_ms=0,convert_and_update_time_ms=0,sort_time_ms=0,total_probe_time_ms=73.257676696777338066
i_primitive=triangle,i_key_mode=ext,i_build_mode=b_sfl,i_probe_mode=p_sfl,i_update_type=global,i_num_build_keys_log=24,i_key_offset=0,i_key_stride_log=0,i_key_replication_log=0,i_reserve_keys_for_misses=0,i_num_updates_log=0,i_local_update_batch_size_log=1,i_num_probe_keys_log=27,i_miss_percentage=0,i_out_of_range_percentage=0,i_range_query_hit_count_log=0,i_exponent_bias=20,i_force_single_anyhit=1,i_perpendicular_rays=1,i_start_ray_at_zero=1,i_compaction=1,i_large_keys=0,i_closest_hit=0,i_skip_probing=0,i_num_rays_per_thread_log=0,i_force_uniform_keys=0,i_x_bits=23,i_y_bits=9,i_z_bits=0,i_debug=0,uncompacted_size=951329792,final_size=586100736,update_temp_buffer_size=0,convert_time_ms=2.3848319053649902344,build_time_ms=27.294719696044921875,convert_build_time_ms=29.679551601409912109,convert_build_compact_time_ms=31.199167609214782715,compact_time_ms=1.5196160078048706055,update_time_ms=0,convert_and_update_time_ms=0,sort_time_ms=0,total_probe_time_ms=73.2400360107421875
i_primitive=triangle,i_key_mode=3d,i_build_mode=b_sfl,i_probe_mode=p_sfl,i_update_type=global,i_num_build_keys_log=24,i_key_offset=0,i_key_stride_log=0,i_key_replication_log=0,i_reserve_keys_for_misses=0,i_num_updates_log=0,i_local_update_batch_size_log=1,i_num_probe_keys_log=27,i_miss_percentage=0,i_out_of_range_percentage=0,i_range_query_hit_count_log=0,i_exponent_bias=-20,i_force_single_anyhit=1,i_perpendicular_rays=1,i_start_ray_at_zero=1,i_compaction=1,i_large_keys=0,i_closest_hit=0,i_skip_probing=0,i_num_rays_per_thread_log=0,i_force_uniform_keys=0,i_x_bits=23,i_y_bits=9,i_z_bits=0,i_debug=0,uncompacted_size=951329792,final_size=666482816,update_temp_buffer_size=0,convert_time_ms=2.4702079296112060547,build_time_ms=27.873279571533203125,convert_build_time_ms=30.34348750114440918,convert_build_compact_time_ms=32.082239508628845215,compact_time_ms=1.7387520074844360352,update_time_ms=0,convert_and_update_time_ms=0,sort_time_ms=0,total_probe_time_ms=50.219782257080076704
i_primitive=triangle,i_key_mode=3d,i_build_mode=b_sfl,i_probe_mode=p_sfl,i_update_type=global,i_num_build_keys_log=24,i_key_offset=0,i_key_stride_log=0,i_key_replication_log=0,i_reserve_keys_for_misses=0,i_num_updates_log=0,i_local_update_batch_size_log=1,i_num_probe_keys_log=27,i_miss_percentage=0,i_out_of_range_percentage=0,i_range_query_hit_count_log=0,i_exponent_bias=-10,i_force_single_anyhit=1,i_perpendicular_rays=1,i_start_ray_at_zero=1,i_compaction=1,i_large_keys=0,i_closest_hit=0,i_skip_probing=0,i_num_rays_per_thread_log=0,i_force_uniform_keys=0,i_x_bits=23,i_y_bits=9,i_z_bits=0,i_debug=0,uncompacted_size=951329792,final_size=665708160,update_temp_buffer_size=0,convert_time_ms=2.4298880100250244141,build_time_ms=27.821056365966796875,convert_build_time_ms=30.250944375991821289,convert_build_compact_time_ms=31.986624360084533691,compact_time_ms=1.7356799840927124023,update_time_ms=0,convert_and_update_time_ms=0,sort_time_ms=0,total_probe_time_ms=50.2854461669921875
i_primitive=triangle,i_key_mode=3d,i_build_mode=b_sfl,i_probe_mode=p_sfl,i_update_type=global,i_num_build_keys_log=24,i_key_offset=0,i_key_stride_log=0,i_key_replication_log=0,i_reserve_keys_for_misses=0,i_num_updates_log=0,i_local_update_batch_size_log=1,i_num_probe_keys_log=27,i_miss_percentage=0,i_out_of_range_percentage=0,i_range_query_hit_count_log=0,i_exponent_bias=0,i_force_single_anyhit=1,i_perpendicular_rays=1,i_start_ray_at_zero=1,i_compaction=1,i_large_keys=0,i_closest_hit=0,i_skip_probing=0,i_num_rays_per_thread_log=0,i_force_uniform_keys=0,i_x_bits=23,i_y_bits=9,i_z_bits=0,i_debug=0,uncompacted_size=951329792,final_size=669474944,update_temp_buffer_size=0,convert_time_ms=2.4079680442810058594,build_time_ms=27.804639816284179688,convert_build_time_ms=30.212607860565185547,convert_build_compact_time_ms=31.956479907035827637,compact_time_ms=1.7438720464706420898,update_time_ms=0,convert_and_update_time_ms=0,sort_time_ms=0,total_probe_time_ms=50.227090454101563921
i_primitive=triangle,i_key_mode=3d,i_build_mode=b_sfl,i_probe_mode=p_sfl,i_update_type=global,i_num_build_keys_log=24,i_key_offset=0,i_key_stride_log=0,i_key_replication_log=0,i_reserve_keys_for_misses=0,i_num_updates_log=0,i_local_update_batch_size_log=1,i_num_probe_keys_log=27,i_miss_percentage=0,i_out_of_range_percentage=0,i_range_query_hit_count_log=0,i_exponent_bias=10,i_force_single_anyhit=1,i_perpendicular_rays=1,i_start_ray_at_zero=1,i_compaction=1,i_large_keys=0,i_closest_hit=0,i_skip_probing=0,i_num_rays_per_thread_log=0,i_force_uniform_keys=0,i_x_bits=23,i_y_bits=9,i_z_bits=0,i_debug=0,uncompacted_size=951329792,final_size=668565504,update_temp_buffer_size=0,convert_time_ms=2.4312961101531982422,build_time_ms=27.851776123046875,convert_build_time_ms=30.283072233200073242,convert_build_compact_time_ms=32.035136222839355469,compact_time_ms=1.7520639896392822266,update_time_ms=0,convert_and_update_time_ms=0,sort_time_ms=0,total_probe_time_ms=50.382015991210934658
i_primitive=triangle,i_key_mode=3d,i_build_mode=b_sfl,i_probe_mode=p_sfl,i_update_type=global,i_num_build_keys_log=24,i_key_offset=0,i_key_stride_log=0,i_key_replication_log=0,i_reserve_keys_for_misses=0,i_num_updates_log=0,i_local_update_batch_size_log=1,i_num_probe_keys_log=27,i_miss_percentage=0,i_out_of_range_percentage=0,i_range_query_hit_count_log=0,i_exponent_bias=20,i_force_single_anyhit=1,i_perpendicular_rays=1,i_start_ray_at_zero=1,i_compaction=1,i_large_keys=0,i_closest_hit=0,i_skip_probing=0,i_num_rays_per_thread_log=0,i_force_uniform_keys=0,i_x_bits=23,i_y_bits=9,i_z_bits=0,i_debug=0,uncompacted_size=951329792,final_size=669300864,update_temp_buffer_size=0,convert_time_ms=2.4744958877563476562,build_time_ms=27.874303817749023438,convert_build_time_ms=30.348799705505371094,convert_build_compact_time_ms=32.087551712989807129,compact_time_ms=1.7387520074844360352,update_time_ms=0,convert_and_update_time_ms=0,sort_time_ms=0,total_probe_time_ms=50.363715362548830967
i_primitive=triangle,i_key_mode=ext,i_build_mode=b_sfl,i_probe_mode=p_sfl,i_update_type=global,i_num_build_keys_log=25,i_key_offset=0,i_key_stride_log=0,i_key_replication_log=0,i_reserve_keys_for_misses=0,i_num_updates_log=0,i_local_update_batch_size_log=1,i_num_probe_keys_log=27,i_miss_percentage=0,i_out_of_range_percentage=0,i_range_query_hit_count_log=0,i_exponent_bias=-20,i_force_single_anyhit=1,i_perpendicular_rays=1,i_start_ray_at_zero=1,i_compaction=1,i_large_keys=0,i_closest_hit=0,i_skip_probing=0,i_num_rays_per_thread_log=0,i_force_uniform_keys=0,i_x_bits=23,i_y_bits=9,i_z_bits=0,i_debug=0,uncompacted_size=1902656640,final_size=1201246848,update_temp_buffer_size=0,convert_time_ms=4.8240637779235839844,build_time_ms=54.74921417236328125,convert_build_time_ms=59.573277950286865234,convert_build_compact_time_ms=62.673949956893920898,compact_time_ms=3.1006720066070556641,update_time_ms=0,convert_and_update_time_ms=0,sort_time_ms=0,total_probe_time_ms=109.72787094116210938
i_primitive=triangle,i_key_mode=ext,i_build_mode=b_sfl,i_probe_mode=p_sfl,i_update_type=global,i_num_build_keys_log=25,i_key_offset=0,i_key_stride_log=0,i_key_replication_log=0,i_reserve_keys_for_misses=0,i_num_updates_log=0,i_local_update_batch_size_log=1,i_num_probe_keys_log=27,i_miss_percentage=0,i_out_of_range_percentage=0,i_range_query_hit_count_log=0,i_exponent_bias=-10,i_force_single_anyhit=1,i_perpendicular_rays=1,i_start_ray_at_zero=1,i_compaction=1,i_large_keys=0,i_closest_hit=0,i_skip_probing=0,i_num_rays_per_thread_log=0,i_force_uniform_keys=0,i_x_bits=23,i_y_bits=9,i_z_bits=0,i_debug=0,uncompacted_size=1902656640,final_size=1201589760,update_temp_buffer_size=0,convert_time_ms=4.7936639785766601562,build_time_ms=54.764255523681640625,convert_build_time_ms=59.557919502258300781,convert_build_compact_time_ms=62.659615516662597656,compact_time_ms=3.101696014404296875,update_time_ms=0,convert_and_update_time_ms=0,sort_time_ms=0,total_probe_time_ms=109.69373626708984659
i_primitive=triangle,i_key_mode=ext,i_build_mode=b_sfl,i_probe_mode=p_sfl,i_update_type=global,i_num_build_keys_log=25,i_key_offset=0,i_key_stride_log=0,i_key_replication_log=0,i_reserve_keys_for_misses=0,i_num_updates_log=0,i_local_update_batch_size_log=1,i_num_probe_keys_log=27,i_miss_percentage=0,i_out_of_range_percentage=0,i_range_query_hit_count_log=0,i_exponent_bias=0,i_force_single_anyhit=1,i_perpendicular_rays=1,i_start_ray_at_zero=1,i_compaction=1,i_large_keys=0,i_closest_hit=0,i_skip_probing=0,i_num_rays_per_thread_log=0,i_force_uniform_keys=0,i_x_bits=23,i_y_bits=9,i_z_bits=0,i_debug=0,uncompacted_size=1902656640,final_size=1201309056,update_temp_buffer_size=0,convert_time_ms=5.0674557685852050781,build_time_ms=54.733600616455078125,convert_build_time_ms=59.801056385040283203,convert_build_compact_time_ms=62.901728391647338867,compact_time_ms=3.1006720066070556641,update_time_ms=0,convert_and_update_time_ms=0,sort_time_ms=0,total_probe_time_ms=109.69598312377929972
i_primitive=triangle,i_key_mode=ext,i_build_mode=b_sfl,i_probe_mode=p_sfl,i_update_type=global,i_num_build_keys_log=25,i_key_offset=0,i_key_stride_log=0,i_key_replication_log=0,i_reserve_keys_for_misses=0,i_num_updates_log=0,i_local_update_batch_size_log=1,i_num_probe_keys_log=27,i_miss_percentage=0,i_out_of_range_percentage=0,i_range_query_hit_count_log=0,i_exponent_bias=10,i_force_single_anyhit=1,i_perpendicular_rays=1,i_start_ray_at_zero=1,i_compaction=1,i_large_keys=0,i_closest_hit=0,i_skip_probing=0,i_num_rays_per_thread_log=0,i_force_uniform_keys=0,i_x_bits=23,i_y_bits=9,i_z_bits=0,i_debug=0,uncompacted_size=1902656640,final_size=1202557056,update_temp_buffer_size=0,convert_time_ms=4.7936639785766601562,build_time_ms=54.74918365478515625,convert_build_time_ms=59.542847633361816406,convert_build_compact_time_ms=62.659903526306152344,compact_time_ms=3.1170558929443359375,update_time_ms=0,convert_and_update_time_ms=0,sort_time_ms=0,total_probe_time_ms=109.76262435913085369
i_primitive=triangle,i_key_mode=ext,i_build_mode=b_sfl,i_probe_mode=p_sfl,i_update_type=global,i_num_build_keys_log=25,i_key_offset=0,i_key_stride_log=0,i_key_replication_log=0,i_reserve_keys_for_misses=0,i_num_updates_log=0,i_local_update_batch_size_log=1,i_num_probe_keys_log=27,i_miss_percentage=0,i_out_of_range_percentage=0,i_range_query_hit_count_log=0,i_exponent_bias=20,i_force_single_anyhit=1,i_perpendicular_rays=1,i_start_ray_at_zero=1,i_compaction=1,i_large_keys=0,i_closest_hit=0,i_skip_probing=0,i_num_rays_per_thread_log=0,i_force_uniform_keys=0,i_x_bits=23,i_y_bits=9,i_z_bits=0,i_debug=0,uncompacted_size=1902656640,final_size=1201397504,update_temp_buffer_size=0,convert_time_ms=4.7968320846557617188,build_time_ms=54.71027374267578125,convert_build_time_ms=59.507105827331542969,convert_build_compact_time_ms=62.605601787567138672,compact_time_ms=3.0984959602355957031,update_time_ms=0,convert_and_update_time_ms=0,sort_time_ms=0,total_probe_time_ms=109.66310043334961222
i_primitive=triangle,i_key_mode=3d,i_build_mode=b_sfl,i_probe_mode=p_sfl,i_update_type=global,i_num_build_keys_log=25,i_key_offset=0,i_key_stride_log=0,i_key_replication_log=0,i_reserve_keys_for_misses=0,i_num_updates_log=0,i_local_update_batch_size_log=1,i_num_probe_keys_log=27,i_miss_percentage=0,i_out_of_range_percentage=0,i_range_query_hit_count_log=0,i_exponent_bias=-20,i_force_single_anyhit=1,i_perpendicular_rays=1,i_start_ray_at_zero=1,i_compaction=1,i_large_keys=0,i_closest_hit=0,i_skip_probing=0,i_num_rays_per_thread_log=0,i_force_uniform_keys=0,i_x_bits=23,i_y_bits=9,i_z_bits=0,i_debug=0,uncompacted_size=1902656640,final_size=1223662464,update_temp_buffer_size=0,convert_time_ms=4.8649601936340332031,build_time_ms=55.367679595947265625,convert_build_time_ms=60.232639789581298828,convert_build_compact_time_ms=63.395775794982910156,compact_time_ms=3.1631360054016113281,update_time_ms=0,convert_and_update_time_ms=0,sort_time_ms=0,total_probe_time_ms=60.458249664306642046
i_primitive=triangle,i_key_mode=3d,i_build_mode=b_sfl,i_probe_mode=p_sfl,i_update_type=global,i_num_build_keys_log=25,i_key_offset=0,i_key_stride_log=0,i_key_replication_log=0,i_reserve_keys_for_misses=0,i_num_updates_log=0,i_local_update_batch_size_log=1,i_num_probe_keys_log=27,i_miss_percentage=0,i_out_of_range_percentage=0,i_range_query_hit_count_log=0,i_exponent_bias=-10,i_force_single_anyhit=1,i_perpendicular_rays=1,i_start_ray_at_zero=1,i_compaction=1,i_large_keys=0,i_closest_hit=0,i_skip_probing=0,i_num_rays_per_thread_log=0,i_force_uniform_keys=0,i_x_bits=23,i_y_bits=9,i_z_bits=0,i_debug=0,uncompacted_size=1902656640,final_size=1224081920,update_temp_buffer_size=0,convert_time_ms=4.9075198173522949219,build_time_ms=55.352352142333984375,convert_build_time_ms=60.259871959686279297,convert_build_compact_time_ms=63.418911933898925781,compact_time_ms=3.1590399742126464844,update_time_ms=0,convert_and_update_time_ms=0,sort_time_ms=0,total_probe_time_ms=60.464632797241208095
i_primitive=triangle,i_key_mode=3d,i_build_mode=b_sfl,i_probe_mode=p_sfl,i_update_type=global,i_num_build_keys_log=25,i_key_offset=0,i_key_stride_log=0,i_key_replication_log=0,i_reserve_keys_for_misses=0,i_num_updates_log=0,i_local_update_batch_size_log=1,i_num_probe_keys_log=27,i_miss_percentage=0,i_out_of_range_percentage=0,i_range_query_hit_count_log=0,i_exponent_bias=0,i_force_single_anyhit=1,i_perpendicular_rays=1,i_start_ray_at_zero=1,i_compaction=1,i_large_keys=0,i_closest_hit=0,i_skip_probing=0,i_num_rays_per_thread_log=0,i_force_uniform_keys=0,i_x_bits=23,i_y_bits=9,i_z_bits=0,i_debug=0,uncompacted_size=1902656640,final_size=1228713344,update_temp_buffer_size=0,convert_time_ms=4.8481922149658203125,build_time_ms=55.333889007568359375,convert_build_time_ms=60.182081222534179688,convert_build_compact_time_ms=63.369857311248779297,compact_time_ms=3.1877760887145996094,update_time_ms=0,convert_and_update_time_ms=0,sort_time_ms=0,total_probe_time_ms=60.06890220642090128
i_primitive=triangle,i_key_mode=3d,i_build_mode=b_sfl,i_probe_mode=p_sfl,i_update_type=global,i_num_build_keys_log=25,i_key_offset=0,i_key_stride_log=0,i_key_replication_log=0,i_reserve_keys_for_misses=0,i_num_updates_log=0,i_local_update_batch_size_log=1,i_num_probe_keys_log=27,i_miss_percentage=0,i_out_of_range_percentage=0,i_range_query_hit_count_log=0,i_exponent_bias=10,i_force_single_anyhit=1,i_perpendicular_rays=1,i_start_ray_at_zero=1,i_compaction=1,i_large_keys=0,i_closest_hit=0,i_skip_probing=0,i_num_rays_per_thread_log=0,i_force_uniform_keys=0,i_x_bits=23,i_y_bits=9,i_z_bits=0,i_debug=0,uncompacted_size=1902656640,final_size=1238687744,update_temp_buffer_size=0,convert_time_ms=4.8775038719177246094,build_time_ms=55.066623687744140625,convert_build_time_ms=59.944127559661865234,convert_build_compact_time_ms=63.140223503112792969,compact_time_ms=3.1960959434509277344,update_time_ms=0,convert_and_update_time_ms=0,sort_time_ms=0,total_probe_time_ms=59.993616104125976562
i_primitive=triangle,i_key_mode=3d,i_build_mode=b_sfl,i_probe_mode=p_sfl,i_update_type=global,i_num_build_keys_log=25,i_key_offset=0,i_key_stride_log=0,i_key_replication_log=0,i_reserve_keys_for_misses=0,i_num_updates_log=0,i_local_update_batch_size_log=1,i_num_probe_keys_log=27,i_miss_percentage=0,i_out_of_range_percentage=0,i_range_query_hit_count_log=0,i_exponent_bias=20,i_force_single_anyhit=1,i_perpendicular_rays=1,i_start_ray_at_zero=1,i_compaction=1,i_large_keys=0,i_closest_hit=0,i_skip_probing=0,i_num_rays_per_thread_log=0,i_force_uniform_keys=0,i_x_bits=23,i_y_bits=9,i_z_bits=0,i_debug=0,uncompacted_size=1902656640,final_size=1241078272,update_temp_buffer_size=0,convert_time_ms=4.8799037933349609375,build_time_ms=55.313568115234375,convert_build_time_ms=60.193471908569335938,convert_build_compact_time_ms=63.397567987442016602,compact_time_ms=3.2040960788726806641,update_time_ms=0,convert_and_update_time_ms=0,sort_time_ms=0,total_probe_time_ms=60.075564956665040484
i_primitive=triangle,i_key_mode=ext,i_build_mode=b_sfl,i_probe_mode=p_sfl,i_update_type=global,i_num_build_keys_log=26,i_key_offset=0,i_key_stride_log=0,i_key_replication_log=0,i_reserve_keys_for_misses=0,i_num_updates_log=0,i_local_update_batch_size_log=1,i_num_probe_keys_log=27,i_miss_percentage=0,i_out_of_range_percentage=0,i_range_query_hit_count_log=0,i_exponent_bias=-20,i_force_single_anyhit=1,i_perpendicular_rays=1,i_start_ray_at_zero=1,i_compaction=1,i_large_keys=0,i_closest_hit=0,i_skip_probing=0,i_num_rays_per_thread_log=0,i_force_uniform_keys=0,i_x_bits=23,i_y_bits=9,i_z_bits=0,i_debug=0,uncompacted_size=3805310464,final_size=2419369856,update_temp_buffer_size=0,convert_time_ms=9.5295362472534179688,build_time_ms=110.44147491455078125,convert_build_time_ms=119.97101116180419922,convert_build_compact_time_ms=126.2522273063659668,compact_time_ms=6.2812161445617675781,update_time_ms=0,convert_and_update_time_ms=0,sort_time_ms=0,total_probe_time_ms=4511.5712890625
i_primitive=triangle,i_key_mode=ext,i_build_mode=b_sfl,i_probe_mode=p_sfl,i_update_type=global,i_num_build_keys_log=26,i_key_offset=0,i_key_stride_log=0,i_key_replication_log=0,i_reserve_keys_for_misses=0,i_num_updates_log=0,i_local_update_batch_size_log=1,i_num_probe_keys_log=27,i_miss_percentage=0,i_out_of_range_percentage=0,i_range_query_hit_count_log=0,i_exponent_bias=-10,i_force_single_anyhit=1,i_perpendicular_rays=1,i_start_ray_at_zero=1,i_compaction=1,i_large_keys=0,i_closest_hit=0,i_skip_probing=0,i_num_rays_per_thread_log=0,i_force_uniform_keys=0,i_x_bits=23,i_y_bits=9,i_z_bits=0,i_debug=0,uncompacted_size=3805310464,final_size=2429160576,update_temp_buffer_size=0,convert_time_ms=9.5271358489990234375,build_time_ms=110.4087066650390625,convert_build_time_ms=119.93584251403808594,convert_build_compact_time_ms=126.22323465347290039,compact_time_ms=6.2873921394348144531,update_time_ms=0,convert_and_update_time_ms=0,sort_time_ms=0,total_probe_time_ms=4612.6854980468751819
i_primitive=triangle,i_key_mode=ext,i_build_mode=b_sfl,i_probe_mode=p_sfl,i_update_type=global,i_num_build_keys_log=26,i_key_offset=0,i_key_stride_log=0,i_key_replication_log=0,i_reserve_keys_for_misses=0,i_num_updates_log=0,i_local_update_batch_size_log=1,i_num_probe_keys_log=27,i_miss_percentage=0,i_out_of_range_percentage=0,i_range_query_hit_count_log=0,i_exponent_bias=0,i_force_single_anyhit=1,i_perpendicular_rays=1,i_start_ray_at_zero=1,i_compaction=1,i_large_keys=0,i_closest_hit=0,i_skip_probing=0,i_num_rays_per_thread_log=0,i_force_uniform_keys=0,i_x_bits=23,i_y_bits=9,i_z_bits=0,i_debug=0,uncompacted_size=3805310464,final_size=2419267328,update_temp_buffer_size=0,convert_time_ms=10.059871673583984375,build_time_ms=110.47936248779296875,convert_build_time_ms=120.53923416137695312,convert_build_compact_time_ms=126.83069038391113281,compact_time_ms=6.2914562225341796875,update_time_ms=0,convert_and_update_time_ms=0,sort_time_ms=0,total_probe_time_ms=4512.8700195312503638
i_primitive=triangle,i_key_mode=ext,i_build_mode=b_sfl,i_probe_mode=p_sfl,i_update_type=global,i_num_build_keys_log=26,i_key_offset=0,i_key_stride_log=0,i_key_replication_log=0,i_reserve_keys_for_misses=0,i_num_updates_log=0,i_local_update_batch_size_log=1,i_num_probe_keys_log=27,i_miss_percentage=0,i_out_of_range_percentage=0,i_range_query_hit_count_log=0,i_exponent_bias=10,i_force_single_anyhit=1,i_perpendicular_rays=1,i_start_ray_at_zero=1,i_compaction=1,i_large_keys=0,i_closest_hit=0,i_skip_probing=0,i_num_rays_per_thread_log=0,i_force_uniform_keys=0,i_x_bits=23,i_y_bits=9,i_z_bits=0,i_debug=0,uncompacted_size=3805310464,final_size=2466790400,update_temp_buffer_size=0,convert_time_ms=9.52486419677734375,build_time_ms=110.4773101806640625,convert_build_time_ms=120.00217437744140625,convert_build_compact_time_ms=126.39603042602539062,compact_time_ms=6.393856048583984375,update_time_ms=0,convert_and_update_time_ms=0,sort_time_ms=0,total_probe_time_ms=4904.8067871093753638
i_primitive=triangle,i_key_mode=ext,i_build_mode=b_sfl,i_probe_mode=p_sfl,i_update_type=global,i_num_build_keys_log=26,i_key_offset=0,i_key_stride_log=0,i_key_replication_log=0,i_reserve_keys_for_misses=0,i_num_updates_log=0,i_local_update_batch_size_log=1,i_num_probe_keys_log=27,i_miss_percentage=0,i_out_of_range_percentage=0,i_range_query_hit_count_log=0,i_exponent_bias=20,i_force_single_anyhit=1,i_perpendicular_rays=1,i_start_ray_at_zero=1,i_compaction=1,i_large_keys=0,i_closest_hit=0,i_skip_probing=0,i_num_rays_per_thread_log=0,i_force_uniform_keys=0,i_x_bits=23,i_y_bits=9,i_z_bits=0,i_debug=0,uncompacted_size=3805310464,final_size=2419372288,update_temp_buffer_size=0,convert_time_ms=9.5267839431762695312,build_time_ms=110.4271392822265625,convert_build_time_ms=119.95392322540283203,convert_build_compact_time_ms=126.24742746353149414,compact_time_ms=6.2935042381286621094,update_time_ms=0,convert_and_update_time_ms=0,sort_time_ms=0,total_probe_time_ms=4917.4413574218751819
i_primitive=triangle,i_key_mode=3d,i_build_mode=b_sfl,i_probe_mode=p_sfl,i_update_type=global,i_num_build_keys_log=26,i_key_offset=0,i_key_stride_log=0,i_key_replication_log=0,i_reserve_keys_for_misses=0,i_num_updates_log=0,i_local_update_batch_size_log=1,i_num_probe_keys_log=27,i_miss_percentage=0,i_out_of_range_percentage=0,i_range_query_hit_count_log=0,i_exponent_bias=-20,i_force_single_anyhit=1,i_perpendicular_rays=1,i_start_ray_at_zero=1,i_compaction=1,i_large_keys=0,i_closest_hit=0,i_skip_probing=0,i_num_rays_per_thread_log=0,i_force_uniform_keys=0,i_x_bits=23,i_y_bits=9,i_z_bits=0,i_debug=0,uncompacted_size=3805310464,final_size=2365684736,update_temp_buffer_size=0,convert_time_ms=8.8606395721435546875,build_time_ms=109.82889556884765625,convert_build_time_ms=118.68953514099121094,convert_build_compact_time_ms=124.82943916320800781,compact_time_ms=6.139904022216796875,update_time_ms=0,convert_and_update_time_ms=0,sort_time_ms=0,total_probe_time_ms=68.135331726074213066
i_primitive=triangle,i_key_mode=3d,i_build_mode=b_sfl,i_probe_mode=p_sfl,i_update_type=global,i_num_build_keys_log=26,i_key_offset=0,i_key_stride_log=0,i_key_replication_log=0,i_reserve_keys_for_misses=0,i_num_updates_log=0,i_local_update_batch_size_log=1,i_num_probe_keys_log=27,i_miss_percentage=0,i_out_of_range_percentage=0,i_range_query_hit_count_log=0,i_exponent_bias=-10,i_force_single_anyhit=1,i_perpendicular_rays=1,i_start_ray_at_zero=1,i_compaction=1,i_large_keys=0,i_closest_hit=0,i_skip_probing=0,i_num_rays_per_thread_log=0,i_force_uniform_keys=0,i_x_bits=23,i_y_bits=9,i_z_bits=0,i_debug=0,uncompacted_size=3805310464,final_size=2389066752,update_temp_buffer_size=0,convert_time_ms=9.6773118972778320312,build_time_ms=110.834686279296875,convert_build_time_ms=120.51199817657470703,convert_build_compact_time_ms=126.72870206832885742,compact_time_ms=6.2167038917541503906,update_time_ms=0,convert_and_update_time_ms=0,sort_time_ms=0,total_probe_time_ms=68.140145874023431816
i_primitive=triangle,i_key_mode=3d,i_build_mode=b_sfl,i_probe_mode=p_sfl,i_update_type=global,i_num_build_keys_log=26,i_key_offset=0,i_key_stride_log=0,i_key_replication_log=0,i_reserve_keys_for_misses=0,i_num_updates_log=0,i_local_update_batch_size_log=1,i_num_probe_keys_log=27,i_miss_percentage=0,i_out_of_range_percentage=0,i_range_query_hit_count_log=0,i_exponent_bias=0,i_force_single_anyhit=1,i_perpendicular_rays=1,i_start_ray_at_zero=1,i_compaction=1,i_large_keys=0,i_closest_hit=0,i_skip_probing=0,i_num_rays_per_thread_log=0,i_force_uniform_keys=0,i_x_bits=23,i_y_bits=9,i_z_bits=0,i_debug=0,uncompacted_size=3805310464,final_size=2379090304,update_temp_buffer_size=0,convert_time_ms=13.000288009643554688,build_time_ms=241.480743408203125,convert_build_time_ms=254.48103141784667969,convert_build_compact_time_ms=265.25760746002197266,compact_time_ms=10.776576042175292969,update_time_ms=0,convert_and_update_time_ms=0,sort_time_ms=0,total_probe_time_ms=139.37371749877928551
i_primitive=triangle,i_key_mode=3d,i_build_mode=b_sfl,i_probe_mode=p_sfl,i_update_type=global,i_num_build_keys_log=26,i_key_offset=0,i_key_stride_log=0,i_key_replication_log=0,i_reserve_keys_for_misses=0,i_num_updates_log=0,i_local_update_batch_size_log=1,i_num_probe_keys_log=27,i_miss_percentage=0,i_out_of_range_percentage=0,i_range_query_hit_count_log=0,i_exponent_bias=10,i_force_single_anyhit=1,i_perpendicular_rays=1,i_start_ray_at_zero=1,i_compaction=1,i_large_keys=0,i_closest_hit=0,i_skip_probing=0,i_num_rays_per_thread_log=0,i_force_uniform_keys=0,i_x_bits=23,i_y_bits=9,i_z_bits=0,i_debug=0,uncompacted_size=3805310464,final_size=2413817600,update_temp_buffer_size=0,convert_time_ms=9.665760040283203125,build_time_ms=110.84476470947265625,convert_build_time_ms=120.51052474975585938,convert_build_compact_time_ms=126.79276466369628906,compact_time_ms=6.2822399139404296875,update_time_ms=0,convert_and_update_time_ms=0,sort_time_ms=0,total_probe_time_ms=68.253553771972661934
i_primitive=triangle,i_key_mode=3d,i_build_mode=b_sfl,i_probe_mode=p_sfl,i_update_type=global,i_num_build_keys_log=26,i_key_offset=0,i_key_stride_log=0,i_key_replication_log=0,i_reserve_keys_for_misses=0,i_num_updates_log=0,i_local_update_batch_size_log=1,i_num_probe_keys_log=27,i_miss_percentage=0,i_out_of_range_percentage=0,i_range_query_hit_count_log=0,i_exponent_bias=20,i_force_single_anyhit=1,i_perpendicular_rays=1,i_start_ray_at_zero=1,i_compaction=1,i_large_keys=0,i_closest_hit=0,i_skip_probing=0,i_num_rays_per_thread_log=0,i_force_uniform_keys=0,i_x_bits=23,i_y_bits=9,i_z_bits=0,i_debug=0,uncompacted_size=3805310464,final_size=2400010112,update_temp_buffer_size=0,convert_time_ms=19.526399612426757812,build_time_ms=235.2578582763671875,convert_build_time_ms=254.78425788879394531,convert_build_compact_time_ms=265.51475429534912109,compact_time_ms=10.730496406555175781,update_time_ms=0,convert_and_update_time_ms=0,sort_time_ms=0,total_probe_time_ms=141.51980056762695881
