i_primitive=triangle,i_key_mode=naive,i_build_mode=b_sfl,i_probe_mode=p_sfl,i_update_type=global,i_num_build_keys_log=21,i_key_offset=0,i_key_stride_log=0,i_key_replication_log=0,i_reserve_keys_for_misses=0,i_num_updates_log=0,i_local_update_batch_size_log=1,i_num_probe_keys_log=27,i_miss_percentage=0,i_out_of_range_percentage=0,i_range_query_hit_count_log=0,i_exponent_bias=0,i_force_single_anyhit=1,i_perpendicular_rays=0,i_start_ray_at_zero=1,i_compaction=1,i_large_keys=0,i_closest_hit=0,i_skip_probing=0,i_num_rays_per_thread_log=0,i_force_uniform_keys=0,i_x_bits=23,i_y_bits=9,i_z_bits=0,i_debug=0,uncompacted_size=118918656,final_size=83117952,update_temp_buffer_size=0,convert_time_ms=0.33190399408340454102,build_time_ms=2.9153280258178710938,convert_build_time_ms=3.2472320199012756348,convert_build_compact_time_ms=3.4571520239114761353,compact_time_ms=0.20992000401020050049,update_time_ms=0,convert_and_update_time_ms=0,sort_time_ms=0,total_probe_time_ms=40.031615829467774859
i_primitive=triangle,i_key_mode=excl,i_build_mode=b_sfl,i_probe_mode=p_sfl,i_update_type=global,i_num_build_keys_log=21,i_key_offset=0,i_key_stride_log=0,i_key_replication_log=0,i_reserve_keys_for_misses=0,i_num_updates_log=0,i_local_update_batch_size_log=1,i_num_probe_keys_log=27,i_miss_percentage=0,i_out_of_range_percentage=0,i_range_query_hit_count_log=0,i_exponent_bias=0,i_force_single_anyhit=1,i_perpendicular_rays=0,i_start_ray_at_zero=1,i_compaction=1,i_large_keys=0,i_closest_hit=0,i_skip_probing=0,i_num_rays_per_thread_log=0,i_force_uniform_keys=0,i_x_bits=23,i_y_bits=9,i_z_bits=0,i_debug=0,uncompacted_size=118918656,final_size=83518080,update_temp_buffer_size=0,convert_time_ms=0.33167999982833862305,build_time_ms=3.6208961009979248047,convert_build_time_ms=3.9525761008262634277,convert_build_compact_time_ms=4.1747840940952301025,compact_time_ms=0.2222079932689666748,update_time_ms=0,convert_and_update_time_ms=0,sort_time_ms=0,total_probe_time_ms=40.043532943725587359
i_primitive=triangle,i_key_mode=ext,i_build_mode=b_sfl,i_probe_mode=p_sfl,i_update_type=global,i_num_build_keys_log=21,i_key_offset=0,i_key_stride_log=0,i_key_replication_log=0,i_reserve_keys_for_misses=0,i_num_updates_log=0,i_local_update_batch_size_log=1,i_num_probe_keys_log=27,i_miss_percentage=0,i_out_of_range_percentage=0,i_range_query_hit_count_log=0,i_exponent_bias=0,i_force_single_anyhit=1,i_perpendicular_rays=0,i_start_ray_at_zero=1,i_compaction=1,i_large_keys=0,i_closest_hit=0,i_skip_probing=0,i_num_rays_per_thread_log=0,i_force_uniform_keys=0,i_x_bits=23,i_y_bits=9,i_z_bits=0,i_debug=0,uncompacted_size=118918656,final_size=83769344,update_temp_buffer_size=0,convert_time_ms=0.34329599142074584961,build_time_ms=2.9235200881958007812,convert_build_time_ms=3.2668160796165466309,convert_build_compact_time_ms=3.4908160865306854248,compact_time_ms=0.22400000691413879395,update_time_ms=0,convert_and_update_time_ms=0,sort_time_ms=0,total_probe_time_ms=153.6403045654296875
i_primitive=triangle,i_key_mode=3d,i_build_mode=b_sfl,i_probe_mode=p_sfl,i_update_type=global,i_num_build_keys_log=21,i_key_offset=0,i_key_stride_log=0,i_key_replication_log=0,i_reserve_keys_for_misses=0,i_num_updates_log=0,i_local_update_batch_size_log=1,i_num_probe_keys_log=27,i_miss_percentage=0,i_out_of_range_percentage=0,i_range_query_hit_count_log=0,i_exponent_bias=0,i_force_single_anyhit=1,i_perpendicular_rays=0,i_start_ray_at_zero=1,i_compaction=1,i_large_keys=0,i_closest_hit=0,i_skip_probing=0,i_num_rays_per_thread_log=0,i_force_uniform_keys=0,i_x_bits=23,i_y_bits=9,i_z_bits=0,i_debug=0,uncompacted_size=118918656,final_size=83116928,update_temp_buffer_size=0,convert_time_ms=0.3220799863338470459,build_time_ms=2.9296638965606689453,convert_build_time_ms=3.2517438828945159912,convert_build_compact_time_ms=3.4719678759574890137,compact_time_ms=0.22022399306297302246,update_time_ms=0,convert_and_update_time_ms=0,sort_time_ms=0,total_probe_time_ms=40.691999816894529829
i_primitive=triangle,i_key_mode=naive,i_build_mode=b_sfl,i_probe_mode=p_sfl,i_update_type=global,i_num_build_keys_log=21,i_key_offset=0,i_key_stride_log=0,i_key_replication_log=0,i_reserve_keys_for_misses=0,i_num_updates_log=0,i_local_update_batch_size_log=1,i_num_probe_keys_log=27,i_miss_percentage=0,i_out_of_range_percentage=0,i_range_query_hit_count_log=0,i_exponent_bias=0,i_force_single_anyhit=1,i_perpendicular_rays=1,i_start_ray_at_zero=1,i_compaction=1,i_large_keys=0,i_closest_hit=0,i_skip_probing=0,i_num_rays_per_thread_log=0,i_force_uniform_keys=0,i_x_bits=23,i_y_bits=9,i_z_bits=0,i_debug=0,uncompacted_size=118918656,final_size=83113600,update_temp_buffer_size=0,convert_time_ms=0.33308801054954528809,build_time_ms=2.9377920627593994141,convert_build_time_ms=3.2708800733089447021,convert_build_compact_time_ms=3.493088066577911377,compact_time_ms=0.2222079932689666748,update_time_ms=0,convert_and_update_time_ms=0,sort_time_ms=0,total_probe_time_ms=15.461567974090575817
i_primitive=triangle,i_key_mode=excl,i_build_mode=b_sfl,i_probe_mode=p_sfl,i_update_type=global,i_num_build_keys_log=21,i_key_offset=0,i_key_stride_log=0,i_key_replication_log=0,i_reserve_keys_for_misses=0,i_num_updates_log=0,i_local_update_batch_size_log=1,i_num_probe_keys_log=27,i_miss_percentage=0,i_out_of_range_percentage=0,i_range_query_hit_count_log=0,i_exponent_bias=0,i_force_single_anyhit=1,i_perpendicular_rays=1,i_start_ray_at_zero=1,i_compaction=1,i_large_keys=0,i_closest_hit=0,i_skip_probing=0,i_num_rays_per_thread_log=0,i_force_uniform_keys=0,i_x_bits=23,i_y_bits=9,i_z_bits=0,i_debug=0,uncompacted_size=118918656,final_size=83518976,update_temp_buffer_size=0,convert_time_ms=0.33263999223709106445,build_time_ms=3.6413440704345703125,convert_build_time_ms=3.973984062671661377,convert_build_compact_time_ms=4.1992640644311904907,compact_time_ms=0.22528000175952911377,update_time_ms=0,convert_and_update_time_ms=0,sort_time_ms=0,total_probe_time_ms=16.482070541381837359
i_primitive=triangle,i_key_mode=ext,i_build_mode=b_sfl,i_probe_mode=p_sfl,i_update_type=global,i_num_build_keys_log=21,i_key_offset=0,i_key_stride_log=0,i_key_replication_log=0,i_reserve_keys_for_misses=0,i_num_updates_log=0,i_local_update_batch_size_log=1,i_num_probe_keys_log=27,i_miss_percentage=0,i_out_of_range_percentage=0,i_range_query_hit_count_log=0,i_exponent_bias=0,i_force_single_anyhit=1,i_perpendicular_rays=1,i_start_ray_at_zero=1,i_compaction=1,i_large_keys=0,i_closest_hit=0,i_skip_probing=0,i_num_rays_per_thread_log=0,i_force_uniform_keys=0,i_x_bits=23,i_y_bits=9,i_z_bits=0,i_debug=0,uncompacted_size=118918656,final_size=83769344,update_temp_buffer_size=0,convert_time_ms=0.34563198685646057129,build_time_ms=2.9358079433441162109,convert_build_time_ms=3.2814399302005767822,convert_build_compact_time_ms=3.5077439248561859131,compact_time_ms=0.22630399465560913086,update_time_ms=0,convert_and_update_time_ms=0,sort_time_ms=0,total_probe_time_ms=16.281180763244627485
i_primitive=triangle,i_key_mode=3d,i_build_mode=b_sfl,i_probe_mode=p_sfl,i_update_type=global,i_num_build_keys_log=21,i_key_offset=0,i_key_stride_log=0,i_key_replication_log=0,i_reserve_keys_for_misses=0,i_num_updates_log=0,i_local_update_batch_size_log=1,i_num_probe_keys_log=27,i_miss_percentage=0,i_out_of_range_percentage=0,i_range_query_hit_count_log=0,i_exponent_bias=0,i_force_single_anyhit=1,i_perpendicular_rays=1,i_start_ray_at_zero=1,i_compaction=1,i_large_keys=0,i_closest_hit=0,i_skip_probing=0,i_num_rays_per_thread_log=0,i_force_uniform_keys=0,i_x_bits=23,i_y_bits=9,i_z_bits=0,i_debug=0,uncompacted_size=118918656,final_size=83133056,update_temp_buffer_size=0,convert_time_ms=0.33167999982833862305,build_time_ms=2.9399039745330810547,convert_build_time_ms=3.2715839743614196777,convert_build_compact_time_ms=3.4927679747343063354,compact_time_ms=0.22118400037288665771,update_time_ms=0,convert_and_update_time_ms=0,sort_time_ms=0,total_probe_time_ms=14.607884883880615234
i_primitive=triangle,i_key_mode=naive,i_build_mode=b_sfl,i_probe_mode=p_sfl,i_update_type=global,i_num_build_keys_log=22,i_key_offset=0,i_key_stride_log=0,i_key_replication_log=0,i_reserve_keys_for_misses=0,i_num_updates_log=0,i_local_update_batch_size_log=1,i_num_probe_keys_log=27,i_miss_percentage=0,i_out_of_range_percentage=0,i_range_query_hit_count_log=0,i_exponent_bias=0,i_force_single_anyhit=1,i_perpendicular_rays=0,i_start_ray_at_zero=1,i_compaction=1,i_large_keys=0,i_closest_hit=0,i_skip_probing=0,i_num_rays_per_thread_log=0,i_force_uniform_keys=0,i_x_bits=23,i_y_bits=9,i_z_bits=0,i_debug=0,uncompacted_size=237834624,final_size=165357952,update_temp_buffer_size=0,convert_time_ms=0.64268797636032104492,build_time_ms=6.2778558731079101562,convert_build_time_ms=6.9205438494682312012,convert_build_compact_time_ms=7.3536958396434783936,compact_time_ms=0.43315199017524719238,update_time_ms=0,convert_and_update_time_ms=0,sort_time_ms=0,total_probe_time_ms=120.36878433227539631
i_primitive=triangle,i_key_mode=excl,i_build_mode=b_sfl,i_probe_mode=p_sfl,i_update_type=global,i_num_build_keys_log=22,i_key_offset=0,i_key_stride_log=0,i_key_replication_log=0,i_reserve_keys_for_misses=0,i_num_updates_log=0,i_local_update_batch_size_log=1,i_num_probe_keys_log=27,i_miss_percentage=0,i_out_of_range_percentage=0,i_range_query_hit_count_log=0,i_exponent_bias=0,i_force_single_anyhit=1,i_perpendicular_rays=0,i_start_ray_at_zero=1,i_compaction=1,i_large_keys=0,i_closest_hit=0,i_skip_probing=0,i_num_rays_per_thread_log=0,i_force_uniform_keys=0,i_x_bits=23,i_y_bits=9,i_z_bits=0,i_debug=0,uncompacted_size=237834624,final_size=166125440,update_temp_buffer_size=0,convert_time_ms=0.64227199554443359375,build_time_ms=6.4583678245544433594,convert_build_time_ms=7.1006398200988769531,convert_build_compact_time_ms=7.5368638336658477783,compact_time_ms=0.4362240135669708252,update_time_ms=0,convert_and_update_time_ms=0,sort_time_ms=0,total_probe_time_ms=121.23402252197266193
i_primitive=triangle,i_key_mode=ext,i_build_mode=b_sfl,i_probe_mode=p_sfl,i_update_type=global,i_num_build_keys_log=22,i_key_offset=0,i_key_stride_log=0,i_key_replication_log=0,i_reserve_keys_for_misses=0,i_num_updates_log=0,i_local_update_batch_size_log=1,i_num_probe_keys_log=27,i_miss_percentage=0,i_out_of_range_percentage=0,i_range_query_hit_count_log=0,i_exponent_bias=0,i_force_single_anyhit=1,i_perpendicular_rays=0,i_start_ray_at_zero=1,i_compaction=1,i_large_keys=0,i_closest_hit=0,i_skip_probing=0,i_num_rays_per_thread_log=0,i_force_uniform_keys=0,i_x_bits=23,i_y_bits=9,i_z_bits=0,i_debug=0,uncompacted_size=237834624,final_size=166059136,update_temp_buffer_size=0,convert_time_ms=0.64924800395965576172,build_time_ms=6.3109121322631835938,convert_build_time_ms=6.9601601362228393555,convert_build_compact_time_ms=7.3974081277847290039,compact_time_ms=0.43724799156188964844,update_time_ms=0,convert_and_update_time_ms=0,sort_time_ms=0,total_probe_time_ms=298.69708862304685226
i_primitive=triangle,i_key_mode=3d,i_build_mode=b_sfl,i_probe_mode=p_sfl,i_update_type=global,i_num_build_keys_log=22,i_key_offset=0,i_key_stride_log=0,i_key_replication_log=0,i_reserve_keys_for_misses=0,i_num_updates_log=0,i_local_update_batch_size_log=1,i_num_probe_keys_log=27,i_miss_percentage=0,i_out_of_range_percentage=0,i_range_query_hit_count_log=0,i_exponent_bias=0,i_force_single_anyhit=1,i_perpendicular_rays=0,i_start_ray_at_zero=1,i_compaction=1,i_large_keys=0,i_closest_hit=0,i_skip_probing=0,i_num_rays_per_thread_log=0,i_force_uniform_keys=0,i_x_bits=23,i_y_bits=9,i_z_bits=0,i_debug=0,uncompacted_size=237834624,final_size=165379584,update_temp_buffer_size=0,convert_time_ms=0.62911999225616455078,build_time_ms=6.3457279205322265625,convert_build_time_ms=6.9748479127883911133,convert_build_compact_time_ms=7.4049279093742370605,compact_time_ms=0.43007999658584594727,update_time_ms=0,convert_and_update_time_ms=0,sort_time_ms=0,total_probe_time_ms=120.40253448486328125
i_primitive=triangle,i_key_mode=naive,i_build_mode=b_sfl,i_probe_mode=p_sfl,i_update_type=global,i_num_build_keys_log=22,i_key_offset=0,i_key_stride_log=0,i_key_replication_log=0,i_reserve_keys_for_misses=0,i_num_updates_log=0,i_local_update_batch_size_log=1,i_num_probe_keys_log=27,i_miss_percentage=0,i_out_of_range_percentage=0,i_range_query_hit_count_log=0,i_exponent_bias=0,i_force_single_anyhit=1,i_perpendicular_rays=1,i_start_ray_at_zero=1,i_compaction=1,i_large_keys=0,i_closest_hit=0,i_skip_probing=0,i_num_rays_per_thread_log=0,i_force_uniform_keys=0,i_x_bits=23,i_y_bits=9,i_z_bits=0,i_debug=0,uncompacted_size=237834624,final_size=165489024,update_temp_buffer_size=0,convert_time_ms=0.65334397554397583008,build_time_ms=6.2740478515625,convert_build_time_ms=6.9273918271064758301,convert_build_compact_time_ms=7.3636158406734466553,compact_time_ms=0.4362240135669708252,update_time_ms=0,convert_and_update_time_ms=0,sort_time_ms=0,total_probe_time_ms=24.307318305969239702
i_primitive=triangle,i_key_mode=excl,i_build_mode=b_sfl,i_probe_mode=p_sfl,i_update_type=global,i_num_build_keys_log=22,i_key_offset=0,i_key_stride_log=0,i_key_replication_log=0,i_reserve_keys_for_misses=0,i_num_updates_log=0,i_local_update_batch_size_log=1,i_num_probe_keys_log=27,i_miss_percentage=0,i_out_of_range_percentage=0,i_range_query_hit_count_log=0,i_exponent_bias=0,i_force_single_anyhit=1,i_perpendicular_rays=1,i_start_ray_at_zero=1,i_compaction=1,i_large_keys=0,i_closest_hit=0,i_skip_probing=0,i_num_rays_per_thread_log=0,i_force_uniform_keys=0,i_x_bits=23,i_y_bits=9,i_z_bits=0,i_debug=0,uncompacted_size=237834624,final_size=166161408,update_temp_buffer_size=0,convert_time_ms=0.64387202262878417969,build_time_ms=6.4870400428771972656,convert_build_time_ms=7.1309120655059814453,convert_build_compact_time_ms=7.5690880715847015381,compact_time_ms=0.43817600607872009277,update_time_ms=0,convert_and_update_time_ms=0,sort_time_ms=0,total_probe_time_ms=33.201238632202148438
i_primitive=triangle,i_key_mode=ext,i_build_mode=b_sfl,i_probe_mode=p_sfl,i_update_type=global,i_num_build_keys_log=22,i_key_offset=0,i_key_stride_log=0,i_key_replication_log=0,i_reserve_keys_for_misses=0,i_num_updates_log=0,i_local_update_batch_size_log=1,i_num_probe_keys_log=27,i_miss_percentage=0,i_out_of_range_percentage=0,i_range_query_hit_count_log=0,i_exponent_bias=0,i_force_single_anyhit=1,i_perpendicular_rays=1,i_start_ray_at_zero=1,i_compaction=1,i_large_keys=0,i_closest_hit=0,i_skip_probing=0,i_num_rays_per_thread_log=0,i_force_uniform_keys=0,i_x_bits=23,i_y_bits=9,i_z_bits=0,i_debug=0,uncompacted_size=237834624,final_size=166060288,update_temp_buffer_size=0,convert_time_ms=0.67081600427627563477,build_time_ms=6.2902398109436035156,convert_build_time_ms=6.9610558152198791504,convert_build_compact_time_ms=7.3972798287868499756,compact_time_ms=0.4362240135669708252,update_time_ms=0,convert_and_update_time_ms=0,sort_time_ms=0,total_probe_time_ms=29.073708534240722656
i_primitive=triangle,i_key_mode=3d,i_build_mode=b_sfl,i_probe_mode=p_sfl,i_update_type=global,i_num_build_keys_log=22,i_key_offset=0,i_key_stride_log=0,i_key_replication_log=0,i_reserve_keys_for_misses=0,i_num_updates_log=0,i_local_update_batch_size_log=1,i_num_probe_keys_log=27,i_miss_percentage=0,i_out_of_range_percentage=0,i_range_query_hit_count_log=0,i_exponent_bias=0,i_force_single_anyhit=1,i_perpendicular_rays=1,i_start_ray_at_zero=1,i_compaction=1,i_large_keys=0,i_closest_hit=0,i_skip_probing=0,i_num_rays_per_thread_log=0,i_force_uniform_keys=0,i_x_bits=23,i_y_bits=9,i_z_bits=0,i_debug=0,uncompacted_size=237834624,final_size=165394432,update_temp_buffer_size=0,convert_time_ms=0.62409597635269165039,build_time_ms=6.3037438392639160156,convert_build_time_ms=6.927839815616607666,convert_build_compact_time_ms=7.3630398213863372803,compact_time_ms=0.43520000576972961426,update_time_ms=0,convert_and_update_time_ms=0,sort_time_ms=0,total_probe_time_ms=24.30810546875
i_primitive=triangle,i_key_mode=naive,i_build_mode=b_sfl,i_probe_mode=p_sfl,i_update_type=global,i_num_build_keys_log=23,i_key_offset=0,i_key_stride_log=0,i_key_replication_log=0,i_reserve_keys_for_misses=0,i_num_updates_log=0,i_local_update_batch_size_log=1,i_num_probe_keys_log=27,i_miss_percentage=0,i_out_of_range_percentage=0,i_range_query_hit_count_log=0,i_exponent_bias=0,i_force_single_anyhit=1,i_perpendicular_rays=0,i_start_ray_at_zero=1,i_compaction=1,i_large_keys=0,i_closest_hit=0,i_skip_probing=0,i_num_rays_per_thread_log=0,i_force_uniform_keys=0,i_x_bits=23,i_y_bits=9,i_z_bits=0,i_debug=0,uncompacted_size=475666304,final_size=331548032,update_temp_buffer_size=0,convert_time_ms=1.2624959945678710938,build_time_ms=13.579263687133789062,convert_build_time_ms=14.841759681701660156,convert_build_compact_time_ms=15.704959690570831299,compact_time_ms=0.86320000886917114258,update_time_ms=0,convert_and_update_time_ms=0,sort_time_ms=0,total_probe_time_ms=287.0849609375
i_primitive=triangle,i_key_mode=excl,i_build_mode=b_sfl,i_probe_mode=p_sfl,i_update_type=global,i_num_build_keys_log=23,i_key_offset=0,i_key_stride_log=0,i_key_replication_log=0,i_reserve_keys_for_misses=0,i_num_updates_log=0,i_local_update_batch_size_log=1,i_num_probe_keys_log=27,i_miss_percentage=0,i_out_of_range_percentage=0,i_range_query_hit_count_log=0,i_exponent_bias=0,i_force_single_anyhit=1,i_perpendicular_rays=0,i_start_ray_at_zero=1,i_compaction=1,i_large_keys=0,i_closest_hit=0,i_skip_probing=0,i_num_rays_per_thread_log=0,i_force_uniform_keys=0,i_x_bits=23,i_y_bits=9,i_z_bits=0,i_debug=0,uncompacted_size=475666304,final_size=333004160,update_temp_buffer_size=0,convert_time_ms=1.2719360589981079102,build_time_ms=13.628416061401367188,convert_build_time_ms=14.900352120399475098,convert_build_compact_time_ms=15.761536121368408203,compact_time_ms=0.86118400096893310547,update_time_ms=0,convert_and_update_time_ms=0,sort_time_ms=0,total_probe_time_ms=294.36252136230467613
i_primitive=triangle,i_key_mode=ext,i_build_mode=b_sfl,i_probe_mode=p_sfl,i_update_type=global,i_num_build_keys_log=23,i_key_offset=0,i_key_stride_log=0,i_key_replication_log=0,i_reserve_keys_for_misses=0,i_num_updates_log=0,i_local_update_batch_size_log=1,i_num_probe_keys_log=27,i_miss_percentage=0,i_out_of_range_percentage=0,i_range_query_hit_count_log=0,i_exponent_bias=0,i_force_single_anyhit=1,i_perpendicular_rays=0,i_start_ray_at_zero=1,i_compaction=1,i_large_keys=0,i_closest_hit=0,i_skip_probing=0,i_num_rays_per_thread_log=0,i_force_uniform_keys=0,i_x_bits=23,i_y_bits=9,i_z_bits=0,i_debug=0,uncompacted_size=475666304,final_size=353628928,update_temp_buffer_size=0,convert_time_ms=1.2825599908828735352,build_time_ms=13.730560302734375,convert_build_time_ms=15.013120293617248535,convert_build_compact_time_ms=15.930624306201934814,compact_time_ms=0.9175040125846862793,update_time_ms=0,convert_and_update_time_ms=0,sort_time_ms=0,total_probe_time_ms=420.49742736816403976
i_primitive=triangle,i_key_mode=3d,i_build_mode=b_sfl,i_probe_mode=p_sfl,i_update_type=global,i_num_build_keys_log=23,i_key_offset=0,i_key_stride_log=0,i_key_replication_log=0,i_reserve_keys_for_misses=0,i_num_updates_log=0,i_local_update_batch_size_log=1,i_num_probe_keys_log=27,i_miss_percentage=0,i_out_of_range_percentage=0,i_range_query_hit_count_log=0,i_exponent_bias=0,i_force_single_anyhit=1,i_perpendicular_rays=0,i_start_ray_at_zero=1,i_compaction=1,i_large_keys=0,i_closest_hit=0,i_skip_probing=0,i_num_rays_per_thread_log=0,i_force_uniform_keys=0,i_x_bits=23,i_y_bits=9,i_z_bits=0,i_debug=0,uncompacted_size=475666304,final_size=332101376,update_temp_buffer_size=0,convert_time_ms=1.2276799678802490234,build_time_ms=13.522944450378417969,convert_build_time_ms=14.750624418258666992,convert_build_compact_time_ms=15.611808419227600098,compact_time_ms=0.86118400096893310547,update_time_ms=0,convert_and_update_time_ms=0,sort_time_ms=0,total_probe_time_ms=287.29967346191403976
i_primitive=triangle,i_key_mode=naive,i_build_mode=b_sfl,i_probe_mode=p_sfl,i_update_type=global,i_num_build_keys_log=23,i_key_offset=0,i_key_stride_log=0,i_key_replication_log=0,i_reserve_keys_for_misses=0,i_num_updates_log=0,i_local_update_batch_size_log=1,i_num_probe_keys_log=27,i_miss_percentage=0,i_out_of_range_percentage=0,i_range_query_hit_count_log=0,i_exponent_bias=0,i_force_single_anyhit=1,i_perpendicular_rays=1,i_start_ray_at_zero=1,i_compaction=1,i_large_keys=0,i_closest_hit=0,i_skip_probing=0,i_num_rays_per_thread_log=0,i_force_uniform_keys=0,i_x_bits=23,i_y_bits=9,i_z_bits=0,i_debug=0,uncompacted_size=475666304,final_size=332123520,update_temp_buffer_size=0,convert_time_ms=1.2630399465560913086,build_time_ms=13.547519683837890625,convert_build_time_ms=14.810559630393981934,convert_build_compact_time_ms=15.67276763916015625,compact_time_ms=0.86220800876617431641,update_time_ms=0,convert_and_update_time_ms=0,sort_time_ms=0,total_probe_time_ms=41.112128448486330967
i_primitive=triangle,i_key_mode=excl,i_build_mode=b_sfl,i_probe_mode=p_sfl,i_update_type=global,i_num_build_keys_log=23,i_key_offset=0,i_key_stride_log=0,i_key_replication_log=0,i_reserve_keys_for_misses=0,i_num_updates_log=0,i_local_update_batch_size_log=1,i_num_probe_keys_log=27,i_miss_percentage=0,i_out_of_range_percentage=0,i_range_query_hit_count_log=0,i_exponent_bias=0,i_force_single_anyhit=1,i_perpendicular_rays=1,i_start_ray_at_zero=1,i_compaction=1,i_large_keys=0,i_closest_hit=0,i_skip_probing=0,i_num_rays_per_thread_log=0,i_force_uniform_keys=0,i_x_bits=23,i_y_bits=9,i_z_bits=0,i_debug=0,uncompacted_size=475666304,final_size=333082368,update_temp_buffer_size=0,convert_time_ms=1.2698880434036254883,build_time_ms=13.632512092590332031,convert_build_time_ms=14.90240013599395752,convert_build_compact_time_ms=15.768512129783630371,compact_time_ms=0.86611199378967285156,update_time_ms=0,convert_and_update_time_ms=0,sort_time_ms=0,total_probe_time_ms=50.679401779174803266
i_primitive=triangle,i_key_mode=ext,i_build_mode=b_sfl,i_probe_mode=p_sfl,i_update_type=global,i_num_build_keys_log=23,i_key_offset=0,i_key_stride_log=0,i_key_replication_log=0,i_reserve_keys_for_misses=0,i_num_updates_log=0,i_local_update_batch_size_log=1,i_num_probe_keys_log=27,i_miss_percentage=0,i_out_of_range_percentage=0,i_range_query_hit_count_log=0,i_exponent_bias=0,i_force_single_anyhit=1,i_perpendicular_rays=1,i_start_ray_at_zero=1,i_compaction=1,i_large_keys=0,i_closest_hit=0,i_skip_probing=0,i_num_rays_per_thread_log=0,i_force_uniform_keys=0,i_x_bits=23,i_y_bits=9,i_z_bits=0,i_debug=0,uncompacted_size=475666304,final_size=353560576,update_temp_buffer_size=0,convert_time_ms=1.2834880352020263672,build_time_ms=13.780735969543457031,convert_build_time_ms=15.064224004745483398,convert_build_compact_time_ms=15.985823988914489746,compact_time_ms=0.92159998416900634766,update_time_ms=0,convert_and_update_time_ms=0,sort_time_ms=0,total_probe_time_ms=52.627738189697268467
i_primitive=triangle,i_key_mode=3d,i_build_mode=b_sfl,i_probe_mode=p_sfl,i_update_type=global,i_num_build_keys_log=23,i_key_offset=0,i_key_stride_log=0,i_key_replication_log=0,i_reserve_keys_for_misses=0,i_num_updates_log=0,i_local_update_batch_size_log=1,i_num_probe_keys_log=27,i_miss_percentage=0,i_out_of_range_percentage=0,i_range_query_hit_count_log=0,i_exponent_bias=0,i_force_single_anyhit=1,i_perpendicular_rays=1,i_start_ray_at_zero=1,i_compaction=1,i_large_keys=0,i_closest_hit=0,i_skip_probing=0,i_num_rays_per_thread_log=0,i_force_uniform_keys=0,i_x_bits=23,i_y_bits=9,i_z_bits=0,i_debug=0,uncompacted_size=475666304,final_size=331532928,update_temp_buffer_size=0,convert_time_ms=1.2151039838790893555,build_time_ms=13.603839874267578125,convert_build_time_ms=14.81894385814666748,convert_build_compact_time_ms=15.682175874710083008,compact_time_ms=0.86323201656341552734,update_time_ms=0,convert_and_update_time_ms=0,sort_time_ms=0,total_probe_time_ms=41.17320365905762003
i_primitive=triangle,i_key_mode=excl,i_build_mode=b_sfl,i_probe_mode=p_sfl,i_update_type=global,i_num_build_keys_log=24,i_key_offset=0,i_key_stride_log=0,i_key_replication_log=0,i_reserve_keys_for_misses=0,i_num_updates_log=0,i_local_update_batch_size_log=1,i_num_probe_keys_log=27,i_miss_percentage=0,i_out_of_range_percentage=0,i_range_query_hit_count_log=0,i_exponent_bias=0,i_force_single_anyhit=1,i_perpendicular_rays=0,i_start_ray_at_zero=1,i_compaction=1,i_large_keys=0,i_closest_hit=0,i_skip_probing=0,i_num_rays_per_thread_log=0,i_force_uniform_keys=0,i_x_bits=23,i_y_bits=9,i_z_bits=0,i_debug=0,uncompacted_size=951329792,final_size=685552000,update_temp_buffer_size=0,convert_time_ms=2.5546879768371582031,build_time_ms=27.930719375610351562,convert_build_time_ms=30.485407352447509766,convert_build_compact_time_ms=32.277407407760620117,compact_time_ms=1.7920000553131103516,update_time_ms=0,convert_and_update_time_ms=0,sort_time_ms=0,total_probe_time_ms=633.81244506835935226
i_primitive=triangle,i_key_mode=ext,i_build_mode=b_sfl,i_probe_mode=p_sfl,i_update_type=global,i_num_build_keys_log=24,i_key_offset=0,i_key_stride_log=0,i_key_replication_log=0,i_reserve_keys_for_misses=0,i_num_updates_log=0,i_local_update_batch_size_log=1,i_num_probe_keys_log=27,i_miss_percentage=0,i_out_of_range_percentage=0,i_range_query_hit_count_log=0,i_exponent_bias=0,i_force_single_anyhit=1,i_perpendicular_rays=0,i_start_ray_at_zero=1,i_compaction=1,i_large_keys=0,i_closest_hit=0,i_skip_probing=0,i_num_rays_per_thread_log=0,i_force_uniform_keys=0,i_x_bits=23,i_y_bits=9,i_z_bits=0,i_debug=0,uncompacted_size=951329792,final_size=585977984,update_temp_buffer_size=0,convert_time_ms=2.5636799335479736328,build_time_ms=27.2783355712890625,convert_build_time_ms=29.842015504837036133,convert_build_compact_time_ms=31.364671468734741211,compact_time_ms=1.5226559638977050781,update_time_ms=0,convert_and_update_time_ms=0,sort_time_ms=0,total_probe_time_ms=371.06492309570313637
i_primitive=triangle,i_key_mode=3d,i_build_mode=b_sfl,i_probe_mode=p_sfl,i_update_type=global,i_num_build_keys_log=24,i_key_offset=0,i_key_stride_log=0,i_key_replication_log=0,i_reserve_keys_for_misses=0,i_num_updates_log=0,i_local_update_batch_size_log=1,i_num_probe_keys_log=27,i_miss_percentage=0,i_out_of_range_percentage=0,i_range_query_hit_count_log=0,i_exponent_bias=0,i_force_single_anyhit=1,i_perpendicular_rays=0,i_start_ray_at_zero=1,i_compaction=1,i_large_keys=0,i_closest_hit=0,i_skip_probing=0,i_num_rays_per_thread_log=0,i_force_uniform_keys=0,i_x_bits=23,i_y_bits=9,i_z_bits=0,i_debug=0,uncompacted_size=951329792,final_size=669473536,update_temp_buffer_size=0,convert_time_ms=2.4647679328918457031,build_time_ms=27.841279983520507812,convert_build_time_ms=30.306047916412353516,convert_build_compact_time_ms=32.048895955085754395,compact_time_ms=1.7428480386734008789,update_time_ms=0,convert_and_update_time_ms=0,sort_time_ms=0,total_probe_time_ms=589.75486450195307953
i_primitive=triangle,i_key_mode=excl,i_build_mode=b_sfl,i_probe_mode=p_sfl,i_update_type=global,i_num_build_keys_log=24,i_key_offset=0,i_key_stride_log=0,i_key_replication_log=0,i_reserve_keys_for_misses=0,i_num_updates_log=0,i_local_update_batch_size_log=1,i_num_probe_keys_log=27,i_miss_percentage=0,i_out_of_range_percentage=0,i_range_query_hit_count_log=0,i_exponent_bias=0,i_force_single_anyhit=1,i_perpendicular_rays=1,i_start_ray_at_zero=1,i_compaction=1,i_large_keys=0,i_closest_hit=0,i_skip_probing=0,i_num_rays_per_thread_log=0,i_force_uniform_keys=0,i_x_bits=23,i_y_bits=9,i_z_bits=0,i_debug=0,uncompacted_size=951329792,final_size=685094656,update_temp_buffer_size=0,convert_time_ms=2.5546240806579589844,build_time_ms=27.932672500610351562,convert_build_time_ms=30.487296581268310547,convert_build_compact_time_ms=32.265824556350708008,compact_time_ms=1.7785279750823974609,update_time_ms=0,convert_and_update_time_ms=0,sort_time_ms=0,total_probe_time_ms=62.906982040405274859
i_primitive=triangle,i_key_mode=ext,i_build_mode=b_sfl,i_probe_mode=p_sfl,i_update_type=global,i_num_build_keys_log=24,i_key_offset=0,i_key_stride_log=0,i_key_replication_log=0,i_reserve_keys_for_misses=0,i_num_updates_log=0,i_local_update_batch_size_log=1,i_num_probe_keys_log=27,i_miss_percentage=0,i_out_of_range_percentage=0,i_range_query_hit_count_log=0,i_exponent_bias=0,i_force_single_anyhit=1,i_perpendicular_rays=1,i_start_ray_at_zero=1,i_compaction=1,i_large_keys=0,i_closest_hit=0,i_skip_probing=0,i_num_rays_per_thread_log=0,i_force_uniform_keys=0,i_x_bits=23,i_y_bits=9,i_z_bits=0,i_debug=0,uncompacted_size=951329792,final_size=586092160,update_temp_buffer_size=0,convert_time_ms=2.5719358921051025391,build_time_ms=27.2875518798828125,convert_build_time_ms=29.859487771987915039,convert_build_compact_time_ms=31.379103779792785645,compact_time_ms=1.5196160078048706055,update_time_ms=0,convert_and_update_time_ms=0,sort_time_ms=0,total_probe_time_ms=73.253453063964840908
i_primitive=triangle,i_key_mode=3d,i_build_mode=b_sfl,i_probe_mode=p_sfl,i_update_type=global,i_num_build_keys_log=24,i_key_offset=0,i_key_stride_log=0,i_key_replication_log=0,i_reserve_keys_for_misses=0,i_num_updates_log=0,i_local_update_batch_size_log=1,i_num_probe_keys_log=27,i_miss_percentage=0,i_out_of_range_percentage=0,i_range_query_hit_count_log=0,i_exponent_bias=0,i_force_single_anyhit=1,i_perpendicular_rays=1,i_start_ray_at_zero=1,i_compaction=1,i_large_keys=0,i_closest_hit=0,i_skip_probing=0,i_num_rays_per_thread_log=0,i_force_uniform_keys=0,i_x_bits=23,i_y_bits=9,i_z_bits=0,i_debug=0,uncompacted_size=951329792,final_size=669470080,update_temp_buffer_size=0,convert_time_ms=2.453887939453125,build_time_ms=27.900608062744140625,convert_build_time_ms=30.354496002197265625,convert_build_compact_time_ms=32.100415945053100586,compact_time_ms=1.7459199428558349609,update_time_ms=0,convert_and_update_time_ms=0,sort_time_ms=0,total_probe_time_ms=50.230262374877931109
i_primitive=triangle,i_key_mode=ext,i_build_mode=b_sfl,i_probe_mode=p_sfl,i_update_type=global,i_num_build_keys_log=25,i_key_offset=0,i_key_stride_log=0,i_key_replication_log=0,i_reserve_keys_for_misses=0,i_num_updates_log=0,i_local_update_batch_size_log=1,i_num_probe_keys_log=27,i_miss_percentage=0,i_out_of_range_percentage=0,i_range_query_hit_count_log=0,i_exponent_bias=0,i_force_single_anyhit=1,i_perpendicular_rays=0,i_start_ray_at_zero=1,i_compaction=1,i_large_keys=0,i_closest_hit=0,i_skip_probing=0,i_num_rays_per_thread_log=0,i_force_uniform_keys=0,i_x_bits=23,i_y_bits=9,i_z_bits=0,i_debug=0,uncompacted_size=1902656640,final_size=1201367040,update_temp_buffer_size=0,convert_time_ms=5.0687360763549804688,build_time_ms=54.736896514892578125,convert_build_time_ms=59.805632591247558594,convert_build_compact_time_ms=62.903232574462890625,compact_time_ms=3.0975999832153320312,update_time_ms=0,convert_and_update_time_ms=0,sort_time_ms=0,total_probe_time_ms=432.72265930175780113
i_primitive=triangle,i_key_mode=3d,i_build_mode=b_sfl,i_probe_mode=p_sfl,i_update_type=global,i_num_build_keys_log=25,i_key_offset=0,i_key_stride_log=0,i_key_replication_log=0,i_reserve_keys_for_misses=0,i_num_updates_log=0,i_local_update_batch_size_log=1,i_num_probe_keys_log=27,i_miss_percentage=0,i_out_of_range_percentage=0,i_range_query_hit_count_log=0,i_exponent_bias=0,i_force_single_anyhit=1,i_perpendicular_rays=0,i_start_ray_at_zero=1,i_compaction=1,i_large_keys=0,i_closest_hit=0,i_skip_probing=0,i_num_rays_per_thread_log=0,i_force_uniform_keys=0,i_x_bits=23,i_y_bits=9,i_z_bits=0,i_debug=0,uncompacted_size=1902656640,final_size=1227797248,update_temp_buffer_size=0,convert_time_ms=4.84172821044921875,build_time_ms=55.127040863037109375,convert_build_time_ms=59.968769073486328125,convert_build_compact_time_ms=63.140097141265869141,compact_time_ms=3.1713280677795410156,update_time_ms=0,convert_and_update_time_ms=0,sort_time_ms=0,total_probe_time_ms=1065.2674316406250909
i_primitive=triangle,i_key_mode=ext,i_build_mode=b_sfl,i_probe_mode=p_sfl,i_update_type=global,i_num_build_keys_log=25,i_key_offset=0,i_key_stride_log=0,i_key_replication_log=0,i_reserve_keys_for_misses=0,i_num_updates_log=0,i_local_update_batch_size_log=1,i_num_probe_keys_log=27,i_miss_percentage=0,i_out_of_range_percentage=0,i_range_query_hit_count_log=0,i_exponent_bias=0,i_force_single_anyhit=1,i_perpendicular_rays=1,i_start_ray_at_zero=1,i_compaction=1,i_large_keys=0,i_closest_hit=0,i_skip_probing=0,i_num_rays_per_thread_log=0,i_force_uniform_keys=0,i_x_bits=23,i_y_bits=9,i_z_bits=0,i_debug=0,uncompacted_size=1902656640,final_size=1201260032,update_temp_buffer_size=0,convert_time_ms=5.0616960525512695312,build_time_ms=54.807552337646484375,convert_build_time_ms=59.869248390197753906,convert_build_compact_time_ms=62.987328290939331055,compact_time_ms=3.1180799007415771484,update_time_ms=0,convert_and_update_time_ms=0,sort_time_ms=0,total_probe_time_ms=109.68250198364258097
i_primitive=triangle,i_key_mode=3d,i_build_mode=b_sfl,i_probe_mode=p_sfl,i_update_type=global,i_num_build_keys_log=25,i_key_offset=0,i_key_stride_log=0,i_key_replication_log=0,i_reserve_keys_for_misses=0,i_num_updates_log=0,i_local_update_batch_size_log=1,i_num_probe_keys_log=27,i_miss_percentage=0,i_out_of_range_percentage=0,i_range_query_hit_count_log=0,i_exponent_bias=0,i_force_single_anyhit=1,i_perpendicular_rays=1,i_start_ray_at_zero=1,i_compaction=1,i_large_keys=0,i_closest_hit=0,i_skip_probing=0,i_num_rays_per_thread_log=0,i_force_uniform_keys=0,i_x_bits=23,i_y_bits=9,i_z_bits=0,i_debug=0,uncompacted_size=1902656640,final_size=1228145920,update_temp_buffer_size=0,convert_time_ms=4.8397760391235351562,build_time_ms=55.33203125,convert_build_time_ms=60.171807289123535156,convert_build_compact_time_ms=63.360543251037597656,compact_time_ms=3.1887359619140625,update_time_ms=0,convert_and_update_time_ms=0,sort_time_ms=0,total_probe_time_ms=60.059667205810548296
i_primitive=triangle,i_key_mode=ext,i_build_mode=b_sfl,i_probe_mode=p_sfl,i_update_type=global,i_num_build_keys_log=26,i_key_offset=0,i_key_stride_log=0,i_key_replication_log=0,i_reserve_keys_for_misses=0,i_num_updates_log=0,i_local_update_batch_size_log=1,i_num_probe_keys_log=27,i_miss_percentage=0,i_out_of_range_percentage=0,i_range_query_hit_count_log=0,i_exponent_bias=0,i_force_single_anyhit=1,i_perpendicular_rays=0,i_start_ray_at_zero=1,i_compaction=1,i_large_keys=0,i_closest_hit=0,i_skip_probing=0,i_num_rays_per_thread_log=0,i_force_uniform_keys=0,i_x_bits=23,i_y_bits=9,i_z_bits=0,i_debug=0,uncompacted_size=3805310464,final_size=2419515136,update_temp_buffer_size=0,convert_time_ms=10.053983688354492188,build_time_ms=110.494720458984375,convert_build_time_ms=120.54870414733886719,convert_build_compact_time_ms=126.83913612365722656,compact_time_ms=6.290431976318359375,update_time_ms=0,convert_and_update_time_ms=0,sort_time_ms=0,total_probe_time_ms=5034.302978515625
i_primitive=triangle,i_key_mode=3d,i_build_mode=b_sfl,i_probe_mode=p_sfl,i_update_type=global,i_num_build_keys_log=26,i_key_offset=0,i_key_stride_log=0,i_key_replication_log=0,i_reserve_keys_for_misses=0,i_num_updates_log=0,i_local_update_batch_size_log=1,i_num_probe_keys_log=27,i_miss_percentage=0,i_out_of_range_percentage=0,i_range_query_hit_count_log=0,i_exponent_bias=0,i_force_single_anyhit=1,i_perpendicular_rays=0,i_start_ray_at_zero=1,i_compaction=1,i_large_keys=0,i_closest_hit=0,i_skip_probing=0,i_num_rays_per_thread_log=0,i_force_uniform_keys=0,i_x_bits=23,i_y_bits=9,i_z_bits=0,i_debug=0,uncompacted_size=3805310464,final_size=2379461376,update_temp_buffer_size=0,convert_time_ms=9.6042242050170898438,build_time_ms=110.926849365234375,convert_build_time_ms=120.53107357025146484,convert_build_compact_time_ms=126.71296167373657227,compact_time_ms=6.1818881034851074219,update_time_ms=0,convert_and_update_time_ms=0,sort_time_ms=0,total_probe_time_ms=1464.7064331054687045
i_primitive=triangle,i_key_mode=ext,i_build_mode=b_sfl,i_probe_mode=p_sfl,i_update_type=global,i_num_build_keys_log=26,i_key_offset=0,i_key_stride_log=0,i_key_replication_log=0,i_reserve_keys_for_misses=0,i_num_updates_log=0,i_local_update_batch_size_log=1,i_num_probe_keys_log=27,i_miss_percentage=0,i_out_of_range_percentage=0,i_range_query_hit_count_log=0,i_exponent_bias=0,i_force_single_anyhit=1,i_perpendicular_rays=1,i_start_ray_at_zero=1,i_compaction=1,i_large_keys=0,i_closest_hit=0,i_skip_probing=0,i_num_rays_per_thread_log=0,i_force_uniform_keys=0,i_x_bits=23,i_y_bits=9,i_z_bits=0,i_debug=0,uncompacted_size=3805310464,final_size=2419481600,update_temp_buffer_size=0,convert_time_ms=10.053055763244628906,build_time_ms=110.4087066650390625,convert_build_time_ms=120.46176242828369141,convert_build_compact_time_ms=126.71632242202758789,compact_time_ms=6.2545599937438964844,update_time_ms=0,convert_and_update_time_ms=0,sort_time_ms=0,total_probe_time_ms=4528.2404296875001819
i_primitive=triangle,i_key_mode=3d,i_build_mode=b_sfl,i_probe_mode=p_sfl,i_update_type=global,i_num_build_keys_log=26,i_key_offset=0,i_key_stride_log=0,i_key_replication_log=0,i_reserve_keys_for_misses=0,i_num_updates_log=0,i_local_update_batch_size_log=1,i_num_probe_keys_log=27,i_miss_percentage=0,i_out_of_range_percentage=0,i_range_query_hit_count_log=0,i_exponent_bias=0,i_force_single_anyhit=1,i_perpendicular_rays=1,i_start_ray_at_zero=1,i_compaction=1,i_large_keys=0,i_closest_hit=0,i_skip_probing=0,i_num_rays_per_thread_log=0,i_force_uniform_keys=0,i_x_bits=23,i_y_bits=9,i_z_bits=0,i_debug=0,uncompacted_size=3805310464,final_size=2378710400,update_temp_buffer_size=0,convert_time_ms=9.6113595962524414062,build_time_ms=110.70668792724609375,convert_build_time_ms=120.31804752349853516,convert_build_compact_time_ms=126.47126340866088867,compact_time_ms=6.1532158851623535156,update_time_ms=0,convert_and_update_time_ms=0,sort_time_ms=0,total_probe_time_ms=68.087107086181646309
