i_primitive=triangle,i_key_mode=safe,i_build_mode=b_sfl,i_probe_mode=p_sfl,i_update_type=global,i_num_build_keys_log=21,i_key_offset=0,i_key_stride_log=0,i_key_replication_log=0,i_reserve_keys_for_misses=0,i_num_updates_log=0,i_local_update_batch_size_log=1,i_num_probe_keys_log=27,i_miss_percentage=0,i_out_of_range_percentage=0,i_range_query_hit_count_log=0,i_exponent_bias=0,i_force_single_anyhit=1,i_perpendicular_rays=1,i_start_ray_at_zero=1,i_compaction=1,i_large_keys=0,i_closest_hit=0,i_skip_probing=0,i_num_rays_per_thread_log=0,i_force_uniform_keys=0,i_x_bits=23,i_y_bits=9,i_z_bits=0,i_debug=0,uncompacted_size=118918656,final_size=83117312,update_temp_buffer_size=0,convert_time_ms=0.33260801434516906738,build_time_ms=2.9081599712371826172,convert_build_time_ms=3.2407679855823516846,convert_build_compact_time_ms=3.4609279781579971313,compact_time_ms=0.22015999257564544678,update_time_ms=0,convert_and_update_time_ms=0,sort_time_ms=0,total_probe_time_ms=14.529119968414306641
i_primitive=triangle,i_key_mode=safe,i_build_mode=b_sfl,i_probe_mode=p_sfl,i_update_type=global,i_num_build_keys_log=21,i_key_offset=0,i_key_stride_log=1,i_key_replication_log=0,i_reserve_keys_for_misses=0,i_num_updates_log=0,i_local_update_batch_size_log=1,i_num_probe_keys_log=27,i_miss_percentage=0,i_out_of_range_percentage=0,i_range_query_hit_count_log=0,i_exponent_bias=0,i_force_single_anyhit=1,i_perpendicular_rays=1,i_start_ray_at_zero=1,i_compaction=1,i_large_keys=0,i_closest_hit=0,i_skip_probing=0,i_num_rays_per_thread_log=0,i_force_uniform_keys=0,i_x_bits=23,i_y_bits=9,i_z_bits=0,i_debug=0,uncompacted_size=118918656,final_size=89801216,update_temp_buffer_size=0,convert_time_ms=0.3430080115795135498,build_time_ms=3.01465606689453125,convert_build_time_ms=3.3576640784740447998,convert_build_compact_time_ms=3.5983040779829025269,compact_time_ms=0.24063999950885772705,update_time_ms=0,convert_and_update_time_ms=0,sort_time_ms=0,total_probe_time_ms=15.191353607177735086
i_primitive=triangle,i_key_mode=safe,i_build_mode=b_sfl,i_probe_mode=p_sfl,i_update_type=global,i_num_build_keys_log=21,i_key_offset=0,i_key_stride_log=2,i_key_replication_log=0,i_reserve_keys_for_misses=0,i_num_updates_log=0,i_local_update_batch_size_log=1,i_num_probe_keys_log=27,i_miss_percentage=0,i_out_of_range_percentage=0,i_range_query_hit_count_log=0,i_exponent_bias=0,i_force_single_anyhit=1,i_perpendicular_rays=1,i_start_ray_at_zero=1,i_compaction=1,i_large_keys=0,i_closest_hit=0,i_skip_probing=0,i_num_rays_per_thread_log=0,i_force_uniform_keys=0,i_x_bits=23,i_y_bits=9,i_z_bits=0,i_debug=0,uncompacted_size=118918656,final_size=90415616,update_temp_buffer_size=0,convert_time_ms=0.33891201019287109375,build_time_ms=3.0187520980834960938,convert_build_time_ms=3.3576641082763671875,convert_build_compact_time_ms=3.5860161036252975464,compact_time_ms=0.22835199534893035889,update_time_ms=0,convert_and_update_time_ms=0,sort_time_ms=0,total_probe_time_ms=15.204134178161620383
i_primitive=triangle,i_key_mode=excl,i_build_mode=b_sfl,i_probe_mode=p_sfl,i_update_type=global,i_num_build_keys_log=21,i_key_offset=0,i_key_stride_log=0,i_key_replication_log=0,i_reserve_keys_for_misses=0,i_num_updates_log=0,i_local_update_batch_size_log=1,i_num_probe_keys_log=27,i_miss_percentage=0,i_out_of_range_percentage=0,i_range_query_hit_count_log=0,i_exponent_bias=0,i_force_single_anyhit=1,i_perpendicular_rays=1,i_start_ray_at_zero=1,i_compaction=1,i_large_keys=0,i_closest_hit=0,i_skip_probing=0,i_num_rays_per_thread_log=0,i_force_uniform_keys=0,i_x_bits=23,i_y_bits=9,i_z_bits=0,i_debug=0,uncompacted_size=118918656,final_size=83495680,update_temp_buffer_size=0,convert_time_ms=0.34284800291061401367,build_time_ms=3.6217920780181884766,convert_build_time_ms=3.9646400809288024902,convert_build_compact_time_ms=4.186848074197769165,compact_time_ms=0.2222079932689666748,update_time_ms=0,convert_and_update_time_ms=0,sort_time_ms=0,total_probe_time_ms=15.815472030639648793
i_primitive=triangle,i_key_mode=excl,i_build_mode=b_sfl,i_probe_mode=p_sfl,i_update_type=global,i_num_build_keys_log=21,i_key_offset=0,i_key_stride_log=1,i_key_replication_log=0,i_reserve_keys_for_misses=0,i_num_updates_log=0,i_local_update_batch_size_log=1,i_num_probe_keys_log=27,i_miss_percentage=0,i_out_of_range_percentage=0,i_range_query_hit_count_log=0,i_exponent_bias=0,i_force_single_anyhit=1,i_perpendicular_rays=1,i_start_ray_at_zero=1,i_compaction=1,i_large_keys=0,i_closest_hit=0,i_skip_probing=0,i_num_rays_per_thread_log=0,i_force_uniform_keys=0,i_x_bits=23,i_y_bits=9,i_z_bits=0,i_debug=0,uncompacted_size=118918656,final_size=83481344,update_temp_buffer_size=0,convert_time_ms=0.33238399028778076172,build_time_ms=2.934783935546875,convert_build_time_ms=3.2671679258346557617,convert_build_compact_time_ms=3.4890879243612289429,compact_time_ms=0.22191999852657318115,update_time_ms=0,convert_and_update_time_ms=0,sort_time_ms=0,total_probe_time_ms=14.841740798950194602
i_primitive=triangle,i_key_mode=excl,i_build_mode=b_sfl,i_probe_mode=p_sfl,i_update_type=global,i_num_build_keys_log=21,i_key_offset=0,i_key_stride_log=2,i_key_replication_log=0,i_reserve_keys_for_misses=0,i_num_updates_log=0,i_local_update_batch_size_log=1,i_num_probe_keys_log=27,i_miss_percentage=0,i_out_of_range_percentage=0,i_range_query_hit_count_log=0,i_exponent_bias=0,i_force_single_anyhit=1,i_perpendicular_rays=1,i_start_ray_at_zero=1,i_compaction=1,i_large_keys=0,i_closest_hit=0,i_skip_probing=0,i_num_rays_per_thread_log=0,i_force_uniform_keys=0,i_x_bits=23,i_y_bits=9,i_z_bits=0,i_debug=0,uncompacted_size=118918656,final_size=90143616,update_temp_buffer_size=0,convert_time_ms=0.34284800291061401367,build_time_ms=2.9931519031524658203,convert_build_time_ms=3.335999906063079834,convert_build_compact_time_ms=3.5654399096965789795,compact_time_ms=0.22944000363349914551,update_time_ms=0,convert_and_update_time_ms=0,sort_time_ms=0,total_probe_time_ms=14.836617660522460227
i_primitive=triangle,i_key_mode=excl,i_build_mode=b_sfl,i_probe_mode=p_sfl,i_update_type=global,i_num_build_keys_log=21,i_key_offset=0,i_key_stride_log=3,i_key_replication_log=0,i_reserve_keys_for_misses=0,i_num_updates_log=0,i_local_update_batch_size_log=1,i_num_probe_keys_log=27,i_miss_percentage=0,i_out_of_range_percentage=0,i_range_query_hit_count_log=0,i_exponent_bias=0,i_force_single_anyhit=1,i_perpendicular_rays=1,i_start_ray_at_zero=1,i_compaction=1,i_large_keys=0,i_closest_hit=0,i_skip_probing=0,i_num_rays_per_thread_log=0,i_force_uniform_keys=0,i_x_bits=23,i_y_bits=9,i_z_bits=0,i_debug=0,uncompacted_size=118918656,final_size=91971840,update_temp_buffer_size=0,convert_time_ms=0.33228799700736999512,build_time_ms=2.9911038875579833984,convert_build_time_ms=3.3233918845653533936,convert_build_compact_time_ms=3.5722238868474960327,compact_time_ms=0.24883200228214263916,update_time_ms=0,convert_and_update_time_ms=0,sort_time_ms=0,total_probe_time_ms=15.059052753448487039
i_primitive=triangle,i_key_mode=ext,i_build_mode=b_sfl,i_probe_mode=p_sfl,i_update_type=global,i_num_build_keys_log=21,i_key_offset=0,i_key_stride_log=0,i_key_replication_log=0,i_reserve_keys_for_misses=0,i_num_updates_log=0,i_local_update_batch_size_log=1,i_num_probe_keys_log=27,i_miss_percentage=0,i_out_of_range_percentage=0,i_range_query_hit_count_log=0,i_exponent_bias=0,i_force_single_anyhit=1,i_perpendicular_rays=1,i_start_ray_at_zero=1,i_compaction=1,i_large_keys=0,i_closest_hit=0,i_skip_probing=0,i_num_rays_per_thread_log=0,i_force_uniform_keys=0,i_x_bits=23,i_y_bits=9,i_z_bits=0,i_debug=0,uncompacted_size=118918656,final_size=83769344,update_temp_buffer_size=0,convert_time_ms=0.34524801373481750488,build_time_ms=2.8968639373779296875,convert_build_time_ms=3.2421119511127471924,convert_build_compact_time_ms=3.4683519452810287476,compact_time_ms=0.22623999416828155518,update_time_ms=0,convert_and_update_time_ms=0,sort_time_ms=0,total_probe_time_ms=15.813913631439209695
i_primitive=triangle,i_key_mode=ext,i_build_mode=b_sfl,i_probe_mode=p_sfl,i_update_type=global,i_num_build_keys_log=21,i_key_offset=0,i_key_stride_log=1,i_key_replication_log=0,i_reserve_keys_for_misses=0,i_num_updates_log=0,i_local_update_batch_size_log=1,i_num_probe_keys_log=27,i_miss_percentage=0,i_out_of_range_percentage=0,i_range_query_hit_count_log=0,i_exponent_bias=0,i_force_single_anyhit=1,i_perpendicular_rays=1,i_start_ray_at_zero=1,i_compaction=1,i_large_keys=0,i_closest_hit=0,i_skip_probing=0,i_num_rays_per_thread_log=0,i_force_uniform_keys=0,i_x_bits=23,i_y_bits=9,i_z_bits=0,i_debug=0,uncompacted_size=118918656,final_size=90063232,update_temp_buffer_size=0,convert_time_ms=0.34678399562835693359,build_time_ms=2.9706239700317382812,convert_build_time_ms=3.3174079656600952148,convert_build_compact_time_ms=3.561119958758354187,compact_time_ms=0.24371199309825897217,update_time_ms=0,convert_and_update_time_ms=0,sort_time_ms=0,total_probe_time_ms=14.743612670898437855
i_primitive=triangle,i_key_mode=ext,i_build_mode=b_sfl,i_probe_mode=p_sfl,i_update_type=global,i_num_build_keys_log=21,i_key_offset=0,i_key_stride_log=2,i_key_replication_log=0,i_reserve_keys_for_misses=0,i_num_updates_log=0,i_local_update_batch_size_log=1,i_num_probe_keys_log=27,i_miss_percentage=0,i_out_of_range_percentage=0,i_range_query_hit_count_log=0,i_exponent_bias=0,i_force_single_anyhit=1,i_perpendicular_rays=1,i_start_ray_at_zero=1,i_compaction=1,i_large_keys=0,i_closest_hit=0,i_skip_probing=0,i_num_rays_per_thread_log=0,i_force_uniform_keys=0,i_x_bits=23,i_y_bits=9,i_z_bits=0,i_debug=0,uncompacted_size=118918656,final_size=90466944,update_temp_buffer_size=0,convert_time_ms=0.34313601255416870117,build_time_ms=2.9972479343414306641,convert_build_time_ms=3.3403839468955993652,convert_build_compact_time_ms=3.5840639472007751465,compact_time_ms=0.24368000030517578125,update_time_ms=0,convert_and_update_time_ms=0,sort_time_ms=0,total_probe_time_ms=15.593590354919433238
i_primitive=triangle,i_key_mode=ext,i_build_mode=b_sfl,i_probe_mode=p_sfl,i_update_type=global,i_num_build_keys_log=21,i_key_offset=0,i_key_stride_log=3,i_key_replication_log=0,i_reserve_keys_for_misses=0,i_num_updates_log=0,i_local_update_batch_size_log=1,i_num_probe_keys_log=27,i_miss_percentage=0,i_out_of_range_percentage=0,i_range_query_hit_count_log=0,i_exponent_bias=0,i_force_single_anyhit=1,i_perpendicular_rays=1,i_start_ray_at_zero=1,i_compaction=1,i_large_keys=0,i_closest_hit=0,i_skip_probing=0,i_num_rays_per_thread_log=0,i_force_uniform_keys=0,i_x_bits=23,i_y_bits=9,i_z_bits=0,i_debug=0,uncompacted_size=118918656,final_size=72708352,update_temp_buffer_size=0,convert_time_ms=0.33478400111198425293,build_time_ms=2.9124479293823242188,convert_build_time_ms=3.2472319304943084717,convert_build_compact_time_ms=3.4397439360618591309,compact_time_ms=0.19251200556755065918,update_time_ms=0,convert_and_update_time_ms=0,sort_time_ms=0,total_probe_time_ms=19.911776161193849077
i_primitive=triangle,i_key_mode=3d,i_build_mode=b_sfl,i_probe_mode=p_sfl,i_update_type=global,i_num_build_keys_log=21,i_key_offset=0,i_key_stride_log=0,i_key_replication_log=0,i_reserve_keys_for_misses=0,i_num_updates_log=0,i_local_update_batch_size_log=1,i_num_probe_keys_log=27,i_miss_percentage=0,i_out_of_range_percentage=0,i_range_query_hit_count_log=0,i_exponent_bias=0,i_force_single_anyhit=1,i_perpendicular_rays=1,i_start_ray_at_zero=1,i_compaction=1,i_large_keys=0,i_closest_hit=0,i_skip_probing=0,i_num_rays_per_thread_log=0,i_force_uniform_keys=0,i_x_bits=23,i_y_bits=9,i_z_bits=0,i_debug=0,uncompacted_size=118918656,final_size=83133568,update_temp_buffer_size=0,convert_time_ms=0.36412799358367919922,build_time_ms=2.9346239566802978516,convert_build_time_ms=3.2987519502639770508,convert_build_compact_time_ms=3.522911950945854187,compact_time_ms=0.22416000068187713623,update_time_ms=0,convert_and_update_time_ms=0,sort_time_ms=0,total_probe_time_ms=14.855334281921386719
i_primitive=triangle,i_key_mode=3d,i_build_mode=b_sfl,i_probe_mode=p_sfl,i_update_type=global,i_num_build_keys_log=21,i_key_offset=0,i_key_stride_log=1,i_key_replication_log=0,i_reserve_keys_for_misses=0,i_num_updates_log=0,i_local_update_batch_size_log=1,i_num_probe_keys_log=27,i_miss_percentage=0,i_out_of_range_percentage=0,i_range_query_hit_count_log=0,i_exponent_bias=0,i_force_single_anyhit=1,i_perpendicular_rays=1,i_start_ray_at_zero=1,i_compaction=1,i_large_keys=0,i_closest_hit=0,i_skip_probing=0,i_num_rays_per_thread_log=0,i_force_uniform_keys=0,i_x_bits=23,i_y_bits=9,i_z_bits=0,i_debug=0,uncompacted_size=118918656,final_size=89805056,update_temp_buffer_size=0,convert_time_ms=0.32041600346565246582,build_time_ms=2.9839360713958740234,convert_build_time_ms=3.3043520748615264893,convert_build_compact_time_ms=3.5449920743703842163,compact_time_ms=0.24063999950885772705,update_time_ms=0,convert_and_update_time_ms=0,sort_time_ms=0,total_probe_time_ms=15.007161617279052734
i_primitive=triangle,i_key_mode=3d,i_build_mode=b_sfl,i_probe_mode=p_sfl,i_update_type=global,i_num_build_keys_log=21,i_key_offset=0,i_key_stride_log=2,i_key_replication_log=0,i_reserve_keys_for_misses=0,i_num_updates_log=0,i_local_update_batch_size_log=1,i_num_probe_keys_log=27,i_miss_percentage=0,i_out_of_range_percentage=0,i_range_query_hit_count_log=0,i_exponent_bias=0,i_force_single_anyhit=1,i_perpendicular_rays=1,i_start_ray_at_zero=1,i_compaction=1,i_large_keys=0,i_closest_hit=0,i_skip_probing=0,i_num_rays_per_thread_log=0,i_force_uniform_keys=0,i_x_bits=23,i_y_bits=9,i_z_bits=0,i_debug=0,uncompacted_size=118918656,final_size=90412160,update_temp_buffer_size=0,convert_time_ms=0.32175999879837036133,build_time_ms=3.0160000324249267578,convert_build_time_ms=3.3377600312232971191,convert_build_compact_time_ms=3.5794240385293960571,compact_time_ms=0.24166400730609893799,update_time_ms=0,convert_and_update_time_ms=0,sort_time_ms=0,total_probe_time_ms=14.952844715118407848
i_primitive=triangle,i_key_mode=3d,i_build_mode=b_sfl,i_probe_mode=p_sfl,i_update_type=global,i_num_build_keys_log=21,i_key_offset=0,i_key_stride_log=3,i_key_replication_log=0,i_reserve_keys_for_misses=0,i_num_updates_log=0,i_local_update_batch_size_log=1,i_num_probe_keys_log=27,i_miss_percentage=0,i_out_of_range_percentage=0,i_range_query_hit_count_log=0,i_exponent_bias=0,i_force_single_anyhit=1,i_perpendicular_rays=1,i_start_ray_at_zero=1,i_compaction=1,i_large_keys=0,i_closest_hit=0,i_skip_probing=0,i_num_rays_per_thread_log=0,i_force_uniform_keys=0,i_x_bits=23,i_y_bits=9,i_z_bits=0,i_debug=0,uncompacted_size=118918656,final_size=90568832,update_temp_buffer_size=0,convert_time_ms=0.33475199341773986816,build_time_ms=3.0044159889221191406,convert_build_time_ms=3.3391679823398590088,convert_build_compact_time_ms=3.5685439854860305786,compact_time_ms=0.22937600314617156982,update_time_ms=0,convert_and_update_time_ms=0,sort_time_ms=0,total_probe_time_ms=15.12654714584350657
i_primitive=triangle,i_key_mode=safe,i_build_mode=b_sfl,i_probe_mode=p_sfl,i_update_type=global,i_num_build_keys_log=22,i_key_offset=0,i_key_stride_log=0,i_key_replication_log=0,i_reserve_keys_for_misses=0,i_num_updates_log=0,i_local_update_batch_size_log=1,i_num_probe_keys_log=27,i_miss_percentage=0,i_out_of_range_percentage=0,i_range_query_hit_count_log=0,i_exponent_bias=0,i_force_single_anyhit=1,i_perpendicular_rays=1,i_start_ray_at_zero=1,i_compaction=1,i_large_keys=0,i_closest_hit=0,i_skip_probing=0,i_num_rays_per_thread_log=0,i_force_uniform_keys=0,i_x_bits=23,i_y_bits=9,i_z_bits=0,i_debug=0,uncompacted_size=237834624,final_size=165488000,update_temp_buffer_size=0,convert_time_ms=0.65443199872970581055,build_time_ms=6.2935042381286621094,convert_build_time_ms=6.9479362368583679199,convert_build_compact_time_ms=7.3830082416534423828,compact_time_ms=0.43507200479507446289,update_time_ms=0,convert_and_update_time_ms=0,sort_time_ms=0,total_probe_time_ms=24.316883468627928266
i_primitive=triangle,i_key_mode=safe,i_build_mode=b_sfl,i_probe_mode=p_sfl,i_update_type=global,i_num_build_keys_log=22,i_key_offset=0,i_key_stride_log=1,i_key_replication_log=0,i_reserve_keys_for_misses=0,i_num_updates_log=0,i_local_update_batch_size_log=1,i_num_probe_keys_log=27,i_miss_percentage=0,i_out_of_range_percentage=0,i_range_query_hit_count_log=0,i_exponent_bias=0,i_force_single_anyhit=1,i_perpendicular_rays=1,i_start_ray_at_zero=1,i_compaction=1,i_large_keys=0,i_closest_hit=0,i_skip_probing=0,i_num_rays_per_thread_log=0,i_force_uniform_keys=0,i_x_bits=23,i_y_bits=9,i_z_bits=0,i_debug=0,uncompacted_size=237834624,final_size=175211776,update_temp_buffer_size=0,convert_time_ms=0.65504002571105957031,build_time_ms=6.4109759330749511719,convert_build_time_ms=7.0660159587860107422,convert_build_compact_time_ms=7.526815950870513916,compact_time_ms=0.46079999208450317383,update_time_ms=0,convert_and_update_time_ms=0,sort_time_ms=0,total_probe_time_ms=26.584963417053224077
i_primitive=triangle,i_key_mode=excl,i_build_mode=b_sfl,i_probe_mode=p_sfl,i_update_type=global,i_num_build_keys_log=22,i_key_offset=0,i_key_stride_log=0,i_key_replication_log=0,i_reserve_keys_for_misses=0,i_num_updates_log=0,i_local_update_batch_size_log=1,i_num_probe_keys_log=27,i_miss_percentage=0,i_out_of_range_percentage=0,i_range_query_hit_count_log=0,i_exponent_bias=0,i_force_single_anyhit=1,i_perpendicular_rays=1,i_start_ray_at_zero=1,i_compaction=1,i_large_keys=0,i_closest_hit=0,i_skip_probing=0,i_num_rays_per_thread_log=0,i_force_uniform_keys=0,i_x_bits=23,i_y_bits=9,i_z_bits=0,i_debug=0,uncompacted_size=237834624,final_size=166457984,update_temp_buffer_size=0,convert_time_ms=0.64265602827072143555,build_time_ms=6.4460802078247070312,convert_build_time_ms=7.0887362360954284668,convert_build_compact_time_ms=7.5299522280693054199,compact_time_ms=0.44121599197387695312,update_time_ms=0,convert_and_update_time_ms=0,sort_time_ms=0,total_probe_time_ms=33.22522850036621378
i_primitive=triangle,i_key_mode=excl,i_build_mode=b_sfl,i_probe_mode=p_sfl,i_update_type=global,i_num_build_keys_log=22,i_key_offset=0,i_key_stride_log=1,i_key_replication_log=0,i_reserve_keys_for_misses=0,i_num_updates_log=0,i_local_update_batch_size_log=1,i_num_probe_keys_log=27,i_miss_percentage=0,i_out_of_range_percentage=0,i_range_query_hit_count_log=0,i_exponent_bias=0,i_force_single_anyhit=1,i_perpendicular_rays=1,i_start_ray_at_zero=1,i_compaction=1,i_large_keys=0,i_closest_hit=0,i_skip_probing=0,i_num_rays_per_thread_log=0,i_force_uniform_keys=0,i_x_bits=23,i_y_bits=9,i_z_bits=0,i_debug=0,uncompacted_size=237834624,final_size=166013184,update_temp_buffer_size=0,convert_time_ms=0.65030401945114135742,build_time_ms=6.3180480003356933594,convert_build_time_ms=6.9683520197868347168,convert_build_compact_time_ms=7.4054720103740692139,compact_time_ms=0.43711999058723449707,update_time_ms=0,convert_and_update_time_ms=0,sort_time_ms=0,total_probe_time_ms=24.300208091735839844
i_primitive=triangle,i_key_mode=excl,i_build_mode=b_sfl,i_probe_mode=p_sfl,i_update_type=global,i_num_build_keys_log=22,i_key_offset=0,i_key_stride_log=2,i_key_replication_log=0,i_reserve_keys_for_misses=0,i_num_updates_log=0,i_local_update_batch_size_log=1,i_num_probe_keys_log=27,i_miss_percentage=0,i_out_of_range_percentage=0,i_range_query_hit_count_log=0,i_exponent_bias=0,i_force_single_anyhit=1,i_perpendicular_rays=1,i_start_ray_at_zero=1,i_compaction=1,i_large_keys=0,i_closest_hit=0,i_skip_probing=0,i_num_rays_per_thread_log=0,i_force_uniform_keys=0,i_x_bits=23,i_y_bits=9,i_z_bits=0,i_debug=0,uncompacted_size=237834624,final_size=176997888,update_temp_buffer_size=0,convert_time_ms=0.64006400108337402344,build_time_ms=6.4276480674743652344,convert_build_time_ms=7.0677120685577392578,convert_build_compact_time_ms=7.5336320698261260986,compact_time_ms=0.46592000126838684082,update_time_ms=0,convert_and_update_time_ms=0,sort_time_ms=0,total_probe_time_ms=27.445660781860350852
i_primitive=triangle,i_key_mode=ext,i_build_mode=b_sfl,i_probe_mode=p_sfl,i_update_type=global,i_num_build_keys_log=22,i_key_offset=0,i_key_stride_log=0,i_key_replication_log=0,i_reserve_keys_for_misses=0,i_num_updates_log=0,i_local_update_batch_size_log=1,i_num_probe_keys_log=27,i_miss_percentage=0,i_out_of_range_percentage=0,i_range_query_hit_count_log=0,i_exponent_bias=0,i_force_single_anyhit=1,i_perpendicular_rays=1,i_start_ray_at_zero=1,i_compaction=1,i_large_keys=0,i_closest_hit=0,i_skip_probing=0,i_num_rays_per_thread_log=0,i_force_uniform_keys=0,i_x_bits=23,i_y_bits=9,i_z_bits=0,i_debug=0,uncompacted_size=237834624,final_size=166053120,update_temp_buffer_size=0,convert_time_ms=0.6463680267333984375,build_time_ms=6.3098878860473632812,convert_build_time_ms=6.9562559127807617188,convert_build_compact_time_ms=7.3935039043426513672,compact_time_ms=0.43724799156188964844,update_time_ms=0,convert_and_update_time_ms=0,sort_time_ms=0,total_probe_time_ms=29.06211528778076314
i_primitive=triangle,i_key_mode=ext,i_build_mode=b_sfl,i_probe_mode=p_sfl,i_update_type=global,i_num_build_keys_log=22,i_key_offset=0,i_key_stride_log=1,i_key_replication_log=0,i_reserve_keys_for_misses=0,i_num_updates_log=0,i_local_update_batch_size_log=1,i_num_probe_keys_log=27,i_miss_percentage=0,i_out_of_range_percentage=0,i_range_query_hit_count_log=0,i_exponent_bias=0,i_force_single_anyhit=1,i_perpendicular_rays=1,i_start_ray_at_zero=1,i_compaction=1,i_large_keys=0,i_closest_hit=0,i_skip_probing=0,i_num_rays_per_thread_log=0,i_force_uniform_keys=0,i_x_bits=23,i_y_bits=9,i_z_bits=0,i_debug=0,uncompacted_size=237834624,final_size=176442624,update_temp_buffer_size=0,convert_time_ms=0.65910398960113525391,build_time_ms=6.3959040641784667969,convert_build_time_ms=7.0550080537796020508,convert_build_compact_time_ms=7.5219520628452301025,compact_time_ms=0.46694400906562805176,update_time_ms=0,convert_and_update_time_ms=0,sort_time_ms=0,total_probe_time_ms=28.597027015686034446
i_primitive=triangle,i_key_mode=ext,i_build_mode=b_sfl,i_probe_mode=p_sfl,i_update_type=global,i_num_build_keys_log=22,i_key_offset=0,i_key_stride_log=2,i_key_replication_log=0,i_reserve_keys_for_misses=0,i_num_updates_log=0,i_local_update_batch_size_log=1,i_num_probe_keys_log=27,i_miss_percentage=0,i_out_of_range_percentage=0,i_range_query_hit_count_log=0,i_exponent_bias=0,i_force_single_anyhit=1,i_perpendicular_rays=1,i_start_ray_at_zero=1,i_compaction=1,i_large_keys=0,i_closest_hit=0,i_skip_probing=0,i_num_rays_per_thread_log=0,i_force_uniform_keys=0,i_x_bits=23,i_y_bits=9,i_z_bits=0,i_debug=0,uncompacted_size=237834624,final_size=145460096,update_temp_buffer_size=0,convert_time_ms=0.6587200164794921875,build_time_ms=6.2269439697265625,convert_build_time_ms=6.8856639862060546875,convert_build_compact_time_ms=7.2614719867706298828,compact_time_ms=0.37580800056457519531,update_time_ms=0,convert_and_update_time_ms=0,sort_time_ms=0,total_probe_time_ms=34.863404846191407671
i_primitive=triangle,i_key_mode=ext,i_build_mode=b_sfl,i_probe_mode=p_sfl,i_update_type=global,i_num_build_keys_log=22,i_key_offset=0,i_key_stride_log=3,i_key_replication_log=0,i_reserve_keys_for_misses=0,i_num_updates_log=0,i_local_update_batch_size_log=1,i_num_probe_keys_log=27,i_miss_percentage=0,i_out_of_range_percentage=0,i_range_query_hit_count_log=0,i_exponent_bias=0,i_force_single_anyhit=1,i_perpendicular_rays=1,i_start_ray_at_zero=1,i_compaction=1,i_large_keys=0,i_closest_hit=0,i_skip_probing=0,i_num_rays_per_thread_log=0,i_force_uniform_keys=0,i_x_bits=23,i_y_bits=9,i_z_bits=0,i_debug=0,uncompacted_size=237834624,final_size=145251456,update_temp_buffer_size=0,convert_time_ms=0.64649599790573120117,build_time_ms=6.2175998687744140625,convert_build_time_ms=6.8640958666801452637,convert_build_compact_time_ms=7.2377598583698272705,compact_time_ms=0.37366399168968200684,update_time_ms=0,convert_and_update_time_ms=0,sort_time_ms=0,total_probe_time_ms=30.866022491455076704
i_primitive=triangle,i_key_mode=3d,i_build_mode=b_sfl,i_probe_mode=p_sfl,i_update_type=global,i_num_build_keys_log=22,i_key_offset=0,i_key_stride_log=0,i_key_replication_log=0,i_reserve_keys_for_misses=0,i_num_updates_log=0,i_local_update_batch_size_log=1,i_num_probe_keys_log=27,i_miss_percentage=0,i_out_of_range_percentage=0,i_range_query_hit_count_log=0,i_exponent_bias=0,i_force_single_anyhit=1,i_perpendicular_rays=1,i_start_ray_at_zero=1,i_compaction=1,i_large_keys=0,i_closest_hit=0,i_skip_probing=0,i_num_rays_per_thread_log=0,i_force_uniform_keys=0,i_x_bits=23,i_y_bits=9,i_z_bits=0,i_debug=0,uncompacted_size=237834624,final_size=165376896,update_temp_buffer_size=0,convert_time_ms=0.61926400661468505859,build_time_ms=6.3170561790466308594,convert_build_time_ms=6.936320185661315918,convert_build_compact_time_ms=7.3684481978416442871,compact_time_ms=0.43212801218032836914,update_time_ms=0,convert_and_update_time_ms=0,sort_time_ms=0,total_probe_time_ms=24.310895919799804688
i_primitive=triangle,i_key_mode=3d,i_build_mode=b_sfl,i_probe_mode=p_sfl,i_update_type=global,i_num_build_keys_log=22,i_key_offset=0,i_key_stride_log=1,i_key_replication_log=0,i_reserve_keys_for_misses=0,i_num_updates_log=0,i_local_update_batch_size_log=1,i_num_probe_keys_log=27,i_miss_percentage=0,i_out_of_range_percentage=0,i_range_query_hit_count_log=0,i_exponent_bias=0,i_force_single_anyhit=1,i_perpendicular_rays=1,i_start_ray_at_zero=1,i_compaction=1,i_large_keys=0,i_closest_hit=0,i_skip_probing=0,i_num_rays_per_thread_log=0,i_force_uniform_keys=0,i_x_bits=23,i_y_bits=9,i_z_bits=0,i_debug=0,uncompacted_size=237834624,final_size=175367168,update_temp_buffer_size=0,convert_time_ms=0.62015998363494873047,build_time_ms=6.3813118934631347656,convert_build_time_ms=7.0014718770980834961,convert_build_compact_time_ms=7.4622718691825866699,compact_time_ms=0.46079999208450317383,update_time_ms=0,convert_and_update_time_ms=0,sort_time_ms=0,total_probe_time_ms=26.39478740692138814
i_primitive=triangle,i_key_mode=3d,i_build_mode=b_sfl,i_probe_mode=p_sfl,i_update_type=global,i_num_build_keys_log=22,i_key_offset=0,i_key_stride_log=2,i_key_replication_log=0,i_reserve_keys_for_misses=0,i_num_updates_log=0,i_local_update_batch_size_log=1,i_num_probe_keys_log=27,i_miss_percentage=0,i_out_of_range_percentage=0,i_range_query_hit_count_log=0,i_exponent_bias=0,i_force_single_anyhit=1,i_perpendicular_rays=1,i_start_ray_at_zero=1,i_compaction=1,i_large_keys=0,i_closest_hit=0,i_skip_probing=0,i_num_rays_per_thread_log=0,i_force_uniform_keys=0,i_x_bits=23,i_y_bits=9,i_z_bits=0,i_debug=0,uncompacted_size=237834624,final_size=175012224,update_temp_buffer_size=0,convert_time_ms=0.6200320124626159668,build_time_ms=6.4122881889343261719,convert_build_time_ms=7.0323202013969421387,convert_build_compact_time_ms=7.4920962154865264893,compact_time_ms=0.45977601408958435059,update_time_ms=0,convert_and_update_time_ms=0,sort_time_ms=0,total_probe_time_ms=25.868284606933592329
i_primitive=triangle,i_key_mode=3d,i_build_mode=b_sfl,i_probe_mode=p_sfl,i_update_type=global,i_num_build_keys_log=22,i_key_offset=0,i_key_stride_log=3,i_key_replication_log=0,i_reserve_keys_for_misses=0,i_num_updates_log=0,i_local_update_batch_size_log=1,i_num_probe_keys_log=27,i_miss_percentage=0,i_out_of_range_percentage=0,i_range_query_hit_count_log=0,i_exponent_bias=0,i_force_single_anyhit=1,i_perpendicular_rays=1,i_start_ray_at_zero=1,i_compaction=1,i_large_keys=0,i_closest_hit=0,i_skip_probing=0,i_num_rays_per_thread_log=0,i_force_uniform_keys=0,i_x_bits=23,i_y_bits=9,i_z_bits=0,i_debug=0,uncompacted_size=237834624,final_size=154197248,update_temp_buffer_size=0,convert_time_ms=0.61795198917388916016,build_time_ms=6.3118720054626464844,convert_build_time_ms=6.9298239946365356445,convert_build_compact_time_ms=7.3383679986000061035,compact_time_ms=0.40854400396347045898,update_time_ms=0,convert_and_update_time_ms=0,sort_time_ms=0,total_probe_time_ms=24.713814163208006391
i_primitive=triangle,i_key_mode=safe,i_build_mode=b_sfl,i_probe_mode=p_sfl,i_update_type=global,i_num_build_keys_log=23,i_key_offset=0,i_key_stride_log=0,i_key_replication_log=0,i_reserve_keys_for_misses=0,i_num_updates_log=0,i_local_update_batch_size_log=1,i_num_probe_keys_log=27,i_miss_percentage=0,i_out_of_range_percentage=0,i_range_query_hit_count_log=0,i_exponent_bias=0,i_force_single_anyhit=1,i_perpendicular_rays=1,i_start_ray_at_zero=1,i_compaction=1,i_large_keys=0,i_closest_hit=0,i_skip_probing=0,i_num_rays_per_thread_log=0,i_force_uniform_keys=0,i_x_bits=23,i_y_bits=9,i_z_bits=0,i_debug=0,uncompacted_size=475666304,final_size=332108160,update_temp_buffer_size=0,convert_time_ms=1.2604479789733886719,build_time_ms=13.511487960815429688,convert_build_time_ms=14.771935939788818359,convert_build_compact_time_ms=15.627999961376190186,compact_time_ms=0.85606402158737182617,update_time_ms=0,convert_and_update_time_ms=0,sort_time_ms=0,total_probe_time_ms=41.113289260864256391
i_primitive=triangle,i_key_mode=excl,i_build_mode=b_sfl,i_probe_mode=p_sfl,i_update_type=global,i_num_build_keys_log=23,i_key_offset=0,i_key_stride_log=0,i_key_replication_log=0,i_reserve_keys_for_misses=0,i_num_updates_log=0,i_local_update_batch_size_log=1,i_num_probe_keys_log=27,i_miss_percentage=0,i_out_of_range_percentage=0,i_range_query_hit_count_log=0,i_exponent_bias=0,i_force_single_anyhit=1,i_perpendicular_rays=1,i_start_ray_at_zero=1,i_compaction=1,i_large_keys=0,i_closest_hit=0,i_skip_probing=0,i_num_rays_per_thread_log=0,i_force_uniform_keys=0,i_x_bits=23,i_y_bits=9,i_z_bits=0,i_debug=0,uncompacted_size=475666304,final_size=333036032,update_temp_buffer_size=0,convert_time_ms=1.2612799406051635742,build_time_ms=13.587167739868164062,convert_build_time_ms=14.848447680473327637,convert_build_compact_time_ms=15.717823684215545654,compact_time_ms=0.86937600374221801758,update_time_ms=0,convert_and_update_time_ms=0,sort_time_ms=0,total_probe_time_ms=50.689946365356448155
i_primitive=triangle,i_key_mode=excl,i_build_mode=b_sfl,i_probe_mode=p_sfl,i_update_type=global,i_num_build_keys_log=23,i_key_offset=0,i_key_stride_log=1,i_key_replication_log=0,i_reserve_keys_for_misses=0,i_num_updates_log=0,i_local_update_batch_size_log=1,i_num_probe_keys_log=27,i_miss_percentage=0,i_out_of_range_percentage=0,i_range_query_hit_count_log=0,i_exponent_bias=0,i_force_single_anyhit=1,i_perpendicular_rays=1,i_start_ray_at_zero=1,i_compaction=1,i_large_keys=0,i_closest_hit=0,i_skip_probing=0,i_num_rays_per_thread_log=0,i_force_uniform_keys=0,i_x_bits=23,i_y_bits=9,i_z_bits=0,i_debug=0,uncompacted_size=475666304,final_size=333764352,update_temp_buffer_size=0,convert_time_ms=1.2690880298614501953,build_time_ms=13.524991989135742188,convert_build_time_ms=14.794080018997192383,convert_build_compact_time_ms=15.665504038333892822,compact_time_ms=0.87142401933670043945,update_time_ms=0,convert_and_update_time_ms=0,sort_time_ms=0,total_probe_time_ms=41.648509597778321734
i_primitive=triangle,i_key_mode=ext,i_build_mode=b_sfl,i_probe_mode=p_sfl,i_update_type=global,i_num_build_keys_log=23,i_key_offset=0,i_key_stride_log=0,i_key_replication_log=0,i_reserve_keys_for_misses=0,i_num_updates_log=0,i_local_update_batch_size_log=1,i_num_probe_keys_log=27,i_miss_percentage=0,i_out_of_range_percentage=0,i_range_query_hit_count_log=0,i_exponent_bias=0,i_force_single_anyhit=1,i_perpendicular_rays=1,i_start_ray_at_zero=1,i_compaction=1,i_large_keys=0,i_closest_hit=0,i_skip_probing=0,i_num_rays_per_thread_log=0,i_force_uniform_keys=0,i_x_bits=23,i_y_bits=9,i_z_bits=0,i_debug=0,uncompacted_size=475666304,final_size=353543808,update_temp_buffer_size=0,convert_time_ms=1.2822079658508300781,build_time_ms=13.756575584411621094,convert_build_time_ms=15.038783550262451172,convert_build_compact_time_ms=15.956287562847137451,compact_time_ms=0.9175040125846862793,update_time_ms=0,convert_and_update_time_ms=0,sort_time_ms=0,total_probe_time_ms=52.637955474853512783
i_primitive=triangle,i_key_mode=ext,i_build_mode=b_sfl,i_probe_mode=p_sfl,i_update_type=global,i_num_build_keys_log=23,i_key_offset=0,i_key_stride_log=1,i_key_replication_log=0,i_reserve_keys_for_misses=0,i_num_updates_log=0,i_local_update_batch_size_log=1,i_num_probe_keys_log=27,i_miss_percentage=0,i_out_of_range_percentage=0,i_range_query_hit_count_log=0,i_exponent_bias=0,i_force_single_anyhit=1,i_perpendicular_rays=1,i_start_ray_at_zero=1,i_compaction=1,i_large_keys=0,i_closest_hit=0,i_skip_probing=0,i_num_rays_per_thread_log=0,i_force_uniform_keys=0,i_x_bits=23,i_y_bits=9,i_z_bits=0,i_debug=0,uncompacted_size=475666304,final_size=290632832,update_temp_buffer_size=0,convert_time_ms=1.2848960161209106445,build_time_ms=13.228192329406738281,convert_build_time_ms=14.513088345527648926,convert_build_compact_time_ms=15.266752362251281738,compact_time_ms=0.7536640167236328125,update_time_ms=0,convert_and_update_time_ms=0,sort_time_ms=0,total_probe_time_ms=55.764946365356443891
i_primitive=triangle,i_key_mode=ext,i_build_mode=b_sfl,i_probe_mode=p_sfl,i_update_type=global,i_num_build_keys_log=23,i_key_offset=0,i_key_stride_log=2,i_key_replication_log=0,i_reserve_keys_for_misses=0,i_num_updates_log=0,i_local_update_batch_size_log=1,i_num_probe_keys_log=27,i_miss_percentage=0,i_out_of_range_percentage=0,i_range_query_hit_count_log=0,i_exponent_bias=0,i_force_single_anyhit=1,i_perpendicular_rays=1,i_start_ray_at_zero=1,i_compaction=1,i_large_keys=0,i_closest_hit=0,i_skip_probing=0,i_num_rays_per_thread_log=0,i_force_uniform_keys=0,i_x_bits=23,i_y_bits=9,i_z_bits=0,i_debug=0,uncompacted_size=475666304,final_size=292712448,update_temp_buffer_size=0,convert_time_ms=1.2721920013427734375,build_time_ms=13.247488021850585938,convert_build_time_ms=14.519680023193359375,convert_build_compact_time_ms=15.274368047714233398,compact_time_ms=0.75468802452087402344,update_time_ms=0,convert_and_update_time_ms=0,sort_time_ms=0,total_probe_time_ms=53.674188995361326704
i_primitive=triangle,i_key_mode=ext,i_build_mode=b_sfl,i_probe_mode=p_sfl,i_update_type=global,i_num_build_keys_log=23,i_key_offset=0,i_key_stride_log=3,i_key_replication_log=0,i_reserve_keys_for_misses=0,i_num_updates_log=0,i_local_update_batch_size_log=1,i_num_probe_keys_log=27,i_miss_percentage=0,i_out_of_range_percentage=0,i_range_query_hit_count_log=0,i_exponent_bias=0,i_force_single_anyhit=1,i_perpendicular_rays=1,i_start_ray_at_zero=1,i_compaction=1,i_large_keys=0,i_closest_hit=0,i_skip_probing=0,i_num_rays_per_thread_log=0,i_force_uniform_keys=0,i_x_bits=23,i_y_bits=9,i_z_bits=0,i_debug=0,uncompacted_size=475666304,final_size=298066560,update_temp_buffer_size=0,convert_time_ms=1.2822079658508300781,build_time_ms=13.415360450744628906,convert_build_time_ms=14.697568416595458984,convert_build_compact_time_ms=15.478048443794250488,compact_time_ms=0.78048002719879150391,update_time_ms=0,convert_and_update_time_ms=0,sort_time_ms=0,total_probe_time_ms=261.075653076171875
i_primitive=triangle,i_key_mode=3d,i_build_mode=b_sfl,i_probe_mode=p_sfl,i_update_type=global,i_num_build_keys_log=23,i_key_offset=0,i_key_stride_log=0,i_key_replication_log=0,i_reserve_keys_for_misses=0,i_num_updates_log=0,i_local_update_batch_size_log=1,i_num_probe_keys_log=27,i_miss_percentage=0,i_out_of_range_percentage=0,i_range_query_hit_count_log=0,i_exponent_bias=0,i_force_single_anyhit=1,i_perpendicular_rays=1,i_start_ray_at_zero=1,i_compaction=1,i_large_keys=0,i_closest_hit=0,i_skip_probing=0,i_num_rays_per_thread_log=0,i_force_uniform_keys=0,i_x_bits=23,i_y_bits=9,i_z_bits=0,i_debug=0,uncompacted_size=475666304,final_size=332125312,update_temp_buffer_size=0,convert_time_ms=1.2264640331268310547,build_time_ms=13.56390380859375,convert_build_time_ms=14.790367841720581055,convert_build_compact_time_ms=15.652575850486755371,compact_time_ms=0.86220800876617431641,update_time_ms=0,convert_and_update_time_ms=0,sort_time_ms=0,total_probe_time_ms=41.107334518432615766
i_primitive=triangle,i_key_mode=3d,i_build_mode=b_sfl,i_probe_mode=p_sfl,i_update_type=global,i_num_build_keys_log=23,i_key_offset=0,i_key_stride_log=1,i_key_replication_log=0,i_reserve_keys_for_misses=0,i_num_updates_log=0,i_local_update_batch_size_log=1,i_num_probe_keys_log=27,i_miss_percentage=0,i_out_of_range_percentage=0,i_range_query_hit_count_log=0,i_exponent_bias=0,i_force_single_anyhit=1,i_perpendicular_rays=1,i_start_ray_at_zero=1,i_compaction=1,i_large_keys=0,i_closest_hit=0,i_skip_probing=0,i_num_rays_per_thread_log=0,i_force_uniform_keys=0,i_x_bits=23,i_y_bits=9,i_z_bits=0,i_debug=0,uncompacted_size=475666304,final_size=351289728,update_temp_buffer_size=0,convert_time_ms=1.2164800167083740234,build_time_ms=13.824064254760742188,convert_build_time_ms=15.040544271469116211,convert_build_compact_time_ms=15.957024276256561279,compact_time_ms=0.91648000478744506836,update_time_ms=0,convert_and_update_time_ms=0,sort_time_ms=0,total_probe_time_ms=41.832621002197264204
i_primitive=triangle,i_key_mode=3d,i_build_mode=b_sfl,i_probe_mode=p_sfl,i_update_type=global,i_num_build_keys_log=23,i_key_offset=0,i_key_stride_log=2,i_key_replication_log=0,i_reserve_keys_for_misses=0,i_num_updates_log=0,i_local_update_batch_size_log=1,i_num_probe_keys_log=27,i_miss_percentage=0,i_out_of_range_percentage=0,i_range_query_hit_count_log=0,i_exponent_bias=0,i_force_single_anyhit=1,i_perpendicular_rays=1,i_start_ray_at_zero=1,i_compaction=1,i_large_keys=0,i_closest_hit=0,i_skip_probing=0,i_num_rays_per_thread_log=0,i_force_uniform_keys=0,i_x_bits=23,i_y_bits=9,i_z_bits=0,i_debug=0,uncompacted_size=475666304,final_size=303263104,update_temp_buffer_size=0,convert_time_ms=1.2264000177383422852,build_time_ms=13.591551780700683594,convert_build_time_ms=14.817951798439025879,convert_build_compact_time_ms=15.608447790145874023,compact_time_ms=0.79049599170684814453,update_time_ms=0,convert_and_update_time_ms=0,sort_time_ms=0,total_probe_time_ms=41.446076965332032671
i_primitive=triangle,i_key_mode=3d,i_build_mode=b_sfl,i_probe_mode=p_sfl,i_update_type=global,i_num_build_keys_log=23,i_key_offset=0,i_key_stride_log=3,i_key_replication_log=0,i_reserve_keys_for_misses=0,i_num_updates_log=0,i_local_update_batch_size_log=1,i_num_probe_keys_log=27,i_miss_percentage=0,i_out_of_range_percentage=0,i_range_query_hit_count_log=0,i_exponent_bias=0,i_force_single_anyhit=1,i_perpendicular_rays=1,i_start_ray_at_zero=1,i_compaction=1,i_large_keys=0,i_closest_hit=0,i_skip_probing=0,i_num_rays_per_thread_log=0,i_force_uniform_keys=0,i_x_bits=23,i_y_bits=9,i_z_bits=0,i_debug=0,uncompacted_size=475666304,final_size=293359488,update_temp_buffer_size=0,convert_time_ms=1.2219519615173339844,build_time_ms=13.570848464965820312,convert_build_time_ms=14.792800426483154297,convert_build_compact_time_ms=15.556704401969909668,compact_time_ms=0.76390397548675537109,update_time_ms=0,convert_and_update_time_ms=0,sort_time_ms=0,total_probe_time_ms=43.246627044677737217
i_primitive=triangle,i_key_mode=excl,i_build_mode=b_sfl,i_probe_mode=p_sfl,i_update_type=global,i_num_build_keys_log=24,i_key_offset=0,i_key_stride_log=0,i_key_replication_log=0,i_reserve_keys_for_misses=0,i_num_updates_log=0,i_local_update_batch_size_log=1,i_num_probe_keys_log=27,i_miss_percentage=0,i_out_of_range_percentage=0,i_range_query_hit_count_log=0,i_exponent_bias=0,i_force_single_anyhit=1,i_perpendicular_rays=1,i_start_ray_at_zero=1,i_compaction=1,i_large_keys=0,i_closest_hit=0,i_skip_probing=0,i_num_rays_per_thread_log=0,i_force_uniform_keys=0,i_x_bits=23,i_y_bits=9,i_z_bits=0,i_debug=0,uncompacted_size=951329792,final_size=685135104,update_temp_buffer_size=0,convert_time_ms=2.5541439056396484375,build_time_ms=27.906879425048828125,convert_build_time_ms=30.461023330688476562,convert_build_compact_time_ms=32.242911338806152344,compact_time_ms=1.7818880081176757812,update_time_ms=0,convert_and_update_time_ms=0,sort_time_ms=0,total_probe_time_ms=62.925596237182617188
i_primitive=triangle,i_key_mode=ext,i_build_mode=b_sfl,i_probe_mode=p_sfl,i_update_type=global,i_num_build_keys_log=24,i_key_offset=0,i_key_stride_log=0,i_key_replication_log=0,i_reserve_keys_for_misses=0,i_num_updates_log=0,i_local_update_batch_size_log=1,i_num_probe_keys_log=27,i_miss_percentage=0,i_out_of_range_percentage=0,i_range_query_hit_count_log=0,i_exponent_bias=0,i_force_single_anyhit=1,i_perpendicular_rays=1,i_start_ray_at_zero=1,i_compaction=1,i_large_keys=0,i_closest_hit=0,i_skip_probing=0,i_num_rays_per_thread_log=0,i_force_uniform_keys=0,i_x_bits=23,i_y_bits=9,i_z_bits=0,i_debug=0,uncompacted_size=951329792,final_size=585996672,update_temp_buffer_size=0,convert_time_ms=2.5736000537872314453,build_time_ms=27.279359817504882812,convert_build_time_ms=29.852959871292114258,convert_build_compact_time_ms=31.364383816719055176,compact_time_ms=1.511423945426940918,update_time_ms=0,convert_and_update_time_ms=0,sort_time_ms=0,total_probe_time_ms=73.2284698486328125
i_primitive=triangle,i_key_mode=ext,i_build_mode=b_sfl,i_probe_mode=p_sfl,i_update_type=global,i_num_build_keys_log=24,i_key_offset=0,i_key_stride_log=1,i_key_replication_log=0,i_reserve_keys_for_misses=0,i_num_updates_log=0,i_local_update_batch_size_log=1,i_num_probe_keys_log=27,i_miss_percentage=0,i_out_of_range_percentage=0,i_range_query_hit_count_log=0,i_exponent_bias=0,i_force_single_anyhit=1,i_perpendicular_rays=1,i_start_ray_at_zero=1,i_compaction=1,i_large_keys=0,i_closest_hit=0,i_skip_probing=0,i_num_rays_per_thread_log=0,i_force_uniform_keys=0,i_x_bits=23,i_y_bits=9,i_z_bits=0,i_debug=0,uncompacted_size=951329792,final_size=591985536,update_temp_buffer_size=0,convert_time_ms=2.5189759731292724609,build_time_ms=27.1933441162109375,convert_build_time_ms=29.712320089340209961,convert_build_compact_time_ms=31.243200063705444336,compact_time_ms=1.530879974365234375,update_time_ms=0,convert_and_update_time_ms=0,sort_time_ms=0,total_probe_time_ms=75.787412261962884941
i_primitive=triangle,i_key_mode=ext,i_build_mode=b_sfl,i_probe_mode=p_sfl,i_update_type=global,i_num_build_keys_log=24,i_key_offset=0,i_key_stride_log=2,i_key_replication_log=0,i_reserve_keys_for_misses=0,i_num_updates_log=0,i_local_update_batch_size_log=1,i_num_probe_keys_log=27,i_miss_percentage=0,i_out_of_range_percentage=0,i_range_query_hit_count_log=0,i_exponent_bias=0,i_force_single_anyhit=1,i_perpendicular_rays=1,i_start_ray_at_zero=1,i_compaction=1,i_large_keys=0,i_closest_hit=0,i_skip_probing=0,i_num_rays_per_thread_log=0,i_force_uniform_keys=0,i_x_bits=23,i_y_bits=9,i_z_bits=0,i_debug=0,uncompacted_size=951329792,final_size=598503040,update_temp_buffer_size=0,convert_time_ms=2.5208001136779785156,build_time_ms=27.539424896240234375,convert_build_time_ms=30.060225009918212891,convert_build_compact_time_ms=31.615681052207946777,compact_time_ms=1.5554560422897338867,update_time_ms=0,convert_and_update_time_ms=0,sort_time_ms=0,total_probe_time_ms=652.60284423828125
i_primitive=triangle,i_key_mode=3d,i_build_mode=b_sfl,i_probe_mode=p_sfl,i_update_type=global,i_num_build_keys_log=24,i_key_offset=0,i_key_stride_log=0,i_key_replication_log=0,i_reserve_keys_for_misses=0,i_num_updates_log=0,i_local_update_batch_size_log=1,i_num_probe_keys_log=27,i_miss_percentage=0,i_out_of_range_percentage=0,i_range_query_hit_count_log=0,i_exponent_bias=0,i_force_single_anyhit=1,i_perpendicular_rays=1,i_start_ray_at_zero=1,i_compaction=1,i_large_keys=0,i_closest_hit=0,i_skip_probing=0,i_num_rays_per_thread_log=0,i_force_uniform_keys=0,i_x_bits=23,i_y_bits=9,i_z_bits=0,i_debug=0,uncompacted_size=951329792,final_size=669475456,update_temp_buffer_size=0,convert_time_ms=2.4093120098114013672,build_time_ms=27.821056365966796875,convert_build_time_ms=30.230368375778198242,convert_build_compact_time_ms=31.973216414451599121,compact_time_ms=1.7428480386734008789,update_time_ms=0,convert_and_update_time_ms=0,sort_time_ms=0,total_probe_time_ms=50.24561309814453125
i_primitive=triangle,i_key_mode=3d,i_build_mode=b_sfl,i_probe_mode=p_sfl,i_update_type=global,i_num_build_keys_log=24,i_key_offset=0,i_key_stride_log=1,i_key_replication_log=0,i_reserve_keys_for_misses=0,i_num_updates_log=0,i_local_update_batch_size_log=1,i_num_probe_keys_log=27,i_miss_percentage=0,i_out_of_range_percentage=0,i_range_query_hit_count_log=0,i_exponent_bias=0,i_force_single_anyhit=1,i_perpendicular_rays=1,i_start_ray_at_zero=1,i_compaction=1,i_large_keys=0,i_closest_hit=0,i_skip_probing=0,i_num_rays_per_thread_log=0,i_force_uniform_keys=0,i_x_bits=23,i_y_bits=9,i_z_bits=0,i_debug=0,uncompacted_size=951329792,final_size=609867520,update_temp_buffer_size=0,convert_time_ms=2.4055039882659912109,build_time_ms=27.886816024780273438,convert_build_time_ms=30.292320013046264648,convert_build_compact_time_ms=31.882591962814331055,compact_time_ms=1.5902719497680664062,update_time_ms=0,convert_and_update_time_ms=0,sort_time_ms=0,total_probe_time_ms=52.053289794921873579
i_primitive=triangle,i_key_mode=3d,i_build_mode=b_sfl,i_probe_mode=p_sfl,i_update_type=global,i_num_build_keys_log=24,i_key_offset=0,i_key_stride_log=2,i_key_replication_log=0,i_reserve_keys_for_misses=0,i_num_updates_log=0,i_local_update_batch_size_log=1,i_num_probe_keys_log=27,i_miss_percentage=0,i_out_of_range_percentage=0,i_range_query_hit_count_log=0,i_exponent_bias=0,i_force_single_anyhit=1,i_perpendicular_rays=1,i_start_ray_at_zero=1,i_compaction=1,i_large_keys=0,i_closest_hit=0,i_skip_probing=0,i_num_rays_per_thread_log=0,i_force_uniform_keys=0,i_x_bits=23,i_y_bits=9,i_z_bits=0,i_debug=0,uncompacted_size=951329792,final_size=590962304,update_temp_buffer_size=0,convert_time_ms=2.4540479183197021484,build_time_ms=27.90399932861328125,convert_build_time_ms=30.358047246932983398,convert_build_compact_time_ms=31.893023252487182617,compact_time_ms=1.5349760055541992188,update_time_ms=0,convert_and_update_time_ms=0,sort_time_ms=0,total_probe_time_ms=53.877036666870118609
i_primitive=triangle,i_key_mode=3d,i_build_mode=b_sfl,i_probe_mode=p_sfl,i_update_type=global,i_num_build_keys_log=24,i_key_offset=0,i_key_stride_log=3,i_key_replication_log=0,i_reserve_keys_for_misses=0,i_num_updates_log=0,i_local_update_batch_size_log=1,i_num_probe_keys_log=27,i_miss_percentage=0,i_out_of_range_percentage=0,i_range_query_hit_count_log=0,i_exponent_bias=0,i_force_single_anyhit=1,i_perpendicular_rays=1,i_start_ray_at_zero=1,i_compaction=1,i_large_keys=0,i_closest_hit=0,i_skip_probing=0,i_num_rays_per_thread_log=0,i_force_uniform_keys=0,i_x_bits=23,i_y_bits=9,i_z_bits=0,i_debug=0,uncompacted_size=951329792,final_size=585648000,update_temp_buffer_size=0,convert_time_ms=2.4084479808807373047,build_time_ms=28.173311233520507812,convert_build_time_ms=30.581759214401245117,convert_build_compact_time_ms=32.107679247856140137,compact_time_ms=1.5259200334548950195,update_time_ms=0,convert_and_update_time_ms=0,sort_time_ms=0,total_probe_time_ms=53.919126129150392046
i_primitive=triangle,i_key_mode=ext,i_build_mode=b_sfl,i_probe_mode=p_sfl,i_update_type=global,i_num_build_keys_log=25,i_key_offset=0,i_key_stride_log=0,i_key_replication_log=0,i_reserve_keys_for_misses=0,i_num_updates_log=0,i_local_update_batch_size_log=1,i_num_probe_keys_log=27,i_miss_percentage=0,i_out_of_range_percentage=0,i_range_query_hit_count_log=0,i_exponent_bias=0,i_force_single_anyhit=1,i_perpendicular_rays=1,i_start_ray_at_zero=1,i_compaction=1,i_large_keys=0,i_closest_hit=0,i_skip_probing=0,i_num_rays_per_thread_log=0,i_force_uniform_keys=0,i_x_bits=23,i_y_bits=9,i_z_bits=0,i_debug=0,uncompacted_size=1902656640,final_size=1201364480,update_temp_buffer_size=0,convert_time_ms=5.1057600975036621094,build_time_ms=54.798336029052734375,convert_build_time_ms=59.904096126556396484,convert_build_compact_time_ms=63.015008211135864258,compact_time_ms=3.1109120845794677734,update_time_ms=0,convert_and_update_time_ms=0,sort_time_ms=0,total_probe_time_ms=109.65232315063477131
i_primitive=triangle,i_key_mode=ext,i_build_mode=b_sfl,i_probe_mode=p_sfl,i_update_type=global,i_num_build_keys_log=25,i_key_offset=0,i_key_stride_log=1,i_key_replication_log=0,i_reserve_keys_for_misses=0,i_num_updates_log=0,i_local_update_batch_size_log=1,i_num_probe_keys_log=27,i_miss_percentage=0,i_out_of_range_percentage=0,i_range_query_hit_count_log=0,i_exponent_bias=0,i_force_single_anyhit=1,i_perpendicular_rays=1,i_start_ray_at_zero=1,i_compaction=1,i_large_keys=0,i_closest_hit=0,i_skip_probing=0,i_num_rays_per_thread_log=0,i_force_uniform_keys=0,i_x_bits=23,i_y_bits=9,i_z_bits=0,i_debug=0,uncompacted_size=1902656640,final_size=1203073408,update_temp_buffer_size=0,convert_time_ms=5.1050558090209960938,build_time_ms=55.050048828125,convert_build_time_ms=60.155104637145996094,convert_build_compact_time_ms=63.259872674942016602,compact_time_ms=3.1047680377960205078,update_time_ms=0,convert_and_update_time_ms=0,sort_time_ms=0,total_probe_time_ms=1737.7968994140624091
i_primitive=triangle,i_key_mode=3d,i_build_mode=b_sfl,i_probe_mode=p_sfl,i_update_type=global,i_num_build_keys_log=25,i_key_offset=0,i_key_stride_log=0,i_key_replication_log=0,i_reserve_keys_for_misses=0,i_num_updates_log=0,i_local_update_batch_size_log=1,i_num_probe_keys_log=27,i_miss_percentage=0,i_out_of_range_percentage=0,i_range_query_hit_count_log=0,i_exponent_bias=0,i_force_single_anyhit=1,i_perpendicular_rays=1,i_start_ray_at_zero=1,i_compaction=1,i_large_keys=0,i_closest_hit=0,i_skip_probing=0,i_num_rays_per_thread_log=0,i_force_uniform_keys=0,i_x_bits=23,i_y_bits=9,i_z_bits=0,i_debug=0,uncompacted_size=1902656640,final_size=1228379904,update_temp_buffer_size=0,convert_time_ms=4.842144012451171875,build_time_ms=55.3000946044921875,convert_build_time_ms=60.142238616943359375,convert_build_compact_time_ms=63.317662715911865234,compact_time_ms=3.1754240989685058594,update_time_ms=0,convert_and_update_time_ms=0,sort_time_ms=0,total_probe_time_ms=60.10559730529784872
i_primitive=triangle,i_key_mode=3d,i_build_mode=b_sfl,i_probe_mode=p_sfl,i_update_type=global,i_num_build_keys_log=25,i_key_offset=0,i_key_stride_log=1,i_key_replication_log=0,i_reserve_keys_for_misses=0,i_num_updates_log=0,i_local_update_batch_size_log=1,i_num_probe_keys_log=27,i_miss_percentage=0,i_out_of_range_percentage=0,i_range_query_hit_count_log=0,i_exponent_bias=0,i_force_single_anyhit=1,i_perpendicular_rays=1,i_start_ray_at_zero=1,i_compaction=1,i_large_keys=0,i_closest_hit=0,i_skip_probing=0,i_num_rays_per_thread_log=0,i_force_uniform_keys=0,i_x_bits=23,i_y_bits=9,i_z_bits=0,i_debug=0,uncompacted_size=1902656640,final_size=1165533824,update_temp_buffer_size=0,convert_time_ms=4.8709759712219238281,build_time_ms=55.419902801513671875,convert_build_time_ms=60.290878772735595703,convert_build_compact_time_ms=63.300414800643920898,compact_time_ms=3.0095360279083251953,update_time_ms=0,convert_and_update_time_ms=0,sort_time_ms=0,total_probe_time_ms=61.395449829101565342
i_primitive=triangle,i_key_mode=3d,i_build_mode=b_sfl,i_probe_mode=p_sfl,i_update_type=global,i_num_build_keys_log=25,i_key_offset=0,i_key_stride_log=2,i_key_replication_log=0,i_reserve_keys_for_misses=0,i_num_updates_log=0,i_local_update_batch_size_log=1,i_num_probe_keys_log=27,i_miss_percentage=0,i_out_of_range_percentage=0,i_range_query_hit_count_log=0,i_exponent_bias=0,i_force_single_anyhit=1,i_perpendicular_rays=1,i_start_ray_at_zero=1,i_compaction=1,i_large_keys=0,i_closest_hit=0,i_skip_probing=0,i_num_rays_per_thread_log=0,i_force_uniform_keys=0,i_x_bits=23,i_y_bits=9,i_z_bits=0,i_debug=0,uncompacted_size=1902656640,final_size=1167955840,update_temp_buffer_size=0,convert_time_ms=4.8448958396911621094,build_time_ms=55.96956634521484375,convert_build_time_ms=60.814462184906005859,convert_build_compact_time_ms=63.840254068374633789,compact_time_ms=3.0257918834686279297,update_time_ms=0,convert_and_update_time_ms=0,sort_time_ms=0,total_probe_time_ms=61.563170623779299717
i_primitive=triangle,i_key_mode=3d,i_build_mode=b_sfl,i_probe_mode=p_sfl,i_update_type=global,i_num_build_keys_log=25,i_key_offset=0,i_key_stride_log=3,i_key_replication_log=0,i_reserve_keys_for_misses=0,i_num_updates_log=0,i_local_update_batch_size_log=1,i_num_probe_keys_log=27,i_miss_percentage=0,i_out_of_range_percentage=0,i_range_query_hit_count_log=0,i_exponent_bias=0,i_force_single_anyhit=1,i_perpendicular_rays=1,i_start_ray_at_zero=1,i_compaction=1,i_large_keys=0,i_closest_hit=0,i_skip_probing=0,i_num_rays_per_thread_log=0,i_force_uniform_keys=0,i_x_bits=23,i_y_bits=9,i_z_bits=0,i_debug=0,uncompacted_size=1902656640,final_size=1095568896,update_temp_buffer_size=0,convert_time_ms=4.8357119560241699219,build_time_ms=55.258014678955078125,convert_build_time_ms=60.093726634979248047,convert_build_compact_time_ms=62.931230545043945312,compact_time_ms=2.8375039100646972656,update_time_ms=0,convert_and_update_time_ms=0,sort_time_ms=0,total_probe_time_ms=60.774888992309570312
i_primitive=triangle,i_key_mode=ext,i_build_mode=b_sfl,i_probe_mode=p_sfl,i_update_type=global,i_num_build_keys_log=26,i_key_offset=0,i_key_stride_log=0,i_key_replication_log=0,i_reserve_keys_for_misses=0,i_num_updates_log=0,i_local_update_batch_size_log=1,i_num_probe_keys_log=27,i_miss_percentage=0,i_out_of_range_percentage=0,i_range_query_hit_count_log=0,i_exponent_bias=0,i_force_single_anyhit=1,i_perpendicular_rays=1,i_start_ray_at_zero=1,i_compaction=1,i_large_keys=0,i_closest_hit=0,i_skip_probing=0,i_num_rays_per_thread_log=0,i_force_uniform_keys=0,i_x_bits=23,i_y_bits=9,i_z_bits=0,i_debug=0,uncompacted_size=3805310464,final_size=2419231488,update_temp_buffer_size=0,convert_time_ms=10.052607536315917969,build_time_ms=110.4189453125,convert_build_time_ms=120.47155284881591797,convert_build_compact_time_ms=126.75891304016113281,compact_time_ms=6.2873601913452148438,update_time_ms=0,convert_and_update_time_ms=0,sort_time_ms=0,total_probe_time_ms=4528.375732421875
i_primitive=triangle,i_key_mode=3d,i_build_mode=b_sfl,i_probe_mode=p_sfl,i_update_type=global,i_num_build_keys_log=26,i_key_offset=0,i_key_stride_log=0,i_key_replication_log=0,i_reserve_keys_for_misses=0,i_num_updates_log=0,i_local_update_batch_size_log=1,i_num_probe_keys_log=27,i_miss_percentage=0,i_out_of_range_percentage=0,i_range_query_hit_count_log=0,i_exponent_bias=0,i_force_single_anyhit=1,i_perpendicular_rays=1,i_start_ray_at_zero=1,i_compaction=1,i_large_keys=0,i_closest_hit=0,i_skip_probing=0,i_num_rays_per_thread_log=0,i_force_uniform_keys=0,i_x_bits=23,i_y_bits=9,i_z_bits=0,i_debug=0,uncompacted_size=3805310464,final_size=2379273600,update_temp_buffer_size=0,convert_time_ms=9.5637760162353515625,build_time_ms=110.86217498779296875,convert_build_time_ms=120.42595100402832031,convert_build_compact_time_ms=126.60681486129760742,compact_time_ms=6.1808638572692871094,update_time_ms=0,convert_and_update_time_ms=0,sort_time_ms=0,total_probe_time_ms=68.125170898437502842
i_primitive=triangle,i_key_mode=3d,i_build_mode=b_sfl,i_probe_mode=p_sfl,i_update_type=global,i_num_build_keys_log=26,i_key_offset=0,i_key_stride_log=1,i_key_replication_log=0,i_reserve_keys_for_misses=0,i_num_updates_log=0,i_local_update_batch_size_log=1,i_num_probe_keys_log=27,i_miss_percentage=0,i_out_of_range_percentage=0,i_range_query_hit_count_log=0,i_exponent_bias=0,i_force_single_anyhit=1,i_perpendicular_rays=1,i_start_ray_at_zero=1,i_compaction=1,i_large_keys=0,i_closest_hit=0,i_skip_probing=0,i_num_rays_per_thread_log=0,i_force_uniform_keys=0,i_x_bits=23,i_y_bits=9,i_z_bits=0,i_debug=0,uncompacted_size=3805310464,final_size=2261859584,update_temp_buffer_size=0,convert_time_ms=9.5745916366577148438,build_time_ms=110.76198577880859375,convert_build_time_ms=120.33657741546630859,convert_build_compact_time_ms=126.22355318069458008,compact_time_ms=5.8869757652282714844,update_time_ms=0,convert_and_update_time_ms=0,sort_time_ms=0,total_probe_time_ms=67.7672576904296875
i_primitive=triangle,i_key_mode=3d,i_build_mode=b_sfl,i_probe_mode=p_sfl,i_update_type=global,i_num_build_keys_log=26,i_key_offset=0,i_key_stride_log=2,i_key_replication_log=0,i_reserve_keys_for_misses=0,i_num_updates_log=0,i_local_update_batch_size_log=1,i_num_probe_keys_log=27,i_miss_percentage=0,i_out_of_range_percentage=0,i_range_query_hit_count_log=0,i_exponent_bias=0,i_force_single_anyhit=1,i_perpendicular_rays=1,i_start_ray_at_zero=1,i_compaction=1,i_large_keys=0,i_closest_hit=0,i_skip_probing=0,i_num_rays_per_thread_log=0,i_force_uniform_keys=0,i_x_bits=23,i_y_bits=9,i_z_bits=0,i_debug=0,uncompacted_size=3805310464,final_size=2274218240,update_temp_buffer_size=0,convert_time_ms=9.5640316009521484375,build_time_ms=111.67311859130859375,convert_build_time_ms=121.23715019226074219,convert_build_compact_time_ms=127.15673398971557617,compact_time_ms=5.9195837974548339844,update_time_ms=0,convert_and_update_time_ms=0,sort_time_ms=0,total_probe_time_ms=68.1951904296875
i_primitive=triangle,i_key_mode=3d,i_build_mode=b_sfl,i_probe_mode=p_sfl,i_update_type=global,i_num_build_keys_log=26,i_key_offset=0,i_key_stride_log=3,i_key_replication_log=0,i_reserve_keys_for_misses=0,i_num_updates_log=0,i_local_update_batch_size_log=1,i_num_probe_keys_log=27,i_miss_percentage=0,i_out_of_range_percentage=0,i_range_query_hit_count_log=0,i_exponent_bias=0,i_force_single_anyhit=1,i_perpendicular_rays=1,i_start_ray_at_zero=1,i_compaction=1,i_large_keys=0,i_closest_hit=0,i_skip_probing=0,i_num_rays_per_thread_log=0,i_force_uniform_keys=0,i_x_bits=23,i_y_bits=9,i_z_bits=0,i_debug=0,uncompacted_size=3805310464,final_size=2222823424,update_temp_buffer_size=0,convert_time_ms=9.5729284286499023438,build_time_ms=111.29856109619140625,convert_build_time_ms=120.87148952484130859,convert_build_compact_time_ms=126.63763332366943359,compact_time_ms=5.766143798828125,update_time_ms=0,convert_and_update_time_ms=0,sort_time_ms=0,total_probe_time_ms=67.9295654296875
