i_primitive=triangle,i_key_mode=3d,i_build_mode=b_sfl,i_probe_mode=p_sfl,i_update_type=global,i_num_build_keys_log=25,i_key_offset=0,i_key_stride_log=0,i_key_replication_log=0,i_reserve_keys_for_misses=0,i_num_updates_log=0,i_local_update_batch_size_log=1,i_num_probe_keys_log=27,i_miss_percentage=0,i_out_of_range_percentage=0,i_range_query_hit_count_log=0,i_exponent_bias=0,i_force_single_anyhit=1,i_perpendicular_rays=1,i_start_ray_at_zero=0,i_compaction=1,i_large_keys=0,i_closest_hit=0,i_skip_probing=0,i_num_rays_per_thread_log=0,i_force_uniform_keys=0,i_x_bits=23,i_y_bits=9,i_z_bits=0,i_debug=0,uncompacted_size=1902656640,final_size=1228386304,update_temp_buffer_size=0,convert_time_ms=4.846752166748046875,build_time_ms=55.184383392333984375,convert_build_time_ms=60.03113555908203125,convert_build_compact_time_ms=63.223967552185058594,compact_time_ms=3.1928319931030273438,update_time_ms=0,convert_and_update_time_ms=0,sort_time_ms=0,total_probe_time_ms=60.087196731567381391
i_primitive=triangle,i_key_mode=3d,i_build_mode=b_sfl,i_probe_mode=p_sfl,i_update_type=global,i_num_build_keys_log=25,i_key_offset=0,i_key_stride_log=0,i_key_replication_log=0,i_reserve_keys_for_misses=0,i_num_updates_log=2,i_local_update_batch_size_log=1,i_num_probe_keys_log=27,i_miss_percentage=0,i_out_of_range_percentage=0,i_range_query_hit_count_log=0,i_exponent_bias=0,i_force_single_anyhit=1,i_perpendicular_rays=1,i_start_ray_at_zero=0,i_compaction=1,i_large_keys=0,i_closest_hit=0,i_skip_probing=0,i_num_rays_per_thread_log=0,i_force_uniform_keys=0,i_x_bits=23,i_y_bits=9,i_z_bits=0,i_debug=0,uncompacted_size=2191654784,final_size=1988326016,update_temp_buffer_size=142606464,convert_time_ms=4.8387842178344726562,build_time_ms=54.49388885498046875,convert_build_time_ms=59.332673072814941406,convert_build_compact_time_ms=64.365633010864257812,compact_time_ms=5.0329599380493164062,update_time_ms=15.080287933349609375,convert_and_update_time_ms=19.875999927520751953,sort_time_ms=0,total_probe_time_ms=60.076716613769534092
i_primitive=triangle,i_key_mode=3d,i_build_mode=b_sfl,i_probe_mode=p_sfl,i_update_type=global,i_num_build_keys_log=25,i_key_offset=0,i_key_stride_log=0,i_key_replication_log=0,i_reserve_keys_for_misses=0,i_num_updates_log=4,i_local_update_batch_size_log=1,i_num_probe_keys_log=27,i_miss_percentage=0,i_out_of_range_percentage=0,i_range_query_hit_count_log=0,i_exponent_bias=0,i_force_single_anyhit=1,i_perpendicular_rays=1,i_start_ray_at_zero=0,i_compaction=1,i_large_keys=0,i_closest_hit=0,i_skip_probing=0,i_num_rays_per_thread_log=0,i_force_uniform_keys=0,i_x_bits=23,i_y_bits=9,i_z_bits=0,i_debug=0,uncompacted_size=2191654784,final_size=1988326016,update_temp_buffer_size=142606464,convert_time_ms=4.8479681015014648438,build_time_ms=54.515712738037109375,convert_build_time_ms=59.363680839538574219,convert_build_compact_time_ms=64.398688793182373047,compact_time_ms=5.0350079536437988281,update_time_ms=15.076352119445800781,convert_and_update_time_ms=19.869535923004150391,sort_time_ms=0,total_probe_time_ms=60.132454299926756391
i_primitive=triangle,i_key_mode=3d,i_build_mode=b_sfl,i_probe_mode=p_sfl,i_update_type=global,i_num_build_keys_log=25,i_key_offset=0,i_key_stride_log=0,i_key_replication_log=0,i_reserve_keys_for_misses=0,i_num_updates_log=6,i_local_update_batch_size_log=1,i_num_probe_keys_log=27,i_miss_percentage=0,i_out_of_range_percentage=0,i_range_query_hit_count_log=0,i_exponent_bias=0,i_force_single_anyhit=1,i_perpendicular_rays=1,i_start_ray_at_zero=0,i_compaction=1,i_large_keys=0,i_closest_hit=0,i_skip_probing=0,i_num_rays_per_thread_log=0,i_force_uniform_keys=0,i_x_bits=23,i_y_bits=9,i_z_bits=0,i_debug=0,uncompacted_size=2191654784,final_size=1988326016,update_temp_buffer_size=142606464,convert_time_ms=4.848896026611328125,build_time_ms=54.675457000732421875,convert_build_time_ms=59.52435302734375,convert_build_compact_time_ms=64.560385227203369141,compact_time_ms=5.0360321998596191406,update_time_ms=15.075327873229980469,convert_and_update_time_ms=19.471807956695556641,sort_time_ms=0,total_probe_time_ms=60.331005096435546875
i_primitive=triangle,i_key_mode=3d,i_build_mode=b_sfl,i_probe_mode=p_sfl,i_update_type=global,i_num_build_keys_log=25,i_key_offset=0,i_key_stride_log=0,i_key_replication_log=0,i_reserve_keys_for_misses=0,i_num_updates_log=8,i_local_update_batch_size_log=1,i_num_probe_keys_log=27,i_miss_percentage=0,i_out_of_range_percentage=0,i_range_query_hit_count_log=0,i_exponent_bias=0,i_force_single_anyhit=1,i_perpendicular_rays=1,i_start_ray_at_zero=0,i_compaction=1,i_large_keys=0,i_closest_hit=0,i_skip_probing=0,i_num_rays_per_thread_log=0,i_force_uniform_keys=0,i_x_bits=23,i_y_bits=9,i_z_bits=0,i_debug=0,uncompacted_size=2191654784,final_size=1988326016,update_temp_buffer_size=142606464,convert_time_ms=4.8384637832641601562,build_time_ms=54.261566162109375,convert_build_time_ms=59.100029945373535156,convert_build_compact_time_ms=64.131966114044189453,compact_time_ms=5.0319361686706542969,update_time_ms=15.077376365661621094,convert_and_update_time_ms=19.467392444610595703,sort_time_ms=0,total_probe_time_ms=133.93457336425780113
i_primitive=triangle,i_key_mode=3d,i_build_mode=b_sfl,i_probe_mode=p_sfl,i_update_type=global,i_num_build_keys_log=25,i_key_offset=0,i_key_stride_log=0,i_key_replication_log=0,i_reserve_keys_for_misses=0,i_num_updates_log=10,i_local_update_batch_size_log=1,i_num_probe_keys_log=27,i_miss_percentage=0,i_out_of_range_percentage=0,i_range_query_hit_count_log=0,i_exponent_bias=0,i_force_single_anyhit=1,i_perpendicular_rays=1,i_start_ray_at_zero=0,i_compaction=1,i_large_keys=0,i_closest_hit=0,i_skip_probing=0,i_num_rays_per_thread_log=0,i_force_uniform_keys=0,i_x_bits=23,i_y_bits=9,i_z_bits=0,i_debug=0,uncompacted_size=2191654784,final_size=1988326016,update_temp_buffer_size=142606464,convert_time_ms=4.84832000732421875,build_time_ms=54.64575958251953125,convert_build_time_ms=59.49407958984375,convert_build_compact_time_ms=64.535231590270996094,compact_time_ms=5.0411520004272460938,update_time_ms=15.06406402587890625,convert_and_update_time_ms=19.4552001953125,sort_time_ms=0,total_probe_time_ms=554.42405395507807953
i_primitive=triangle,i_key_mode=3d,i_build_mode=b_sfl,i_probe_mode=p_sfl,i_update_type=global,i_num_build_keys_log=25,i_key_offset=0,i_key_stride_log=0,i_key_replication_log=0,i_reserve_keys_for_misses=0,i_num_updates_log=12,i_local_update_batch_size_log=1,i_num_probe_keys_log=27,i_miss_percentage=0,i_out_of_range_percentage=0,i_range_query_hit_count_log=0,i_exponent_bias=0,i_force_single_anyhit=1,i_perpendicular_rays=1,i_start_ray_at_zero=0,i_compaction=1,i_large_keys=0,i_closest_hit=0,i_skip_probing=0,i_num_rays_per_thread_log=0,i_force_uniform_keys=0,i_x_bits=23,i_y_bits=9,i_z_bits=0,i_debug=0,uncompacted_size=2191654784,final_size=1988326016,update_temp_buffer_size=142606464,convert_time_ms=4.8535361289978027344,build_time_ms=54.7348480224609375,convert_build_time_ms=59.588384151458740234,convert_build_compact_time_ms=64.623392105102539062,compact_time_ms=5.0350079536437988281,update_time_ms=15.0760955810546875,convert_and_update_time_ms=19.474399566650390625,sort_time_ms=0,total_probe_time_ms=2949.740966796875
i_primitive=triangle,i_key_mode=3d,i_build_mode=b_sfl,i_probe_mode=p_sfl,i_update_type=pos_local,i_num_build_keys_log=25,i_key_offset=0,i_key_stride_log=0,i_key_replication_log=0,i_reserve_keys_for_misses=0,i_num_updates_log=0,i_local_update_batch_size_log=1,i_num_probe_keys_log=27,i_miss_percentage=0,i_out_of_range_percentage=0,i_range_query_hit_count_log=0,i_exponent_bias=0,i_force_single_anyhit=1,i_perpendicular_rays=1,i_start_ray_at_zero=0,i_compaction=1,i_large_keys=0,i_closest_hit=0,i_skip_probing=0,i_num_rays_per_thread_log=0,i_force_uniform_keys=0,i_x_bits=23,i_y_bits=9,i_z_bits=0,i_debug=0,uncompacted_size=1902656640,final_size=1228220928,update_temp_buffer_size=0,convert_time_ms=4.8408961296081542969,build_time_ms=55.316287994384765625,convert_build_time_ms=60.157184123992919922,convert_build_compact_time_ms=63.356160163879394531,compact_time_ms=3.1989760398864746094,update_time_ms=0,convert_and_update_time_ms=0,sort_time_ms=0,total_probe_time_ms=60.067987442016601562
i_primitive=triangle,i_key_mode=3d,i_build_mode=b_sfl,i_probe_mode=p_sfl,i_update_type=pos_local,i_num_build_keys_log=25,i_key_offset=0,i_key_stride_log=0,i_key_replication_log=0,i_reserve_keys_for_misses=0,i_num_updates_log=2,i_local_update_batch_size_log=1,i_num_probe_keys_log=27,i_miss_percentage=0,i_out_of_range_percentage=0,i_range_query_hit_count_log=0,i_exponent_bias=0,i_force_single_anyhit=1,i_perpendicular_rays=1,i_start_ray_at_zero=0,i_compaction=1,i_large_keys=0,i_closest_hit=0,i_skip_probing=0,i_num_rays_per_thread_log=0,i_force_uniform_keys=0,i_x_bits=23,i_y_bits=9,i_z_bits=0,i_debug=0,uncompacted_size=2191654784,final_size=1988326016,update_temp_buffer_size=142606464,convert_time_ms=4.8391041755676269531,build_time_ms=54.596607208251953125,convert_build_time_ms=59.435711383819580078,convert_build_compact_time_ms=64.467647552490234375,compact_time_ms=5.0319361686706542969,update_time_ms=15.066111564636230469,convert_and_update_time_ms=19.464543342590332031,sort_time_ms=0,total_probe_time_ms=60.098346328735352984
i_primitive=triangle,i_key_mode=3d,i_build_mode=b_sfl,i_probe_mode=p_sfl,i_update_type=pos_local,i_num_build_keys_log=25,i_key_offset=0,i_key_stride_log=0,i_key_replication_log=0,i_reserve_keys_for_misses=0,i_num_updates_log=4,i_local_update_batch_size_log=1,i_num_probe_keys_log=27,i_miss_percentage=0,i_out_of_range_percentage=0,i_range_query_hit_count_log=0,i_exponent_bias=0,i_force_single_anyhit=1,i_perpendicular_rays=1,i_start_ray_at_zero=0,i_compaction=1,i_large_keys=0,i_closest_hit=0,i_skip_probing=0,i_num_rays_per_thread_log=0,i_force_uniform_keys=0,i_x_bits=23,i_y_bits=9,i_z_bits=0,i_debug=0,uncompacted_size=2191654784,final_size=1988326016,update_temp_buffer_size=142606464,convert_time_ms=4.8451838493347167969,build_time_ms=54.716510772705078125,convert_build_time_ms=59.561694622039794922,convert_build_compact_time_ms=64.607966423034667969,compact_time_ms=5.0462718009948730469,update_time_ms=15.077280044555664062,convert_and_update_time_ms=19.475136280059814453,sort_time_ms=0,total_probe_time_ms=60.222026062011721592
i_primitive=triangle,i_key_mode=3d,i_build_mode=b_sfl,i_probe_mode=p_sfl,i_update_type=pos_local,i_num_build_keys_log=25,i_key_offset=0,i_key_stride_log=0,i_key_replication_log=0,i_reserve_keys_for_misses=0,i_num_updates_log=6,i_local_update_batch_size_log=1,i_num_probe_keys_log=27,i_miss_percentage=0,i_out_of_range_percentage=0,i_range_query_hit_count_log=0,i_exponent_bias=0,i_force_single_anyhit=1,i_perpendicular_rays=1,i_start_ray_at_zero=0,i_compaction=1,i_large_keys=0,i_closest_hit=0,i_skip_probing=0,i_num_rays_per_thread_log=0,i_force_uniform_keys=0,i_x_bits=23,i_y_bits=9,i_z_bits=0,i_debug=0,uncompacted_size=2191654784,final_size=1988326016,update_temp_buffer_size=142606464,convert_time_ms=4.8328318595886230469,build_time_ms=54.7315521240234375,convert_build_time_ms=59.564383983612060547,convert_build_compact_time_ms=64.604512214660644531,compact_time_ms=5.0401282310485839844,update_time_ms=15.051775932312011719,convert_and_update_time_ms=19.843423843383789062,sort_time_ms=0,total_probe_time_ms=60.692121505737304688
i_primitive=triangle,i_key_mode=3d,i_build_mode=b_sfl,i_probe_mode=p_sfl,i_update_type=pos_local,i_num_build_keys_log=25,i_key_offset=0,i_key_stride_log=0,i_key_replication_log=0,i_reserve_keys_for_misses=0,i_num_updates_log=8,i_local_update_batch_size_log=1,i_num_probe_keys_log=27,i_miss_percentage=0,i_out_of_range_percentage=0,i_range_query_hit_count_log=0,i_exponent_bias=0,i_force_single_anyhit=1,i_perpendicular_rays=1,i_start_ray_at_zero=0,i_compaction=1,i_large_keys=0,i_closest_hit=0,i_skip_probing=0,i_num_rays_per_thread_log=0,i_force_uniform_keys=0,i_x_bits=23,i_y_bits=9,i_z_bits=0,i_debug=0,uncompacted_size=2191654784,final_size=1988326016,update_temp_buffer_size=142606464,convert_time_ms=4.8436160087585449219,build_time_ms=54.775745391845703125,convert_build_time_ms=59.619361400604248047,convert_build_compact_time_ms=64.661441326141357422,compact_time_ms=5.042079925537109375,update_time_ms=15.047679901123046875,convert_and_update_time_ms=19.836575984954833984,sort_time_ms=0,total_probe_time_ms=139.56910095214843182
i_primitive=triangle,i_key_mode=3d,i_build_mode=b_sfl,i_probe_mode=p_sfl,i_update_type=pos_local,i_num_build_keys_log=25,i_key_offset=0,i_key_stride_log=0,i_key_replication_log=0,i_reserve_keys_for_misses=0,i_num_updates_log=10,i_local_update_batch_size_log=1,i_num_probe_keys_log=27,i_miss_percentage=0,i_out_of_range_percentage=0,i_range_query_hit_count_log=0,i_exponent_bias=0,i_force_single_anyhit=1,i_perpendicular_rays=1,i_start_ray_at_zero=0,i_compaction=1,i_large_keys=0,i_closest_hit=0,i_skip_probing=0,i_num_rays_per_thread_log=0,i_force_uniform_keys=0,i_x_bits=23,i_y_bits=9,i_z_bits=0,i_debug=0,uncompacted_size=2191654784,final_size=1988326016,update_temp_buffer_size=142606464,convert_time_ms=4.8387842178344726562,build_time_ms=54.662143707275390625,convert_build_time_ms=59.500927925109863281,convert_build_compact_time_ms=64.536927700042724609,compact_time_ms=5.0359997749328613281,update_time_ms=15.065088272094726562,convert_and_update_time_ms=19.458304405212402344,sort_time_ms=0,total_probe_time_ms=540.95307617187495453
i_primitive=triangle,i_key_mode=3d,i_build_mode=b_sfl,i_probe_mode=p_sfl,i_update_type=pos_local,i_num_build_keys_log=25,i_key_offset=0,i_key_stride_log=0,i_key_replication_log=0,i_reserve_keys_for_misses=0,i_num_updates_log=12,i_local_update_batch_size_log=1,i_num_probe_keys_log=27,i_miss_percentage=0,i_out_of_range_percentage=0,i_range_query_hit_count_log=0,i_exponent_bias=0,i_force_single_anyhit=1,i_perpendicular_rays=1,i_start_ray_at_zero=0,i_compaction=1,i_large_keys=0,i_closest_hit=0,i_skip_probing=0,i_num_rays_per_thread_log=0,i_force_uniform_keys=0,i_x_bits=23,i_y_bits=9,i_z_bits=0,i_debug=0,uncompacted_size=2191654784,final_size=1988326016,update_temp_buffer_size=142606464,convert_time_ms=4.8480639457702636719,build_time_ms=54.6406402587890625,convert_build_time_ms=59.488704204559326172,convert_build_compact_time_ms=64.526784420013427734,compact_time_ms=5.0380802154541015625,update_time_ms=15.075327873229980469,convert_and_update_time_ms=19.469599723815917969,sort_time_ms=0,total_probe_time_ms=2898.1829345703126819
i_primitive=triangle,i_key_mode=3d,i_build_mode=b_sfl,i_probe_mode=p_sfl,i_update_type=rank_local,i_num_build_keys_log=25,i_key_offset=0,i_key_stride_log=0,i_key_replication_log=0,i_reserve_keys_for_misses=0,i_num_updates_log=0,i_local_update_batch_size_log=1,i_num_probe_keys_log=27,i_miss_percentage=0,i_out_of_range_percentage=0,i_range_query_hit_count_log=0,i_exponent_bias=0,i_force_single_anyhit=1,i_perpendicular_rays=1,i_start_ray_at_zero=0,i_compaction=1,i_large_keys=0,i_closest_hit=0,i_skip_probing=0,i_num_rays_per_thread_log=0,i_force_uniform_keys=0,i_x_bits=23,i_y_bits=9,i_z_bits=0,i_debug=0,uncompacted_size=1902656640,final_size=1228350336,update_temp_buffer_size=0,convert_time_ms=4.8360319137573242188,build_time_ms=55.21488189697265625,convert_build_time_ms=60.050913810729980469,convert_build_compact_time_ms=63.22838592529296875,compact_time_ms=3.1774721145629882812,update_time_ms=0,convert_and_update_time_ms=0,sort_time_ms=0,total_probe_time_ms=60.068470382690428266
i_primitive=triangle,i_key_mode=3d,i_build_mode=b_sfl,i_probe_mode=p_sfl,i_update_type=rank_local,i_num_build_keys_log=25,i_key_offset=0,i_key_stride_log=0,i_key_replication_log=0,i_reserve_keys_for_misses=0,i_num_updates_log=2,i_local_update_batch_size_log=1,i_num_probe_keys_log=27,i_miss_percentage=0,i_out_of_range_percentage=0,i_range_query_hit_count_log=0,i_exponent_bias=0,i_force_single_anyhit=1,i_perpendicular_rays=1,i_start_ray_at_zero=0,i_compaction=1,i_large_keys=0,i_closest_hit=0,i_skip_probing=0,i_num_rays_per_thread_log=0,i_force_uniform_keys=0,i_x_bits=23,i_y_bits=9,i_z_bits=0,i_debug=0,uncompacted_size=2191654784,final_size=1988326016,update_temp_buffer_size=142606464,convert_time_ms=4.8437762260437011719,build_time_ms=54.684673309326171875,convert_build_time_ms=59.528449535369873047,convert_build_compact_time_ms=64.571649551391601562,compact_time_ms=5.0432000160217285156,update_time_ms=15.070207595825195312,convert_and_update_time_ms=19.865279674530029297,sort_time_ms=0,total_probe_time_ms=60.105709075927734375
i_primitive=triangle,i_key_mode=3d,i_build_mode=b_sfl,i_probe_mode=p_sfl,i_update_type=rank_local,i_num_build_keys_log=25,i_key_offset=0,i_key_stride_log=0,i_key_replication_log=0,i_reserve_keys_for_misses=0,i_num_updates_log=4,i_local_update_batch_size_log=1,i_num_probe_keys_log=27,i_miss_percentage=0,i_out_of_range_percentage=0,i_range_query_hit_count_log=0,i_exponent_bias=0,i_force_single_anyhit=1,i_perpendicular_rays=1,i_start_ray_at_zero=0,i_compaction=1,i_large_keys=0,i_closest_hit=0,i_skip_probing=0,i_num_rays_per_thread_log=0,i_force_uniform_keys=0,i_x_bits=23,i_y_bits=9,i_z_bits=0,i_debug=0,uncompacted_size=2191654784,final_size=1988326016,update_temp_buffer_size=142606464,convert_time_ms=4.8437438011169433594,build_time_ms=54.55257415771484375,convert_build_time_ms=59.396317958831787109,convert_build_compact_time_ms=64.434398174285888672,compact_time_ms=5.0380802154541015625,update_time_ms=15.081472396850585938,convert_and_update_time_ms=19.874176502227783203,sort_time_ms=0,total_probe_time_ms=60.055145645141600141
i_primitive=triangle,i_key_mode=3d,i_build_mode=b_sfl,i_probe_mode=p_sfl,i_update_type=rank_local,i_num_build_keys_log=25,i_key_offset=0,i_key_stride_log=0,i_key_replication_log=0,i_reserve_keys_for_misses=0,i_num_updates_log=6,i_local_update_batch_size_log=1,i_num_probe_keys_log=27,i_miss_percentage=0,i_out_of_range_percentage=0,i_range_query_hit_count_log=0,i_exponent_bias=0,i_force_single_anyhit=1,i_perpendicular_rays=1,i_start_ray_at_zero=0,i_compaction=1,i_large_keys=0,i_closest_hit=0,i_skip_probing=0,i_num_rays_per_thread_log=0,i_force_uniform_keys=0,i_x_bits=23,i_y_bits=9,i_z_bits=0,i_debug=0,uncompacted_size=2191654784,final_size=1988326016,update_temp_buffer_size=142606464,convert_time_ms=4.8413758277893066406,build_time_ms=54.675457000732421875,convert_build_time_ms=59.516832828521728516,convert_build_compact_time_ms=64.563232898712158203,compact_time_ms=5.0464000701904296875,update_time_ms=15.087615966796875,convert_and_update_time_ms=19.882112026214599609,sort_time_ms=0,total_probe_time_ms=60.139933013916014204
i_primitive=triangle,i_key_mode=3d,i_build_mode=b_sfl,i_probe_mode=p_sfl,i_update_type=rank_local,i_num_build_keys_log=25,i_key_offset=0,i_key_stride_log=0,i_key_replication_log=0,i_reserve_keys_for_misses=0,i_num_updates_log=8,i_local_update_batch_size_log=1,i_num_probe_keys_log=27,i_miss_percentage=0,i_out_of_range_percentage=0,i_range_query_hit_count_log=0,i_exponent_bias=0,i_force_single_anyhit=1,i_perpendicular_rays=1,i_start_ray_at_zero=0,i_compaction=1,i_large_keys=0,i_closest_hit=0,i_skip_probing=0,i_num_rays_per_thread_log=0,i_force_uniform_keys=0,i_x_bits=23,i_y_bits=9,i_z_bits=0,i_debug=0,uncompacted_size=2191654784,final_size=1988326016,update_temp_buffer_size=142606464,convert_time_ms=4.8349118232727050781,build_time_ms=54.48601531982421875,convert_build_time_ms=59.320927143096923828,convert_build_compact_time_ms=64.363102912902832031,compact_time_ms=5.0421757698059082031,update_time_ms=15.097855567932128906,convert_and_update_time_ms=19.898175716400146484,sort_time_ms=0,total_probe_time_ms=60.071001434326170454
i_primitive=triangle,i_key_mode=3d,i_build_mode=b_sfl,i_probe_mode=p_sfl,i_update_type=rank_local,i_num_build_keys_log=25,i_key_offset=0,i_key_stride_log=0,i_key_replication_log=0,i_reserve_keys_for_misses=0,i_num_updates_log=10,i_local_update_batch_size_log=1,i_num_probe_keys_log=27,i_miss_percentage=0,i_out_of_range_percentage=0,i_range_query_hit_count_log=0,i_exponent_bias=0,i_force_single_anyhit=1,i_perpendicular_rays=1,i_start_ray_at_zero=0,i_compaction=1,i_large_keys=0,i_closest_hit=0,i_skip_probing=0,i_num_rays_per_thread_log=0,i_force_uniform_keys=0,i_x_bits=23,i_y_bits=9,i_z_bits=0,i_debug=0,uncompacted_size=2191654784,final_size=1988326016,update_temp_buffer_size=142606464,convert_time_ms=4.8453760147094726562,build_time_ms=54.388736724853515625,convert_build_time_ms=59.234112739562988281,convert_build_compact_time_ms=64.258880615234375,compact_time_ms=5.0247678756713867188,update_time_ms=15.113216400146484375,convert_and_update_time_ms=19.907584190368652344,sort_time_ms=0,total_probe_time_ms=60.024493026733395595
i_primitive=triangle,i_key_mode=3d,i_build_mode=b_sfl,i_probe_mode=p_sfl,i_update_type=rank_local,i_num_build_keys_log=25,i_key_offset=0,i_key_stride_log=0,i_key_replication_log=0,i_reserve_keys_for_misses=0,i_num_updates_log=12,i_local_update_batch_size_log=1,i_num_probe_keys_log=27,i_miss_percentage=0,i_out_of_range_percentage=0,i_range_query_hit_count_log=0,i_exponent_bias=0,i_force_single_anyhit=1,i_perpendicular_rays=1,i_start_ray_at_zero=0,i_compaction=1,i_large_keys=0,i_closest_hit=0,i_skip_probing=0,i_num_rays_per_thread_log=0,i_force_uniform_keys=0,i_x_bits=23,i_y_bits=9,i_z_bits=0,i_debug=0,uncompacted_size=2191654784,final_size=1988326016,update_temp_buffer_size=142606464,convert_time_ms=4.83135986328125,build_time_ms=54.500095367431640625,convert_build_time_ms=59.331455230712890625,convert_build_compact_time_ms=64.373823165893554688,compact_time_ms=5.0423679351806640625,update_time_ms=15.075327873229980469,convert_and_update_time_ms=19.862847805023193359,sort_time_ms=0,total_probe_time_ms=60.052540588378903408
i_primitive=triangle,i_key_mode=3d,i_build_mode=b_sfl,i_probe_mode=p_sfl,i_update_type=global,i_num_build_keys_log=26,i_key_offset=0,i_key_stride_log=0,i_key_replication_log=0,i_reserve_keys_for_misses=0,i_num_updates_log=0,i_local_update_batch_size_log=1,i_num_probe_keys_log=27,i_miss_percentage=0,i_out_of_range_percentage=0,i_range_query_hit_count_log=0,i_exponent_bias=0,i_force_single_anyhit=1,i_perpendicular_rays=1,i_start_ray_at_zero=0,i_compaction=1,i_large_keys=0,i_closest_hit=0,i_skip_probing=0,i_num_rays_per_thread_log=0,i_force_uniform_keys=0,i_x_bits=23,i_y_bits=9,i_z_bits=0,i_debug=0,uncompacted_size=3805310464,final_size=2379132288,update_temp_buffer_size=0,convert_time_ms=9.6099195480346679688,build_time_ms=110.4691162109375,convert_build_time_ms=120.07903575897216797,convert_build_compact_time_ms=126.28242778778076172,compact_time_ms=6.20339202880859375,update_time_ms=0,convert_and_update_time_ms=0,sort_time_ms=0,total_probe_time_ms=68.074306488037109375
i_primitive=triangle,i_key_mode=3d,i_build_mode=b_sfl,i_probe_mode=p_sfl,i_update_type=global,i_num_build_keys_log=26,i_key_offset=0,i_key_stride_log=0,i_key_replication_log=0,i_reserve_keys_for_misses=0,i_num_updates_log=2,i_local_update_batch_size_log=1,i_num_probe_keys_log=27,i_miss_percentage=0,i_out_of_range_percentage=0,i_range_query_hit_count_log=0,i_exponent_bias=0,i_force_single_anyhit=1,i_perpendicular_rays=1,i_start_ray_at_zero=0,i_compaction=1,i_large_keys=0,i_closest_hit=0,i_skip_probing=0,i_num_rays_per_thread_log=0,i_force_uniform_keys=0,i_x_bits=23,i_y_bits=9,i_z_bits=0,i_debug=0,uncompacted_size=4383306496,final_size=3959575040,update_temp_buffer_size=285212800,convert_time_ms=9.62137603759765625,build_time_ms=109.83519744873046875,convert_build_time_ms=119.456573486328125,convert_build_compact_time_ms=129.54911708831787109,compact_time_ms=10.092543601989746094,update_time_ms=29.87929534912109375,convert_and_update_time_ms=39.4469757080078125,sort_time_ms=0,total_probe_time_ms=68.094972991943365059
i_primitive=triangle,i_key_mode=3d,i_build_mode=b_sfl,i_probe_mode=p_sfl,i_update_type=global,i_num_build_keys_log=26,i_key_offset=0,i_key_stride_log=0,i_key_replication_log=0,i_reserve_keys_for_misses=0,i_num_updates_log=4,i_local_update_batch_size_log=1,i_num_probe_keys_log=27,i_miss_percentage=0,i_out_of_range_percentage=0,i_range_query_hit_count_log=0,i_exponent_bias=0,i_force_single_anyhit=1,i_perpendicular_rays=1,i_start_ray_at_zero=0,i_compaction=1,i_large_keys=0,i_closest_hit=0,i_skip_probing=0,i_num_rays_per_thread_log=0,i_force_uniform_keys=0,i_x_bits=23,i_y_bits=9,i_z_bits=0,i_debug=0,uncompacted_size=4383306496,final_size=3960058240,update_temp_buffer_size=285212800,convert_time_ms=9.6196804046630859375,build_time_ms=109.95903778076171875,convert_build_time_ms=119.57871818542480469,convert_build_compact_time_ms=130.31020641326904297,compact_time_ms=10.731488227844238281,update_time_ms=29.846527099609375,convert_and_update_time_ms=39.410111427307128906,sort_time_ms=0,total_probe_time_ms=68.256056976318362217
i_primitive=triangle,i_key_mode=3d,i_build_mode=b_sfl,i_probe_mode=p_sfl,i_update_type=global,i_num_build_keys_log=26,i_key_offset=0,i_key_stride_log=0,i_key_replication_log=0,i_reserve_keys_for_misses=0,i_num_updates_log=6,i_local_update_batch_size_log=1,i_num_probe_keys_log=27,i_miss_percentage=0,i_out_of_range_percentage=0,i_range_query_hit_count_log=0,i_exponent_bias=0,i_force_single_anyhit=1,i_perpendicular_rays=1,i_start_ray_at_zero=0,i_compaction=1,i_large_keys=0,i_closest_hit=0,i_skip_probing=0,i_num_rays_per_thread_log=0,i_force_uniform_keys=0,i_x_bits=23,i_y_bits=9,i_z_bits=0,i_debug=0,uncompacted_size=4383306496,final_size=3959924480,update_temp_buffer_size=285212800,convert_time_ms=9.6200323104858398438,build_time_ms=109.5280609130859375,convert_build_time_ms=119.14809322357177734,convert_build_compact_time_ms=129.227325439453125,compact_time_ms=10.079232215881347656,update_time_ms=29.905920028686523438,convert_and_update_time_ms=39.466591835021972656,sort_time_ms=0,total_probe_time_ms=68.324838256835931816
i_primitive=triangle,i_key_mode=3d,i_build_mode=b_sfl,i_probe_mode=p_sfl,i_update_type=global,i_num_build_keys_log=26,i_key_offset=0,i_key_stride_log=0,i_key_replication_log=0,i_reserve_keys_for_misses=0,i_num_updates_log=8,i_local_update_batch_size_log=1,i_num_probe_keys_log=27,i_miss_percentage=0,i_out_of_range_percentage=0,i_range_query_hit_count_log=0,i_exponent_bias=0,i_force_single_anyhit=1,i_perpendicular_rays=1,i_start_ray_at_zero=0,i_compaction=1,i_large_keys=0,i_closest_hit=0,i_skip_probing=0,i_num_rays_per_thread_log=0,i_force_uniform_keys=0,i_x_bits=23,i_y_bits=9,i_z_bits=0,i_debug=0,uncompacted_size=4383306496,final_size=3960872192,update_temp_buffer_size=285212800,convert_time_ms=9.6231355667114257812,build_time_ms=109.28844451904296875,convert_build_time_ms=118.91158008575439453,convert_build_compact_time_ms=128.96111583709716797,compact_time_ms=10.049535751342773438,update_time_ms=30.011392593383789062,convert_and_update_time_ms=39.576096534729003906,sort_time_ms=0,total_probe_time_ms=140.91997222900391762
i_primitive=triangle,i_key_mode=3d,i_build_mode=b_sfl,i_probe_mode=p_sfl,i_update_type=global,i_num_build_keys_log=26,i_key_offset=0,i_key_stride_log=0,i_key_replication_log=0,i_reserve_keys_for_misses=0,i_num_updates_log=10,i_local_update_batch_size_log=1,i_num_probe_keys_log=27,i_miss_percentage=0,i_out_of_range_percentage=0,i_range_query_hit_count_log=0,i_exponent_bias=0,i_force_single_anyhit=1,i_perpendicular_rays=1,i_start_ray_at_zero=0,i_compaction=1,i_large_keys=0,i_closest_hit=0,i_skip_probing=0,i_num_rays_per_thread_log=0,i_force_uniform_keys=0,i_x_bits=23,i_y_bits=9,i_z_bits=0,i_debug=0,uncompacted_size=4383306496,final_size=3962136320,update_temp_buffer_size=285212800,convert_time_ms=9.6150722503662109375,build_time_ms=109.81664276123046875,convert_build_time_ms=119.43171501159667969,convert_build_compact_time_ms=129.52733135223388672,compact_time_ms=10.095616340637207031,update_time_ms=29.928447723388671875,convert_and_update_time_ms=39.490880012512207031,sort_time_ms=0,total_probe_time_ms=665.40198974609370453
i_primitive=triangle,i_key_mode=3d,i_build_mode=b_sfl,i_probe_mode=p_sfl,i_update_type=global,i_num_build_keys_log=26,i_key_offset=0,i_key_stride_log=0,i_key_replication_log=0,i_reserve_keys_for_misses=0,i_num_updates_log=12,i_local_update_batch_size_log=1,i_num_probe_keys_log=27,i_miss_percentage=0,i_out_of_range_percentage=0,i_range_query_hit_count_log=0,i_exponent_bias=0,i_force_single_anyhit=1,i_perpendicular_rays=1,i_start_ray_at_zero=0,i_compaction=1,i_large_keys=0,i_closest_hit=0,i_skip_probing=0,i_num_rays_per_thread_log=0,i_force_uniform_keys=0,i_x_bits=23,i_y_bits=9,i_z_bits=0,i_debug=0,uncompacted_size=4383306496,final_size=3961267456,update_temp_buffer_size=285212800,convert_time_ms=9.6238079071044921875,build_time_ms=109.6541748046875,convert_build_time_ms=119.27798271179199219,convert_build_compact_time_ms=129.32547092437744141,compact_time_ms=10.047488212585449219,update_time_ms=29.976575851440429688,convert_and_update_time_ms=39.54463958740234375,sort_time_ms=0,total_probe_time_ms=5468.8758789062503638
i_primitive=triangle,i_key_mode=3d,i_build_mode=b_sfl,i_probe_mode=p_sfl,i_update_type=pos_local,i_num_build_keys_log=26,i_key_offset=0,i_key_stride_log=0,i_key_replication_log=0,i_reserve_keys_for_misses=0,i_num_updates_log=0,i_local_update_batch_size_log=1,i_num_probe_keys_log=27,i_miss_percentage=0,i_out_of_range_percentage=0,i_range_query_hit_count_log=0,i_exponent_bias=0,i_force_single_anyhit=1,i_perpendicular_rays=1,i_start_ray_at_zero=0,i_compaction=1,i_large_keys=0,i_closest_hit=0,i_skip_probing=0,i_num_rays_per_thread_log=0,i_force_uniform_keys=0,i_x_bits=23,i_y_bits=9,i_z_bits=0,i_debug=0,uncompacted_size=3805310464,final_size=2379908992,update_temp_buffer_size=0,convert_time_ms=9.6050558090209960938,build_time_ms=110.78246307373046875,convert_build_time_ms=120.38751888275146484,convert_build_compact_time_ms=126.59903907775878906,compact_time_ms=6.2115201950073242188,update_time_ms=0,convert_and_update_time_ms=0,sort_time_ms=0,total_probe_time_ms=68.126277160644534092
i_primitive=triangle,i_key_mode=3d,i_build_mode=b_sfl,i_probe_mode=p_sfl,i_update_type=pos_local,i_num_build_keys_log=26,i_key_offset=0,i_key_stride_log=0,i_key_replication_log=0,i_reserve_keys_for_misses=0,i_num_updates_log=2,i_local_update_batch_size_log=1,i_num_probe_keys_log=27,i_miss_percentage=0,i_out_of_range_percentage=0,i_range_query_hit_count_log=0,i_exponent_bias=0,i_force_single_anyhit=1,i_perpendicular_rays=1,i_start_ray_at_zero=0,i_compaction=1,i_large_keys=0,i_closest_hit=0,i_skip_probing=0,i_num_rays_per_thread_log=0,i_force_uniform_keys=0,i_x_bits=23,i_y_bits=9,i_z_bits=0,i_debug=0,uncompacted_size=4383306496,final_size=3959864192,update_temp_buffer_size=285212800,convert_time_ms=9.6192960739135742188,build_time_ms=109.750274658203125,convert_build_time_ms=119.36957073211669922,convert_build_compact_time_ms=130.08265876770019531,compact_time_ms=10.713088035583496094,update_time_ms=29.97760009765625,convert_and_update_time_ms=38.746335983276367188,sort_time_ms=0,total_probe_time_ms=68.221730041503903408
i_primitive=triangle,i_key_mode=3d,i_build_mode=b_sfl,i_probe_mode=p_sfl,i_update_type=pos_local,i_num_build_keys_log=26,i_key_offset=0,i_key_stride_log=0,i_key_replication_log=0,i_reserve_keys_for_misses=0,i_num_updates_log=4,i_local_update_batch_size_log=1,i_num_probe_keys_log=27,i_miss_percentage=0,i_out_of_range_percentage=0,i_range_query_hit_count_log=0,i_exponent_bias=0,i_force_single_anyhit=1,i_perpendicular_rays=1,i_start_ray_at_zero=0,i_compaction=1,i_large_keys=0,i_closest_hit=0,i_skip_probing=0,i_num_rays_per_thread_log=0,i_force_uniform_keys=0,i_x_bits=23,i_y_bits=9,i_z_bits=0,i_debug=0,uncompacted_size=4383306496,final_size=3961384960,update_temp_buffer_size=285212800,convert_time_ms=9.6152639389038085938,build_time_ms=109.2605743408203125,convert_build_time_ms=118.87583827972412109,convert_build_compact_time_ms=128.92332649230957031,compact_time_ms=10.047488212585449219,update_time_ms=29.916959762573242188,convert_and_update_time_ms=38.680191993713378906,sort_time_ms=0,total_probe_time_ms=68.077731323242190342
i_primitive=triangle,i_key_mode=3d,i_build_mode=b_sfl,i_probe_mode=p_sfl,i_update_type=pos_local,i_num_build_keys_log=26,i_key_offset=0,i_key_stride_log=0,i_key_replication_log=0,i_reserve_keys_for_misses=0,i_num_updates_log=6,i_local_update_batch_size_log=1,i_num_probe_keys_log=27,i_miss_percentage=0,i_out_of_range_percentage=0,i_range_query_hit_count_log=0,i_exponent_bias=0,i_force_single_anyhit=1,i_perpendicular_rays=1,i_start_ray_at_zero=0,i_compaction=1,i_large_keys=0,i_closest_hit=0,i_skip_probing=0,i_num_rays_per_thread_log=0,i_force_uniform_keys=0,i_x_bits=23,i_y_bits=9,i_z_bits=0,i_debug=0,uncompacted_size=4383306496,final_size=3960060032,update_temp_buffer_size=285212800,convert_time_ms=9.6324796676635742188,build_time_ms=110.0062713623046875,convert_build_time_ms=119.63875102996826172,convert_build_compact_time_ms=130.38358306884765625,compact_time_ms=10.744832038879394531,update_time_ms=29.9397125244140625,convert_and_update_time_ms=38.705504417419433594,sort_time_ms=0,total_probe_time_ms=68.423745727539056816
i_primitive=triangle,i_key_mode=3d,i_build_mode=b_sfl,i_probe_mode=p_sfl,i_update_type=pos_local,i_num_build_keys_log=26,i_key_offset=0,i_key_stride_log=0,i_key_replication_log=0,i_reserve_keys_for_misses=0,i_num_updates_log=8,i_local_update_batch_size_log=1,i_num_probe_keys_log=27,i_miss_percentage=0,i_out_of_range_percentage=0,i_range_query_hit_count_log=0,i_exponent_bias=0,i_force_single_anyhit=1,i_perpendicular_rays=1,i_start_ray_at_zero=0,i_compaction=1,i_large_keys=0,i_closest_hit=0,i_skip_probing=0,i_num_rays_per_thread_log=0,i_force_uniform_keys=0,i_x_bits=23,i_y_bits=9,i_z_bits=0,i_debug=0,uncompacted_size=4383306496,final_size=3959880576,update_temp_buffer_size=285212800,convert_time_ms=9.6122884750366210938,build_time_ms=109.5227508544921875,convert_build_time_ms=119.13503932952880859,convert_build_compact_time_ms=129.631103515625,compact_time_ms=10.496064186096191406,update_time_ms=29.998079299926757812,convert_and_update_time_ms=38.817343711853027344,sort_time_ms=0,total_probe_time_ms=129.0803070068359375
i_primitive=triangle,i_key_mode=3d,i_build_mode=b_sfl,i_probe_mode=p_sfl,i_update_type=pos_local,i_num_build_keys_log=26,i_key_offset=0,i_key_stride_log=0,i_key_replication_log=0,i_reserve_keys_for_misses=0,i_num_updates_log=10,i_local_update_batch_size_log=1,i_num_probe_keys_log=27,i_miss_percentage=0,i_out_of_range_percentage=0,i_range_query_hit_count_log=0,i_exponent_bias=0,i_force_single_anyhit=1,i_perpendicular_rays=1,i_start_ray_at_zero=0,i_compaction=1,i_large_keys=0,i_closest_hit=0,i_skip_probing=0,i_num_rays_per_thread_log=0,i_force_uniform_keys=0,i_x_bits=23,i_y_bits=9,i_z_bits=0,i_debug=0,uncompacted_size=4383306496,final_size=3960851072,update_temp_buffer_size=285212800,convert_time_ms=9.6094722747802734375,build_time_ms=109.7441253662109375,convert_build_time_ms=119.35359764099121094,convert_build_compact_time_ms=130.08303737640380859,compact_time_ms=10.729439735412597656,update_time_ms=30.002176284790039062,convert_and_update_time_ms=38.776384353637695312,sort_time_ms=0,total_probe_time_ms=592.149688720703125
i_primitive=triangle,i_key_mode=3d,i_build_mode=b_sfl,i_probe_mode=p_sfl,i_update_type=pos_local,i_num_build_keys_log=26,i_key_offset=0,i_key_stride_log=0,i_key_replication_log=0,i_reserve_keys_for_misses=0,i_num_updates_log=12,i_local_update_batch_size_log=1,i_num_probe_keys_log=27,i_miss_percentage=0,i_out_of_range_percentage=0,i_range_query_hit_count_log=0,i_exponent_bias=0,i_force_single_anyhit=1,i_perpendicular_rays=1,i_start_ray_at_zero=0,i_compaction=1,i_large_keys=0,i_closest_hit=0,i_skip_probing=0,i_num_rays_per_thread_log=0,i_force_uniform_keys=0,i_x_bits=23,i_y_bits=9,i_z_bits=0,i_debug=0,uncompacted_size=4383306496,final_size=3960886784,update_temp_buffer_size=285212800,convert_time_ms=9.611328125,build_time_ms=109.97248077392578125,convert_build_time_ms=119.58380889892578125,convert_build_compact_time_ms=129.69990444183349609,compact_time_ms=10.116095542907714844,update_time_ms=29.905855178833007812,convert_and_update_time_ms=38.674527168273925781,sort_time_ms=0,total_probe_time_ms=5361.3416992187503638
i_primitive=triangle,i_key_mode=3d,i_build_mode=b_sfl,i_probe_mode=p_sfl,i_update_type=rank_local,i_num_build_keys_log=26,i_key_offset=0,i_key_stride_log=0,i_key_replication_log=0,i_reserve_keys_for_misses=0,i_num_updates_log=0,i_local_update_batch_size_log=1,i_num_probe_keys_log=27,i_miss_percentage=0,i_out_of_range_percentage=0,i_range_query_hit_count_log=0,i_exponent_bias=0,i_force_single_anyhit=1,i_perpendicular_rays=1,i_start_ray_at_zero=0,i_compaction=1,i_large_keys=0,i_closest_hit=0,i_skip_probing=0,i_num_rays_per_thread_log=0,i_force_uniform_keys=0,i_x_bits=23,i_y_bits=9,i_z_bits=0,i_debug=0,uncompacted_size=3805310464,final_size=2380931328,update_temp_buffer_size=0,convert_time_ms=9.618335723876953125,build_time_ms=110.7526702880859375,convert_build_time_ms=120.37100601196289062,convert_build_compact_time_ms=126.58463811874389648,compact_time_ms=6.2136321067810058594,update_time_ms=0,convert_and_update_time_ms=0,sort_time_ms=0,total_probe_time_ms=68.156053924560552559
i_primitive=triangle,i_key_mode=3d,i_build_mode=b_sfl,i_probe_mode=p_sfl,i_update_type=rank_local,i_num_build_keys_log=26,i_key_offset=0,i_key_stride_log=0,i_key_replication_log=0,i_reserve_keys_for_misses=0,i_num_updates_log=2,i_local_update_batch_size_log=1,i_num_probe_keys_log=27,i_miss_percentage=0,i_out_of_range_percentage=0,i_range_query_hit_count_log=0,i_exponent_bias=0,i_force_single_anyhit=1,i_perpendicular_rays=1,i_start_ray_at_zero=0,i_compaction=1,i_large_keys=0,i_closest_hit=0,i_skip_probing=0,i_num_rays_per_thread_log=0,i_force_uniform_keys=0,i_x_bits=23,i_y_bits=9,i_z_bits=0,i_debug=0,uncompacted_size=4383306496,final_size=3960149760,update_temp_buffer_size=285212800,convert_time_ms=9.615200042724609375,build_time_ms=109.31203460693359375,convert_build_time_ms=118.92723464965820312,convert_build_compact_time_ms=128.99094676971435547,compact_time_ms=10.063712120056152344,update_time_ms=29.853696823120117188,convert_and_update_time_ms=39.422048568725585938,sort_time_ms=0,total_probe_time_ms=68.0654754638671875
i_primitive=triangle,i_key_mode=3d,i_build_mode=b_sfl,i_probe_mode=p_sfl,i_update_type=rank_local,i_num_build_keys_log=26,i_key_offset=0,i_key_stride_log=0,i_key_replication_log=0,i_reserve_keys_for_misses=0,i_num_updates_log=4,i_local_update_batch_size_log=1,i_num_probe_keys_log=27,i_miss_percentage=0,i_out_of_range_percentage=0,i_range_query_hit_count_log=0,i_exponent_bias=0,i_force_single_anyhit=1,i_perpendicular_rays=1,i_start_ray_at_zero=0,i_compaction=1,i_large_keys=0,i_closest_hit=0,i_skip_probing=0,i_num_rays_per_thread_log=0,i_force_uniform_keys=0,i_x_bits=23,i_y_bits=9,i_z_bits=0,i_debug=0,uncompacted_size=4383306496,final_size=3961399040,update_temp_buffer_size=285212800,convert_time_ms=9.6104955673217773438,build_time_ms=108.98944091796875,convert_build_time_ms=118.59993648529052734,convert_build_compact_time_ms=128.69350433349609375,compact_time_ms=10.093567848205566406,update_time_ms=29.894655227661132812,convert_and_update_time_ms=39.467103004455566406,sort_time_ms=0,total_probe_time_ms=68.052569580078127842
i_primitive=triangle,i_key_mode=3d,i_build_mode=b_sfl,i_probe_mode=p_sfl,i_update_type=rank_local,i_num_build_keys_log=26,i_key_offset=0,i_key_stride_log=0,i_key_replication_log=0,i_reserve_keys_for_misses=0,i_num_updates_log=6,i_local_update_batch_size_log=1,i_num_probe_keys_log=27,i_miss_percentage=0,i_out_of_range_percentage=0,i_range_query_hit_count_log=0,i_exponent_bias=0,i_force_single_anyhit=1,i_perpendicular_rays=1,i_start_ray_at_zero=0,i_compaction=1,i_large_keys=0,i_closest_hit=0,i_skip_probing=0,i_num_rays_per_thread_log=0,i_force_uniform_keys=0,i_x_bits=23,i_y_bits=9,i_z_bits=0,i_debug=0,uncompacted_size=4383306496,final_size=3961597440,update_temp_buffer_size=285212800,convert_time_ms=9.6161279678344726562,build_time_ms=109.20243072509765625,convert_build_time_ms=118.81855869293212891,convert_build_compact_time_ms=128.86086273193359375,compact_time_ms=10.042304039001464844,update_time_ms=29.930400848388671875,convert_and_update_time_ms=39.497984886169433594,sort_time_ms=0,total_probe_time_ms=68.000557708740231533
i_primitive=triangle,i_key_mode=3d,i_build_mode=b_sfl,i_probe_mode=p_sfl,i_update_type=rank_local,i_num_build_keys_log=26,i_key_offset=0,i_key_stride_log=0,i_key_replication_log=0,i_reserve_keys_for_misses=0,i_num_updates_log=8,i_local_update_batch_size_log=1,i_num_probe_keys_log=27,i_miss_percentage=0,i_out_of_range_percentage=0,i_range_query_hit_count_log=0,i_exponent_bias=0,i_force_single_anyhit=1,i_perpendicular_rays=1,i_start_ray_at_zero=0,i_compaction=1,i_large_keys=0,i_closest_hit=0,i_skip_probing=0,i_num_rays_per_thread_log=0,i_force_uniform_keys=0,i_x_bits=23,i_y_bits=9,i_z_bits=0,i_debug=0,uncompacted_size=4383306496,final_size=3962600320,update_temp_buffer_size=285212800,convert_time_ms=9.6174716949462890625,build_time_ms=109.837310791015625,convert_build_time_ms=119.45478248596191406,convert_build_compact_time_ms=130.203582763671875,compact_time_ms=10.748800277709960938,update_time_ms=29.9212799072265625,convert_and_update_time_ms=39.488096237182617188,sort_time_ms=0,total_probe_time_ms=68.206185150146481533
i_primitive=triangle,i_key_mode=3d,i_build_mode=b_sfl,i_probe_mode=p_sfl,i_update_type=rank_local,i_num_build_keys_log=26,i_key_offset=0,i_key_stride_log=0,i_key_replication_log=0,i_reserve_keys_for_misses=0,i_num_updates_log=10,i_local_update_batch_size_log=1,i_num_probe_keys_log=27,i_miss_percentage=0,i_out_of_range_percentage=0,i_range_query_hit_count_log=0,i_exponent_bias=0,i_force_single_anyhit=1,i_perpendicular_rays=1,i_start_ray_at_zero=0,i_compaction=1,i_large_keys=0,i_closest_hit=0,i_skip_probing=0,i_num_rays_per_thread_log=0,i_force_uniform_keys=0,i_x_bits=23,i_y_bits=9,i_z_bits=0,i_debug=0,uncompacted_size=4383306496,final_size=3961044352,update_temp_buffer_size=285212800,convert_time_ms=9.6079044342041015625,build_time_ms=109.98601531982421875,convert_build_time_ms=119.59391975402832031,convert_build_compact_time_ms=130.11145591735839844,compact_time_ms=10.517536163330078125,update_time_ms=29.929471969604492188,convert_and_update_time_ms=39.492063522338867188,sort_time_ms=0,total_probe_time_ms=68.208627319335931816
i_primitive=triangle,i_key_mode=3d,i_build_mode=b_sfl,i_probe_mode=p_sfl,i_update_type=rank_local,i_num_build_keys_log=26,i_key_offset=0,i_key_stride_log=0,i_key_replication_log=0,i_reserve_keys_for_misses=0,i_num_updates_log=12,i_local_update_batch_size_log=1,i_num_probe_keys_log=27,i_miss_percentage=0,i_out_of_range_percentage=0,i_range_query_hit_count_log=0,i_exponent_bias=0,i_force_single_anyhit=1,i_perpendicular_rays=1,i_start_ray_at_zero=0,i_compaction=1,i_large_keys=0,i_closest_hit=0,i_skip_probing=0,i_num_rays_per_thread_log=0,i_force_uniform_keys=0,i_x_bits=23,i_y_bits=9,i_z_bits=0,i_debug=0,uncompacted_size=4383306496,final_size=3960787072,update_temp_buffer_size=285212800,convert_time_ms=9.605152130126953125,build_time_ms=109.69907379150390625,convert_build_time_ms=119.30422592163085938,convert_build_compact_time_ms=130.03472232818603516,compact_time_ms=10.730496406555175781,update_time_ms=29.975551605224609375,convert_and_update_time_ms=39.539167404174804688,sort_time_ms=0,total_probe_time_ms=68.170835113525384941
