i_primitive=triangle,i_key_mode=3d,i_build_mode=b_sfl,i_probe_mode=p_sfl,i_update_type=global,i_num_build_keys_log=25,i_key_offset=0,i_key_stride_log=0,i_key_replication_log=0,i_reserve_keys_for_misses=0,i_num_updates_log=0,i_local_update_batch_size_log=1,i_num_probe_keys_log=27,i_miss_percentage=0,i_out_of_range_percentage=0,i_range_query_hit_count_log=0,i_exponent_bias=0,i_force_single_anyhit=1,i_perpendicular_rays=1,i_start_ray_at_zero=0,i_compaction=1,i_large_keys=0,i_closest_hit=0,i_skip_probing=1,i_num_rays_per_thread_log=0,i_force_uniform_keys=0,i_x_bits=23,i_y_bits=9,i_z_bits=0,i_debug=0,uncompacted_size=1902656640,final_size=1228417664,update_temp_buffer_size=0,convert_time_ms=4.8427519798278808594,build_time_ms=55.12499237060546875,convert_build_time_ms=59.967744350433349609,convert_build_compact_time_ms=63.150336265563964844,compact_time_ms=3.1825919151306152344,update_time_ms=0,convert_and_update_time_ms=0,sort_time_ms=0,total_probe_time_ms=0
i_primitive=triangle,i_key_mode=3d,i_build_mode=b_sfl,i_probe_mode=p_sfl,i_update_type=global,i_num_build_keys_log=25,i_key_offset=0,i_key_stride_log=0,i_key_replication_log=0,i_reserve_keys_for_misses=0,i_num_updates_log=4,i_local_update_batch_size_log=1,i_num_probe_keys_log=27,i_miss_percentage=0,i_out_of_range_percentage=0,i_range_query_hit_count_log=0,i_exponent_bias=0,i_force_single_anyhit=1,i_perpendicular_rays=1,i_start_ray_at_zero=0,i_compaction=1,i_large_keys=0,i_closest_hit=0,i_skip_probing=1,i_num_rays_per_thread_log=0,i_force_uniform_keys=0,i_x_bits=23,i_y_bits=9,i_z_bits=0,i_debug=0,uncompacted_size=2191654784,final_size=1988326016,update_temp_buffer_size=142606464,convert_time_ms=4.835391998291015625,build_time_ms=54.726657867431640625,convert_build_time_ms=59.56204986572265625,convert_build_compact_time_ms=64.600130081176757812,compact_time_ms=5.0380802154541015625,update_time_ms=15.066176414489746094,convert_and_update_time_ms=19.863232612609863281,sort_time_ms=0,total_probe_time_ms=0
i_primitive=triangle,i_key_mode=3d,i_build_mode=b_sfl,i_probe_mode=p_sfl,i_update_type=global,i_num_build_keys_log=25,i_key_offset=0,i_key_stride_log=0,i_key_replication_log=0,i_reserve_keys_for_misses=0,i_num_updates_log=8,i_local_update_batch_size_log=1,i_num_probe_keys_log=27,i_miss_percentage=0,i_out_of_range_percentage=0,i_range_query_hit_count_log=0,i_exponent_bias=0,i_force_single_anyhit=1,i_perpendicular_rays=1,i_start_ray_at_zero=0,i_compaction=1,i_large_keys=0,i_closest_hit=0,i_skip_probing=1,i_num_rays_per_thread_log=0,i_force_uniform_keys=0,i_x_bits=23,i_y_bits=9,i_z_bits=0,i_debug=0,uncompacted_size=2191654784,final_size=1988326016,update_temp_buffer_size=142606464,convert_time_ms=4.8468480110168457031,build_time_ms=54.653919219970703125,convert_build_time_ms=59.500767230987548828,convert_build_compact_time_ms=64.525535106658935547,compact_time_ms=5.0247678756713867188,update_time_ms=15.091711997985839844,convert_and_update_time_ms=19.884448051452636719,sort_time_ms=0,total_probe_time_ms=0
i_primitive=triangle,i_key_mode=3d,i_build_mode=b_sfl,i_probe_mode=p_sfl,i_update_type=global,i_num_build_keys_log=25,i_key_offset=0,i_key_stride_log=0,i_key_replication_log=0,i_reserve_keys_for_misses=0,i_num_updates_log=12,i_local_update_batch_size_log=1,i_num_probe_keys_log=27,i_miss_percentage=0,i_out_of_range_percentage=0,i_range_query_hit_count_log=0,i_exponent_bias=0,i_force_single_anyhit=1,i_perpendicular_rays=1,i_start_ray_at_zero=0,i_compaction=1,i_large_keys=0,i_closest_hit=0,i_skip_probing=1,i_num_rays_per_thread_log=0,i_force_uniform_keys=0,i_x_bits=23,i_y_bits=9,i_z_bits=0,i_debug=0,uncompacted_size=2191654784,final_size=1988326016,update_temp_buffer_size=142606464,convert_time_ms=4.8471999168395996094,build_time_ms=54.389759063720703125,convert_build_time_ms=59.236958980560302734,convert_build_compact_time_ms=64.281182765960693359,compact_time_ms=5.044223785400390625,update_time_ms=15.095808029174804688,convert_and_update_time_ms=19.486271858215332031,sort_time_ms=0,total_probe_time_ms=0
i_primitive=triangle,i_key_mode=3d,i_build_mode=b_sfl,i_probe_mode=p_sfl,i_update_type=global,i_num_build_keys_log=25,i_key_offset=0,i_key_stride_log=0,i_key_replication_log=0,i_reserve_keys_for_misses=0,i_num_updates_log=16,i_local_update_batch_size_log=1,i_num_probe_keys_log=27,i_miss_percentage=0,i_out_of_range_percentage=0,i_range_query_hit_count_log=0,i_exponent_bias=0,i_force_single_anyhit=1,i_perpendicular_rays=1,i_start_ray_at_zero=0,i_compaction=1,i_large_keys=0,i_closest_hit=0,i_skip_probing=1,i_num_rays_per_thread_log=0,i_force_uniform_keys=0,i_x_bits=23,i_y_bits=9,i_z_bits=0,i_debug=0,uncompacted_size=2191654784,final_size=1988326016,update_temp_buffer_size=142606464,convert_time_ms=4.8484477996826171875,build_time_ms=54.678497314453125,convert_build_time_ms=59.526945114135742188,convert_build_compact_time_ms=64.566049098968505859,compact_time_ms=5.0391039848327636719,update_time_ms=15.068063735961914062,convert_and_update_time_ms=19.467135906219482422,sort_time_ms=0,total_probe_time_ms=0
i_primitive=triangle,i_key_mode=3d,i_build_mode=b_sfl,i_probe_mode=p_sfl,i_update_type=global,i_num_build_keys_log=25,i_key_offset=0,i_key_stride_log=0,i_key_replication_log=0,i_reserve_keys_for_misses=0,i_num_updates_log=20,i_local_update_batch_size_log=1,i_num_probe_keys_log=27,i_miss_percentage=0,i_out_of_range_percentage=0,i_range_query_hit_count_log=0,i_exponent_bias=0,i_force_single_anyhit=1,i_perpendicular_rays=1,i_start_ray_at_zero=0,i_compaction=1,i_large_keys=0,i_closest_hit=0,i_skip_probing=1,i_num_rays_per_thread_log=0,i_force_uniform_keys=0,i_x_bits=23,i_y_bits=9,i_z_bits=0,i_debug=0,uncompacted_size=2191654784,final_size=1988326016,update_temp_buffer_size=142606464,convert_time_ms=4.8395519256591796875,build_time_ms=54.521854400634765625,convert_build_time_ms=59.361406326293945312,convert_build_compact_time_ms=64.401630401611328125,compact_time_ms=5.0402240753173828125,update_time_ms=15.113216400146484375,convert_and_update_time_ms=19.903968334197998047,sort_time_ms=0,total_probe_time_ms=0
i_primitive=triangle,i_key_mode=3d,i_build_mode=b_sfl,i_probe_mode=p_sfl,i_update_type=global,i_num_build_keys_log=25,i_key_offset=0,i_key_stride_log=0,i_key_replication_log=0,i_reserve_keys_for_misses=0,i_num_updates_log=24,i_local_update_batch_size_log=1,i_num_probe_keys_log=27,i_miss_percentage=0,i_out_of_range_percentage=0,i_range_query_hit_count_log=0,i_exponent_bias=0,i_force_single_anyhit=1,i_perpendicular_rays=1,i_start_ray_at_zero=0,i_compaction=1,i_large_keys=0,i_closest_hit=0,i_skip_probing=1,i_num_rays_per_thread_log=0,i_force_uniform_keys=0,i_x_bits=23,i_y_bits=9,i_z_bits=0,i_debug=0,uncompacted_size=2191654784,final_size=1988326016,update_temp_buffer_size=142606464,convert_time_ms=4.8362879753112792969,build_time_ms=54.700832366943359375,convert_build_time_ms=59.537120342254638672,convert_build_compact_time_ms=64.571104526519775391,compact_time_ms=5.0339841842651367188,update_time_ms=15.287296295166015625,convert_and_update_time_ms=20.0846405029296875,sort_time_ms=0,total_probe_time_ms=0
i_primitive=triangle,i_key_mode=3d,i_build_mode=b_asc,i_probe_mode=p_sfl,i_update_type=global,i_num_build_keys_log=25,i_key_offset=0,i_key_stride_log=0,i_key_replication_log=0,i_reserve_keys_for_misses=0,i_num_updates_log=0,i_local_update_batch_size_log=1,i_num_probe_keys_log=27,i_miss_percentage=0,i_out_of_range_percentage=0,i_range_query_hit_count_log=0,i_exponent_bias=0,i_force_single_anyhit=1,i_perpendicular_rays=1,i_start_ray_at_zero=0,i_compaction=1,i_large_keys=0,i_closest_hit=0,i_skip_probing=1,i_num_rays_per_thread_log=0,i_force_uniform_keys=0,i_x_bits=23,i_y_bits=9,i_z_bits=0,i_debug=0,uncompacted_size=1902656640,final_size=1230358272,update_temp_buffer_size=0,convert_time_ms=4.8379840850830078125,build_time_ms=44.734462738037109375,convert_build_time_ms=49.572446823120117188,convert_build_compact_time_ms=52.756062746047973633,compact_time_ms=3.1836159229278564453,update_time_ms=0,convert_and_update_time_ms=0,sort_time_ms=0,total_probe_time_ms=0
i_primitive=triangle,i_key_mode=3d,i_build_mode=b_asc,i_probe_mode=p_sfl,i_update_type=global,i_num_build_keys_log=25,i_key_offset=0,i_key_stride_log=0,i_key_replication_log=0,i_reserve_keys_for_misses=0,i_num_updates_log=4,i_local_update_batch_size_log=1,i_num_probe_keys_log=27,i_miss_percentage=0,i_out_of_range_percentage=0,i_range_query_hit_count_log=0,i_exponent_bias=0,i_force_single_anyhit=1,i_perpendicular_rays=1,i_start_ray_at_zero=0,i_compaction=1,i_large_keys=0,i_closest_hit=0,i_skip_probing=1,i_num_rays_per_thread_log=0,i_force_uniform_keys=0,i_x_bits=23,i_y_bits=9,i_z_bits=0,i_debug=0,uncompacted_size=2191654784,final_size=1988326016,update_temp_buffer_size=142606464,convert_time_ms=4.8476161956787109375,build_time_ms=44.8626251220703125,convert_build_time_ms=49.710241317749023438,convert_build_compact_time_ms=54.756513118743896484,compact_time_ms=5.0462718009948730469,update_time_ms=8.3075838088989257812,convert_and_update_time_ms=12.703199863433837891,sort_time_ms=0,total_probe_time_ms=0
i_primitive=triangle,i_key_mode=3d,i_build_mode=b_asc,i_probe_mode=p_sfl,i_update_type=global,i_num_build_keys_log=25,i_key_offset=0,i_key_stride_log=0,i_key_replication_log=0,i_reserve_keys_for_misses=0,i_num_updates_log=8,i_local_update_batch_size_log=1,i_num_probe_keys_log=27,i_miss_percentage=0,i_out_of_range_percentage=0,i_range_query_hit_count_log=0,i_exponent_bias=0,i_force_single_anyhit=1,i_perpendicular_rays=1,i_start_ray_at_zero=0,i_compaction=1,i_large_keys=0,i_closest_hit=0,i_skip_probing=1,i_num_rays_per_thread_log=0,i_force_uniform_keys=0,i_x_bits=23,i_y_bits=9,i_z_bits=0,i_debug=0,uncompacted_size=2191654784,final_size=1988326016,update_temp_buffer_size=142606464,convert_time_ms=4.8478078842163085938,build_time_ms=44.69843292236328125,convert_build_time_ms=49.546240806579589844,convert_build_compact_time_ms=54.584321022033691406,compact_time_ms=5.0380802154541015625,update_time_ms=8.336383819580078125,convert_and_update_time_ms=12.784575939178466797,sort_time_ms=0,total_probe_time_ms=0
i_primitive=triangle,i_key_mode=3d,i_build_mode=b_asc,i_probe_mode=p_sfl,i_update_type=global,i_num_build_keys_log=25,i_key_offset=0,i_key_stride_log=0,i_key_replication_log=0,i_reserve_keys_for_misses=0,i_num_updates_log=12,i_local_update_batch_size_log=1,i_num_probe_keys_log=27,i_miss_percentage=0,i_out_of_range_percentage=0,i_range_query_hit_count_log=0,i_exponent_bias=0,i_force_single_anyhit=1,i_perpendicular_rays=1,i_start_ray_at_zero=0,i_compaction=1,i_large_keys=0,i_closest_hit=0,i_skip_probing=1,i_num_rays_per_thread_log=0,i_force_uniform_keys=0,i_x_bits=23,i_y_bits=9,i_z_bits=0,i_debug=0,uncompacted_size=2191654784,final_size=1988326016,update_temp_buffer_size=142606464,convert_time_ms=4.8319039344787597656,build_time_ms=44.79180908203125,convert_build_time_ms=49.623713016510009766,convert_build_compact_time_ms=54.666913032531738281,compact_time_ms=5.0432000160217285156,update_time_ms=8.6535997390747070312,convert_and_update_time_ms=13.443135738372802734,sort_time_ms=0,total_probe_time_ms=0
i_primitive=triangle,i_key_mode=3d,i_build_mode=b_asc,i_probe_mode=p_sfl,i_update_type=global,i_num_build_keys_log=25,i_key_offset=0,i_key_stride_log=0,i_key_replication_log=0,i_reserve_keys_for_misses=0,i_num_updates_log=16,i_local_update_batch_size_log=1,i_num_probe_keys_log=27,i_miss_percentage=0,i_out_of_range_percentage=0,i_range_query_hit_count_log=0,i_exponent_bias=0,i_force_single_anyhit=1,i_perpendicular_rays=1,i_start_ray_at_zero=0,i_compaction=1,i_large_keys=0,i_closest_hit=0,i_skip_probing=1,i_num_rays_per_thread_log=0,i_force_uniform_keys=0,i_x_bits=23,i_y_bits=9,i_z_bits=0,i_debug=0,uncompacted_size=2191654784,final_size=1988326016,update_temp_buffer_size=142606464,convert_time_ms=4.8490881919860839844,build_time_ms=44.833568572998046875,convert_build_time_ms=49.682656764984130859,convert_build_compact_time_ms=54.712704658508300781,compact_time_ms=5.0300478935241699219,update_time_ms=8.6999044418334960938,convert_and_update_time_ms=13.494688510894775391,sort_time_ms=0,total_probe_time_ms=0
i_primitive=triangle,i_key_mode=3d,i_build_mode=b_asc,i_probe_mode=p_sfl,i_update_type=global,i_num_build_keys_log=25,i_key_offset=0,i_key_stride_log=0,i_key_replication_log=0,i_reserve_keys_for_misses=0,i_num_updates_log=20,i_local_update_batch_size_log=1,i_num_probe_keys_log=27,i_miss_percentage=0,i_out_of_range_percentage=0,i_range_query_hit_count_log=0,i_exponent_bias=0,i_force_single_anyhit=1,i_perpendicular_rays=1,i_start_ray_at_zero=0,i_compaction=1,i_large_keys=0,i_closest_hit=0,i_skip_probing=1,i_num_rays_per_thread_log=0,i_force_uniform_keys=0,i_x_bits=23,i_y_bits=9,i_z_bits=0,i_debug=0,uncompacted_size=2191654784,final_size=1988326016,update_temp_buffer_size=142606464,convert_time_ms=4.8387517929077148438,build_time_ms=44.687103271484375,convert_build_time_ms=49.525855064392089844,convert_build_compact_time_ms=54.562911033630371094,compact_time_ms=5.03705596923828125,update_time_ms=8.5186557769775390625,convert_and_update_time_ms=12.914495944976806641,sort_time_ms=0,total_probe_time_ms=0
i_primitive=triangle,i_key_mode=3d,i_build_mode=b_asc,i_probe_mode=p_sfl,i_update_type=global,i_num_build_keys_log=25,i_key_offset=0,i_key_stride_log=0,i_key_replication_log=0,i_reserve_keys_for_misses=0,i_num_updates_log=24,i_local_update_batch_size_log=1,i_num_probe_keys_log=27,i_miss_percentage=0,i_out_of_range_percentage=0,i_range_query_hit_count_log=0,i_exponent_bias=0,i_force_single_anyhit=1,i_perpendicular_rays=1,i_start_ray_at_zero=0,i_compaction=1,i_large_keys=0,i_closest_hit=0,i_skip_probing=1,i_num_rays_per_thread_log=0,i_force_uniform_keys=0,i_x_bits=23,i_y_bits=9,i_z_bits=0,i_debug=0,uncompacted_size=2191654784,final_size=1988326016,update_temp_buffer_size=142606464,convert_time_ms=4.8483519554138183594,build_time_ms=44.7539215087890625,convert_build_time_ms=49.602273464202880859,convert_build_compact_time_ms=54.642401695251464844,compact_time_ms=5.0401282310485839844,update_time_ms=10.353664398193359375,convert_and_update_time_ms=15.147424221038818359,sort_time_ms=0,total_probe_time_ms=0
i_primitive=triangle,i_key_mode=3d,i_build_mode=b_sfl,i_probe_mode=p_sfl,i_update_type=pos_local,i_num_build_keys_log=25,i_key_offset=0,i_key_stride_log=0,i_key_replication_log=0,i_reserve_keys_for_misses=0,i_num_updates_log=0,i_local_update_batch_size_log=1,i_num_probe_keys_log=27,i_miss_percentage=0,i_out_of_range_percentage=0,i_range_query_hit_count_log=0,i_exponent_bias=0,i_force_single_anyhit=1,i_perpendicular_rays=1,i_start_ray_at_zero=0,i_compaction=1,i_large_keys=0,i_closest_hit=0,i_skip_probing=1,i_num_rays_per_thread_log=0,i_force_uniform_keys=0,i_x_bits=23,i_y_bits=9,i_z_bits=0,i_debug=0,uncompacted_size=1902656640,final_size=1227204480,update_temp_buffer_size=0,convert_time_ms=4.8498558998107910156,build_time_ms=55.08809661865234375,convert_build_time_ms=59.937952518463134766,convert_build_compact_time_ms=63.099040508270263672,compact_time_ms=3.1610879898071289062,update_time_ms=0,convert_and_update_time_ms=0,sort_time_ms=0,total_probe_time_ms=0
i_primitive=triangle,i_key_mode=3d,i_build_mode=b_sfl,i_probe_mode=p_sfl,i_update_type=pos_local,i_num_build_keys_log=25,i_key_offset=0,i_key_stride_log=0,i_key_replication_log=0,i_reserve_keys_for_misses=0,i_num_updates_log=4,i_local_update_batch_size_log=1,i_num_probe_keys_log=27,i_miss_percentage=0,i_out_of_range_percentage=0,i_range_query_hit_count_log=0,i_exponent_bias=0,i_force_single_anyhit=1,i_perpendicular_rays=1,i_start_ray_at_zero=0,i_compaction=1,i_large_keys=0,i_closest_hit=0,i_skip_probing=1,i_num_rays_per_thread_log=0,i_force_uniform_keys=0,i_x_bits=23,i_y_bits=9,i_z_bits=0,i_debug=0,uncompacted_size=2191654784,final_size=1988326016,update_temp_buffer_size=142606464,convert_time_ms=4.8472638130187988281,build_time_ms=54.4120330810546875,convert_build_time_ms=59.259296894073486328,convert_build_compact_time_ms=64.314785003662109375,compact_time_ms=5.0554881095886230469,update_time_ms=15.052800178527832031,convert_and_update_time_ms=19.479264259338378906,sort_time_ms=0,total_probe_time_ms=0
i_primitive=triangle,i_key_mode=3d,i_build_mode=b_sfl,i_probe_mode=p_sfl,i_update_type=pos_local,i_num_build_keys_log=25,i_key_offset=0,i_key_stride_log=0,i_key_replication_log=0,i_reserve_keys_for_misses=0,i_num_updates_log=8,i_local_update_batch_size_log=1,i_num_probe_keys_log=27,i_miss_percentage=0,i_out_of_range_percentage=0,i_range_query_hit_count_log=0,i_exponent_bias=0,i_force_single_anyhit=1,i_perpendicular_rays=1,i_start_ray_at_zero=0,i_compaction=1,i_large_keys=0,i_closest_hit=0,i_skip_probing=1,i_num_rays_per_thread_log=0,i_force_uniform_keys=0,i_x_bits=23,i_y_bits=9,i_z_bits=0,i_debug=0,uncompacted_size=2191654784,final_size=1988326016,update_temp_buffer_size=142606464,convert_time_ms=4.8443198204040527344,build_time_ms=54.658046722412109375,convert_build_time_ms=59.502366542816162109,convert_build_compact_time_ms=64.535230636596679688,compact_time_ms=5.0328640937805175781,update_time_ms=15.082495689392089844,convert_and_update_time_ms=19.476575851440429688,sort_time_ms=0,total_probe_time_ms=0
i_primitive=triangle,i_key_mode=3d,i_build_mode=b_sfl,i_probe_mode=p_sfl,i_update_type=pos_local,i_num_build_keys_log=25,i_key_offset=0,i_key_stride_log=0,i_key_replication_log=0,i_reserve_keys_for_misses=0,i_num_updates_log=12,i_local_update_batch_size_log=1,i_num_probe_keys_log=27,i_miss_percentage=0,i_out_of_range_percentage=0,i_range_query_hit_count_log=0,i_exponent_bias=0,i_force_single_anyhit=1,i_perpendicular_rays=1,i_start_ray_at_zero=0,i_compaction=1,i_large_keys=0,i_closest_hit=0,i_skip_probing=1,i_num_rays_per_thread_log=0,i_force_uniform_keys=0,i_x_bits=23,i_y_bits=9,i_z_bits=0,i_debug=0,uncompacted_size=2191654784,final_size=1988326016,update_temp_buffer_size=142606464,convert_time_ms=4.8426241874694824219,build_time_ms=54.6538543701171875,convert_build_time_ms=59.496478557586669922,convert_build_compact_time_ms=64.525342464447021484,compact_time_ms=5.0288639068603515625,update_time_ms=15.043456077575683594,convert_and_update_time_ms=19.434560298919677734,sort_time_ms=0,total_probe_time_ms=0
i_primitive=triangle,i_key_mode=3d,i_build_mode=b_sfl,i_probe_mode=p_sfl,i_update_type=pos_local,i_num_build_keys_log=25,i_key_offset=0,i_key_stride_log=0,i_key_replication_log=0,i_reserve_keys_for_misses=0,i_num_updates_log=16,i_local_update_batch_size_log=1,i_num_probe_keys_log=27,i_miss_percentage=0,i_out_of_range_percentage=0,i_range_query_hit_count_log=0,i_exponent_bias=0,i_force_single_anyhit=1,i_perpendicular_rays=1,i_start_ray_at_zero=0,i_compaction=1,i_large_keys=0,i_closest_hit=0,i_skip_probing=1,i_num_rays_per_thread_log=0,i_force_uniform_keys=0,i_x_bits=23,i_y_bits=9,i_z_bits=0,i_debug=0,uncompacted_size=2191654784,final_size=1988326016,update_temp_buffer_size=142606464,convert_time_ms=4.83382415771484375,build_time_ms=54.608638763427734375,convert_build_time_ms=59.442462921142578125,convert_build_compact_time_ms=64.477470874786376953,compact_time_ms=5.0350079536437988281,update_time_ms=15.055871963500976562,convert_and_update_time_ms=19.851071834564208984,sort_time_ms=0,total_probe_time_ms=0
i_primitive=triangle,i_key_mode=3d,i_build_mode=b_sfl,i_probe_mode=p_sfl,i_update_type=pos_local,i_num_build_keys_log=25,i_key_offset=0,i_key_stride_log=0,i_key_replication_log=0,i_reserve_keys_for_misses=0,i_num_updates_log=20,i_local_update_batch_size_log=1,i_num_probe_keys_log=27,i_miss_percentage=0,i_out_of_range_percentage=0,i_range_query_hit_count_log=0,i_exponent_bias=0,i_force_single_anyhit=1,i_perpendicular_rays=1,i_start_ray_at_zero=0,i_compaction=1,i_large_keys=0,i_closest_hit=0,i_skip_probing=1,i_num_rays_per_thread_log=0,i_force_uniform_keys=0,i_x_bits=23,i_y_bits=9,i_z_bits=0,i_debug=0,uncompacted_size=2191654784,final_size=1988326016,update_temp_buffer_size=142606464,convert_time_ms=4.8488001823425292969,build_time_ms=54.586368560791015625,convert_build_time_ms=59.435168743133544922,convert_build_compact_time_ms=64.479392528533935547,compact_time_ms=5.044223785400390625,update_time_ms=15.094783782958984375,convert_and_update_time_ms=19.518911838531494141,sort_time_ms=0,total_probe_time_ms=0
i_primitive=triangle,i_key_mode=3d,i_build_mode=b_sfl,i_probe_mode=p_sfl,i_update_type=pos_local,i_num_build_keys_log=25,i_key_offset=0,i_key_stride_log=0,i_key_replication_log=0,i_reserve_keys_for_misses=0,i_num_updates_log=24,i_local_update_batch_size_log=1,i_num_probe_keys_log=27,i_miss_percentage=0,i_out_of_range_percentage=0,i_range_query_hit_count_log=0,i_exponent_bias=0,i_force_single_anyhit=1,i_perpendicular_rays=1,i_start_ray_at_zero=0,i_compaction=1,i_large_keys=0,i_closest_hit=0,i_skip_probing=1,i_num_rays_per_thread_log=0,i_force_uniform_keys=0,i_x_bits=23,i_y_bits=9,i_z_bits=0,i_debug=0,uncompacted_size=2191654784,final_size=1988326016,update_temp_buffer_size=142606464,convert_time_ms=4.8384962081909179688,build_time_ms=54.57920074462890625,convert_build_time_ms=59.417696952819824219,convert_build_compact_time_ms=64.458848953247070312,compact_time_ms=5.0411520004272460938,update_time_ms=15.204095840454101562,convert_and_update_time_ms=19.628704071044921875,sort_time_ms=0,total_probe_time_ms=0
i_primitive=triangle,i_key_mode=3d,i_build_mode=b_asc,i_probe_mode=p_sfl,i_update_type=pos_local,i_num_build_keys_log=25,i_key_offset=0,i_key_stride_log=0,i_key_replication_log=0,i_reserve_keys_for_misses=0,i_num_updates_log=0,i_local_update_batch_size_log=1,i_num_probe_keys_log=27,i_miss_percentage=0,i_out_of_range_percentage=0,i_range_query_hit_count_log=0,i_exponent_bias=0,i_force_single_anyhit=1,i_perpendicular_rays=1,i_start_ray_at_zero=0,i_compaction=1,i_large_keys=0,i_closest_hit=0,i_skip_probing=1,i_num_rays_per_thread_log=0,i_force_uniform_keys=0,i_x_bits=23,i_y_bits=9,i_z_bits=0,i_debug=0,uncompacted_size=1902656640,final_size=1231241728,update_temp_buffer_size=0,convert_time_ms=4.8360958099365234375,build_time_ms=44.690433502197265625,convert_build_time_ms=49.526529312133789062,convert_build_compact_time_ms=52.718337297439575195,compact_time_ms=3.1918079853057861328,update_time_ms=0,convert_and_update_time_ms=0,sort_time_ms=0,total_probe_time_ms=0
i_primitive=triangle,i_key_mode=3d,i_build_mode=b_asc,i_probe_mode=p_sfl,i_update_type=pos_local,i_num_build_keys_log=25,i_key_offset=0,i_key_stride_log=0,i_key_replication_log=0,i_reserve_keys_for_misses=0,i_num_updates_log=4,i_local_update_batch_size_log=1,i_num_probe_keys_log=27,i_miss_percentage=0,i_out_of_range_percentage=0,i_range_query_hit_count_log=0,i_exponent_bias=0,i_force_single_anyhit=1,i_perpendicular_rays=1,i_start_ray_at_zero=0,i_compaction=1,i_large_keys=0,i_closest_hit=0,i_skip_probing=1,i_num_rays_per_thread_log=0,i_force_uniform_keys=0,i_x_bits=23,i_y_bits=9,i_z_bits=0,i_debug=0,uncompacted_size=2191654784,final_size=1988326016,update_temp_buffer_size=142606464,convert_time_ms=4.83612823486328125,build_time_ms=44.925952911376953125,convert_build_time_ms=49.762081146240234375,convert_build_compact_time_ms=54.800161361694335938,compact_time_ms=5.0380802154541015625,update_time_ms=8.30352020263671875,convert_and_update_time_ms=12.696384429931640625,sort_time_ms=0,total_probe_time_ms=0
i_primitive=triangle,i_key_mode=3d,i_build_mode=b_asc,i_probe_mode=p_sfl,i_update_type=pos_local,i_num_build_keys_log=25,i_key_offset=0,i_key_stride_log=0,i_key_replication_log=0,i_reserve_keys_for_misses=0,i_num_updates_log=8,i_local_update_batch_size_log=1,i_num_probe_keys_log=27,i_miss_percentage=0,i_out_of_range_percentage=0,i_range_query_hit_count_log=0,i_exponent_bias=0,i_force_single_anyhit=1,i_perpendicular_rays=1,i_start_ray_at_zero=0,i_compaction=1,i_large_keys=0,i_closest_hit=0,i_skip_probing=1,i_num_rays_per_thread_log=0,i_force_uniform_keys=0,i_x_bits=23,i_y_bits=9,i_z_bits=0,i_debug=0,uncompacted_size=2191654784,final_size=1988326016,update_temp_buffer_size=142606464,convert_time_ms=4.8497281074523925781,build_time_ms=44.869632720947265625,convert_build_time_ms=49.719360828399658203,convert_build_compact_time_ms=54.753408908843994141,compact_time_ms=5.0340480804443359375,update_time_ms=8.3118076324462890625,convert_and_update_time_ms=12.705535411834716797,sort_time_ms=0,total_probe_time_ms=0
i_primitive=triangle,i_key_mode=3d,i_build_mode=b_asc,i_probe_mode=p_sfl,i_update_type=pos_local,i_num_build_keys_log=25,i_key_offset=0,i_key_stride_log=0,i_key_replication_log=0,i_reserve_keys_for_misses=0,i_num_updates_log=12,i_local_update_batch_size_log=1,i_num_probe_keys_log=27,i_miss_percentage=0,i_out_of_range_percentage=0,i_range_query_hit_count_log=0,i_exponent_bias=0,i_force_single_anyhit=1,i_perpendicular_rays=1,i_start_ray_at_zero=0,i_compaction=1,i_large_keys=0,i_closest_hit=0,i_skip_probing=1,i_num_rays_per_thread_log=0,i_force_uniform_keys=0,i_x_bits=23,i_y_bits=9,i_z_bits=0,i_debug=0,uncompacted_size=2191654784,final_size=1988326016,update_temp_buffer_size=142606464,convert_time_ms=4.8457598686218261719,build_time_ms=44.691455841064453125,convert_build_time_ms=49.537215709686279297,convert_build_compact_time_ms=54.572223663330078125,compact_time_ms=5.0350079536437988281,update_time_ms=8.6647996902465820312,convert_and_update_time_ms=13.458975791931152344,sort_time_ms=0,total_probe_time_ms=0
i_primitive=triangle,i_key_mode=3d,i_build_mode=b_asc,i_probe_mode=p_sfl,i_update_type=pos_local,i_num_build_keys_log=25,i_key_offset=0,i_key_stride_log=0,i_key_replication_log=0,i_reserve_keys_for_misses=0,i_num_updates_log=16,i_local_update_batch_size_log=1,i_num_probe_keys_log=27,i_miss_percentage=0,i_out_of_range_percentage=0,i_range_query_hit_count_log=0,i_exponent_bias=0,i_force_single_anyhit=1,i_perpendicular_rays=1,i_start_ray_at_zero=0,i_compaction=1,i_large_keys=0,i_closest_hit=0,i_skip_probing=1,i_num_rays_per_thread_log=0,i_force_uniform_keys=0,i_x_bits=23,i_y_bits=9,i_z_bits=0,i_debug=0,uncompacted_size=2191654784,final_size=1988326016,update_temp_buffer_size=142606464,convert_time_ms=4.8385920524597167969,build_time_ms=44.740543365478515625,convert_build_time_ms=49.579135417938232422,convert_build_compact_time_ms=54.615167617797851562,compact_time_ms=5.0360321998596191406,update_time_ms=8.3015680313110351562,convert_and_update_time_ms=12.700255870819091797,sort_time_ms=0,total_probe_time_ms=0
i_primitive=triangle,i_key_mode=3d,i_build_mode=b_asc,i_probe_mode=p_sfl,i_update_type=pos_local,i_num_build_keys_log=25,i_key_offset=0,i_key_stride_log=0,i_key_replication_log=0,i_reserve_keys_for_misses=0,i_num_updates_log=20,i_local_update_batch_size_log=1,i_num_probe_keys_log=27,i_miss_percentage=0,i_out_of_range_percentage=0,i_range_query_hit_count_log=0,i_exponent_bias=0,i_force_single_anyhit=1,i_perpendicular_rays=1,i_start_ray_at_zero=0,i_compaction=1,i_large_keys=0,i_closest_hit=0,i_skip_probing=1,i_num_rays_per_thread_log=0,i_force_uniform_keys=0,i_x_bits=23,i_y_bits=9,i_z_bits=0,i_debug=0,uncompacted_size=2191654784,final_size=1988326016,update_temp_buffer_size=142606464,convert_time_ms=4.8483519554138183594,build_time_ms=44.819454193115234375,convert_build_time_ms=49.667806148529052734,convert_build_compact_time_ms=54.702782154083251953,compact_time_ms=5.0349760055541992188,update_time_ms=8.6443843841552734375,convert_and_update_time_ms=13.440832614898681641,sort_time_ms=0,total_probe_time_ms=0
i_primitive=triangle,i_key_mode=3d,i_build_mode=b_asc,i_probe_mode=p_sfl,i_update_type=pos_local,i_num_build_keys_log=25,i_key_offset=0,i_key_stride_log=0,i_key_replication_log=0,i_reserve_keys_for_misses=0,i_num_updates_log=24,i_local_update_batch_size_log=1,i_num_probe_keys_log=27,i_miss_percentage=0,i_out_of_range_percentage=0,i_range_query_hit_count_log=0,i_exponent_bias=0,i_force_single_anyhit=1,i_perpendicular_rays=1,i_start_ray_at_zero=0,i_compaction=1,i_large_keys=0,i_closest_hit=0,i_skip_probing=1,i_num_rays_per_thread_log=0,i_force_uniform_keys=0,i_x_bits=23,i_y_bits=9,i_z_bits=0,i_debug=0,uncompacted_size=2191654784,final_size=1988326016,update_temp_buffer_size=142606464,convert_time_ms=4.8379840850830078125,build_time_ms=44.8909759521484375,convert_build_time_ms=49.728960037231445312,convert_build_compact_time_ms=54.768064022064208984,compact_time_ms=5.0391039848327636719,update_time_ms=8.3742723464965820312,convert_and_update_time_ms=12.767520427703857422,sort_time_ms=0,total_probe_time_ms=0
i_primitive=triangle,i_key_mode=3d,i_build_mode=b_sfl,i_probe_mode=p_sfl,i_update_type=rank_local,i_num_build_keys_log=25,i_key_offset=0,i_key_stride_log=0,i_key_replication_log=0,i_reserve_keys_for_misses=0,i_num_updates_log=0,i_local_update_batch_size_log=1,i_num_probe_keys_log=27,i_miss_percentage=0,i_out_of_range_percentage=0,i_range_query_hit_count_log=0,i_exponent_bias=0,i_force_single_anyhit=1,i_perpendicular_rays=1,i_start_ray_at_zero=0,i_compaction=1,i_large_keys=0,i_closest_hit=0,i_skip_probing=1,i_num_rays_per_thread_log=0,i_force_uniform_keys=0,i_x_bits=23,i_y_bits=9,i_z_bits=0,i_debug=0,uncompacted_size=1902656640,final_size=1228058240,update_temp_buffer_size=0,convert_time_ms=4.8482561111450195312,build_time_ms=55.1380157470703125,convert_build_time_ms=59.986271858215332031,convert_build_compact_time_ms=63.164767742156982422,compact_time_ms=3.1784958839416503906,update_time_ms=0,convert_and_update_time_ms=0,sort_time_ms=0,total_probe_time_ms=0
i_primitive=triangle,i_key_mode=3d,i_build_mode=b_sfl,i_probe_mode=p_sfl,i_update_type=rank_local,i_num_build_keys_log=25,i_key_offset=0,i_key_stride_log=0,i_key_replication_log=0,i_reserve_keys_for_misses=0,i_num_updates_log=4,i_local_update_batch_size_log=1,i_num_probe_keys_log=27,i_miss_percentage=0,i_out_of_range_percentage=0,i_range_query_hit_count_log=0,i_exponent_bias=0,i_force_single_anyhit=1,i_perpendicular_rays=1,i_start_ray_at_zero=0,i_compaction=1,i_large_keys=0,i_closest_hit=0,i_skip_probing=1,i_num_rays_per_thread_log=0,i_force_uniform_keys=0,i_x_bits=23,i_y_bits=9,i_z_bits=0,i_debug=0,uncompacted_size=2191654784,final_size=1988326016,update_temp_buffer_size=142606464,convert_time_ms=4.8406081199645996094,build_time_ms=54.490081787109375,convert_build_time_ms=59.330689907073974609,convert_build_compact_time_ms=64.372737884521484375,compact_time_ms=5.0420479774475097656,update_time_ms=15.103072166442871094,convert_and_update_time_ms=19.893344402313232422,sort_time_ms=0,total_probe_time_ms=0
i_primitive=triangle,i_key_mode=3d,i_build_mode=b_sfl,i_probe_mode=p_sfl,i_update_type=rank_local,i_num_build_keys_log=25,i_key_offset=0,i_key_stride_log=0,i_key_replication_log=0,i_reserve_keys_for_misses=0,i_num_updates_log=8,i_local_update_batch_size_log=1,i_num_probe_keys_log=27,i_miss_percentage=0,i_out_of_range_percentage=0,i_range_query_hit_count_log=0,i_exponent_bias=0,i_force_single_anyhit=1,i_perpendicular_rays=1,i_start_ray_at_zero=0,i_compaction=1,i_large_keys=0,i_closest_hit=0,i_skip_probing=1,i_num_rays_per_thread_log=0,i_force_uniform_keys=0,i_x_bits=23,i_y_bits=9,i_z_bits=0,i_debug=0,uncompacted_size=2191654784,final_size=1988326016,update_temp_buffer_size=142606464,convert_time_ms=4.8395199775695800781,build_time_ms=54.738910675048828125,convert_build_time_ms=59.578430652618408203,convert_build_compact_time_ms=64.627966880798339844,compact_time_ms=5.0495362281799316406,update_time_ms=15.083519935607910156,convert_and_update_time_ms=19.875296115875244141,sort_time_ms=0,total_probe_time_ms=0
i_primitive=triangle,i_key_mode=3d,i_build_mode=b_sfl,i_probe_mode=p_sfl,i_update_type=rank_local,i_num_build_keys_log=25,i_key_offset=0,i_key_stride_log=0,i_key_replication_log=0,i_reserve_keys_for_misses=0,i_num_updates_log=12,i_local_update_batch_size_log=1,i_num_probe_keys_log=27,i_miss_percentage=0,i_out_of_range_percentage=0,i_range_query_hit_count_log=0,i_exponent_bias=0,i_force_single_anyhit=1,i_perpendicular_rays=1,i_start_ray_at_zero=0,i_compaction=1,i_large_keys=0,i_closest_hit=0,i_skip_probing=1,i_num_rays_per_thread_log=0,i_force_uniform_keys=0,i_x_bits=23,i_y_bits=9,i_z_bits=0,i_debug=0,uncompacted_size=2191654784,final_size=1988326016,update_temp_buffer_size=142606464,convert_time_ms=4.8446078300476074219,build_time_ms=54.607807159423828125,convert_build_time_ms=59.452414989471435547,convert_build_compact_time_ms=64.498590946197509766,compact_time_ms=5.0461759567260742188,update_time_ms=15.065919876098632812,convert_and_update_time_ms=19.854623794555664062,sort_time_ms=0,total_probe_time_ms=0
i_primitive=triangle,i_key_mode=3d,i_build_mode=b_sfl,i_probe_mode=p_sfl,i_update_type=rank_local,i_num_build_keys_log=25,i_key_offset=0,i_key_stride_log=0,i_key_replication_log=0,i_reserve_keys_for_misses=0,i_num_updates_log=16,i_local_update_batch_size_log=1,i_num_probe_keys_log=27,i_miss_percentage=0,i_out_of_range_percentage=0,i_range_query_hit_count_log=0,i_exponent_bias=0,i_force_single_anyhit=1,i_perpendicular_rays=1,i_start_ray_at_zero=0,i_compaction=1,i_large_keys=0,i_closest_hit=0,i_skip_probing=1,i_num_rays_per_thread_log=0,i_force_uniform_keys=0,i_x_bits=23,i_y_bits=9,i_z_bits=0,i_debug=0,uncompacted_size=2191654784,final_size=1988326016,update_temp_buffer_size=142606464,convert_time_ms=4.8518080711364746094,build_time_ms=54.715167999267578125,convert_build_time_ms=59.566976070404052734,convert_build_compact_time_ms=64.611104011535644531,compact_time_ms=5.0441279411315917969,update_time_ms=15.091711997985839844,convert_and_update_time_ms=19.882912158966064453,sort_time_ms=0,total_probe_time_ms=0
i_primitive=triangle,i_key_mode=3d,i_build_mode=b_sfl,i_probe_mode=p_sfl,i_update_type=rank_local,i_num_build_keys_log=25,i_key_offset=0,i_key_stride_log=0,i_key_replication_log=0,i_reserve_keys_for_misses=0,i_num_updates_log=20,i_local_update_batch_size_log=1,i_num_probe_keys_log=27,i_miss_percentage=0,i_out_of_range_percentage=0,i_range_query_hit_count_log=0,i_exponent_bias=0,i_force_single_anyhit=1,i_perpendicular_rays=1,i_start_ray_at_zero=0,i_compaction=1,i_large_keys=0,i_closest_hit=0,i_skip_probing=1,i_num_rays_per_thread_log=0,i_force_uniform_keys=0,i_x_bits=23,i_y_bits=9,i_z_bits=0,i_debug=0,uncompacted_size=2191654784,final_size=1988326016,update_temp_buffer_size=142606464,convert_time_ms=4.8527359962463378906,build_time_ms=54.74918365478515625,convert_build_time_ms=59.601919651031494141,convert_build_compact_time_ms=64.644063472747802734,compact_time_ms=5.0421438217163085938,update_time_ms=15.093759536743164062,convert_and_update_time_ms=19.890623569488525391,sort_time_ms=0,total_probe_time_ms=0
i_primitive=triangle,i_key_mode=3d,i_build_mode=b_sfl,i_probe_mode=p_sfl,i_update_type=rank_local,i_num_build_keys_log=25,i_key_offset=0,i_key_stride_log=0,i_key_replication_log=0,i_reserve_keys_for_misses=0,i_num_updates_log=24,i_local_update_batch_size_log=1,i_num_probe_keys_log=27,i_miss_percentage=0,i_out_of_range_percentage=0,i_range_query_hit_count_log=0,i_exponent_bias=0,i_force_single_anyhit=1,i_perpendicular_rays=1,i_start_ray_at_zero=0,i_compaction=1,i_large_keys=0,i_closest_hit=0,i_skip_probing=1,i_num_rays_per_thread_log=0,i_force_uniform_keys=0,i_x_bits=23,i_y_bits=9,i_z_bits=0,i_debug=0,uncompacted_size=2191654784,final_size=1988326016,update_temp_buffer_size=142606464,convert_time_ms=4.8417921066284179688,build_time_ms=54.639392852783203125,convert_build_time_ms=59.481184959411621094,convert_build_compact_time_ms=64.521280765533447266,compact_time_ms=5.0400958061218261719,update_time_ms=15.066111564636230469,convert_and_update_time_ms=19.859103679656982422,sort_time_ms=0,total_probe_time_ms=0
i_primitive=triangle,i_key_mode=3d,i_build_mode=b_asc,i_probe_mode=p_sfl,i_update_type=rank_local,i_num_build_keys_log=25,i_key_offset=0,i_key_stride_log=0,i_key_replication_log=0,i_reserve_keys_for_misses=0,i_num_updates_log=0,i_local_update_batch_size_log=1,i_num_probe_keys_log=27,i_miss_percentage=0,i_out_of_range_percentage=0,i_range_query_hit_count_log=0,i_exponent_bias=0,i_force_single_anyhit=1,i_perpendicular_rays=1,i_start_ray_at_zero=0,i_compaction=1,i_large_keys=0,i_closest_hit=0,i_skip_probing=1,i_num_rays_per_thread_log=0,i_force_uniform_keys=0,i_x_bits=23,i_y_bits=9,i_z_bits=0,i_debug=0,uncompacted_size=1902656640,final_size=1231710464,update_temp_buffer_size=0,convert_time_ms=4.8380479812622070312,build_time_ms=44.11872100830078125,convert_build_time_ms=48.956768989562988281,convert_build_compact_time_ms=52.132193088531494141,compact_time_ms=3.1754240989685058594,update_time_ms=0,convert_and_update_time_ms=0,sort_time_ms=0,total_probe_time_ms=0
i_primitive=triangle,i_key_mode=3d,i_build_mode=b_asc,i_probe_mode=p_sfl,i_update_type=rank_local,i_num_build_keys_log=25,i_key_offset=0,i_key_stride_log=0,i_key_replication_log=0,i_reserve_keys_for_misses=0,i_num_updates_log=4,i_local_update_batch_size_log=1,i_num_probe_keys_log=27,i_miss_percentage=0,i_out_of_range_percentage=0,i_range_query_hit_count_log=0,i_exponent_bias=0,i_force_single_anyhit=1,i_perpendicular_rays=1,i_start_ray_at_zero=0,i_compaction=1,i_large_keys=0,i_closest_hit=0,i_skip_probing=1,i_num_rays_per_thread_log=0,i_force_uniform_keys=0,i_x_bits=23,i_y_bits=9,i_z_bits=0,i_debug=0,uncompacted_size=2191654784,final_size=1988326016,update_temp_buffer_size=142606464,convert_time_ms=4.8495039939880371094,build_time_ms=44.70764923095703125,convert_build_time_ms=49.557153224945068359,convert_build_compact_time_ms=54.595233440399169922,compact_time_ms=5.0380802154541015625,update_time_ms=8.2831363677978515625,convert_and_update_time_ms=12.70355224609375,sort_time_ms=0,total_probe_time_ms=0
i_primitive=triangle,i_key_mode=3d,i_build_mode=b_asc,i_probe_mode=p_sfl,i_update_type=rank_local,i_num_build_keys_log=25,i_key_offset=0,i_key_stride_log=0,i_key_replication_log=0,i_reserve_keys_for_misses=0,i_num_updates_log=8,i_local_update_batch_size_log=1,i_num_probe_keys_log=27,i_miss_percentage=0,i_out_of_range_percentage=0,i_range_query_hit_count_log=0,i_exponent_bias=0,i_force_single_anyhit=1,i_perpendicular_rays=1,i_start_ray_at_zero=0,i_compaction=1,i_large_keys=0,i_closest_hit=0,i_skip_probing=1,i_num_rays_per_thread_log=0,i_force_uniform_keys=0,i_x_bits=23,i_y_bits=9,i_z_bits=0,i_debug=0,uncompacted_size=2191654784,final_size=1988326016,update_temp_buffer_size=142606464,convert_time_ms=4.8509120941162109375,build_time_ms=44.92806243896484375,convert_build_time_ms=49.778974533081054688,convert_build_compact_time_ms=54.813982486724853516,compact_time_ms=5.0350079536437988281,update_time_ms=8.320159912109375,convert_and_update_time_ms=12.712127685546875,sort_time_ms=0,total_probe_time_ms=0
i_primitive=triangle,i_key_mode=3d,i_build_mode=b_asc,i_probe_mode=p_sfl,i_update_type=rank_local,i_num_build_keys_log=25,i_key_offset=0,i_key_stride_log=0,i_key_replication_log=0,i_reserve_keys_for_misses=0,i_num_updates_log=12,i_local_update_batch_size_log=1,i_num_probe_keys_log=27,i_miss_percentage=0,i_out_of_range_percentage=0,i_range_query_hit_count_log=0,i_exponent_bias=0,i_force_single_anyhit=1,i_perpendicular_rays=1,i_start_ray_at_zero=0,i_compaction=1,i_large_keys=0,i_closest_hit=0,i_skip_probing=1,i_num_rays_per_thread_log=0,i_force_uniform_keys=0,i_x_bits=23,i_y_bits=9,i_z_bits=0,i_debug=0,uncompacted_size=2191654784,final_size=1988326016,update_temp_buffer_size=142606464,convert_time_ms=4.8405442237854003906,build_time_ms=44.666881561279296875,convert_build_time_ms=49.507425785064697266,convert_build_compact_time_ms=54.551649570465087891,compact_time_ms=5.044223785400390625,update_time_ms=8.2973117828369140625,convert_and_update_time_ms=12.689983844757080078,sort_time_ms=0,total_probe_time_ms=0
i_primitive=triangle,i_key_mode=3d,i_build_mode=b_asc,i_probe_mode=p_sfl,i_update_type=rank_local,i_num_build_keys_log=25,i_key_offset=0,i_key_stride_log=0,i_key_replication_log=0,i_reserve_keys_for_misses=0,i_num_updates_log=16,i_local_update_batch_size_log=1,i_num_probe_keys_log=27,i_miss_percentage=0,i_out_of_range_percentage=0,i_range_query_hit_count_log=0,i_exponent_bias=0,i_force_single_anyhit=1,i_perpendicular_rays=1,i_start_ray_at_zero=0,i_compaction=1,i_large_keys=0,i_closest_hit=0,i_skip_probing=1,i_num_rays_per_thread_log=0,i_force_uniform_keys=0,i_x_bits=23,i_y_bits=9,i_z_bits=0,i_debug=0,uncompacted_size=2191654784,final_size=1988326016,update_temp_buffer_size=142606464,convert_time_ms=4.8404798507690429688,build_time_ms=44.616703033447265625,convert_build_time_ms=49.457182884216308594,convert_build_compact_time_ms=54.498334884643554688,compact_time_ms=5.0411520004272460938,update_time_ms=8.63027191162109375,convert_and_update_time_ms=13.426752090454101562,sort_time_ms=0,total_probe_time_ms=0
i_primitive=triangle,i_key_mode=3d,i_build_mode=b_asc,i_probe_mode=p_sfl,i_update_type=rank_local,i_num_build_keys_log=25,i_key_offset=0,i_key_stride_log=0,i_key_replication_log=0,i_reserve_keys_for_misses=0,i_num_updates_log=20,i_local_update_batch_size_log=1,i_num_probe_keys_log=27,i_miss_percentage=0,i_out_of_range_percentage=0,i_range_query_hit_count_log=0,i_exponent_bias=0,i_force_single_anyhit=1,i_perpendicular_rays=1,i_start_ray_at_zero=0,i_compaction=1,i_large_keys=0,i_closest_hit=0,i_skip_probing=1,i_num_rays_per_thread_log=0,i_force_uniform_keys=0,i_x_bits=23,i_y_bits=9,i_z_bits=0,i_debug=0,uncompacted_size=2191654784,final_size=1988326016,update_temp_buffer_size=142606464,convert_time_ms=4.8351359367370605469,build_time_ms=44.889087677001953125,convert_build_time_ms=49.724223613739013672,convert_build_compact_time_ms=54.768447399139404297,compact_time_ms=5.044223785400390625,update_time_ms=8.3056640625,convert_and_update_time_ms=12.703040122985839844,sort_time_ms=0,total_probe_time_ms=0
i_primitive=triangle,i_key_mode=3d,i_build_mode=b_asc,i_probe_mode=p_sfl,i_update_type=rank_local,i_num_build_keys_log=25,i_key_offset=0,i_key_stride_log=0,i_key_replication_log=0,i_reserve_keys_for_misses=0,i_num_updates_log=24,i_local_update_batch_size_log=1,i_num_probe_keys_log=27,i_miss_percentage=0,i_out_of_range_percentage=0,i_range_query_hit_count_log=0,i_exponent_bias=0,i_force_single_anyhit=1,i_perpendicular_rays=1,i_start_ray_at_zero=0,i_compaction=1,i_large_keys=0,i_closest_hit=0,i_skip_probing=1,i_num_rays_per_thread_log=0,i_force_uniform_keys=0,i_x_bits=23,i_y_bits=9,i_z_bits=0,i_debug=0,uncompacted_size=2191654784,final_size=1988326016,update_temp_buffer_size=142606464,convert_time_ms=4.8494400978088378906,build_time_ms=44.870494842529296875,convert_build_time_ms=49.719934940338134766,convert_build_compact_time_ms=54.775423049926757812,compact_time_ms=5.0554881095886230469,update_time_ms=8.771488189697265625,convert_and_update_time_ms=13.561696052551269531,sort_time_ms=0,total_probe_time_ms=0
i_primitive=triangle,i_key_mode=3d,i_build_mode=b_sfl,i_probe_mode=p_sfl,i_update_type=global,i_num_build_keys_log=26,i_key_offset=0,i_key_stride_log=0,i_key_replication_log=0,i_reserve_keys_for_misses=0,i_num_updates_log=0,i_local_update_batch_size_log=1,i_num_probe_keys_log=27,i_miss_percentage=0,i_out_of_range_percentage=0,i_range_query_hit_count_log=0,i_exponent_bias=0,i_force_single_anyhit=1,i_perpendicular_rays=1,i_start_ray_at_zero=0,i_compaction=1,i_large_keys=0,i_closest_hit=0,i_skip_probing=1,i_num_rays_per_thread_log=0,i_force_uniform_keys=0,i_x_bits=23,i_y_bits=9,i_z_bits=0,i_debug=0,uncompacted_size=3805310464,final_size=2379362816,update_temp_buffer_size=0,convert_time_ms=9.6135683059692382812,build_time_ms=110.76806640625,convert_build_time_ms=120.38163471221923828,convert_build_compact_time_ms=126.55107450485229492,compact_time_ms=6.1694397926330566406,update_time_ms=0,convert_and_update_time_ms=0,sort_time_ms=0,total_probe_time_ms=0
i_primitive=triangle,i_key_mode=3d,i_build_mode=b_sfl,i_probe_mode=p_sfl,i_update_type=global,i_num_build_keys_log=26,i_key_offset=0,i_key_stride_log=0,i_key_replication_log=0,i_reserve_keys_for_misses=0,i_num_updates_log=4,i_local_update_batch_size_log=1,i_num_probe_keys_log=27,i_miss_percentage=0,i_out_of_range_percentage=0,i_range_query_hit_count_log=0,i_exponent_bias=0,i_force_single_anyhit=1,i_perpendicular_rays=1,i_start_ray_at_zero=0,i_compaction=1,i_large_keys=0,i_closest_hit=0,i_skip_probing=1,i_num_rays_per_thread_log=0,i_force_uniform_keys=0,i_x_bits=23,i_y_bits=9,i_z_bits=0,i_debug=0,uncompacted_size=4383306496,final_size=3961802240,update_temp_buffer_size=285212800,convert_time_ms=9.6118078231811523438,build_time_ms=109.74320220947265625,convert_build_time_ms=119.35501003265380859,convert_build_compact_time_ms=129.46496200561523438,compact_time_ms=10.109951972961425781,update_time_ms=29.92639923095703125,convert_and_update_time_ms=39.488735198974609375,sort_time_ms=0,total_probe_time_ms=0
i_primitive=triangle,i_key_mode=3d,i_build_mode=b_sfl,i_probe_mode=p_sfl,i_update_type=global,i_num_build_keys_log=26,i_key_offset=0,i_key_stride_log=0,i_key_replication_log=0,i_reserve_keys_for_misses=0,i_num_updates_log=8,i_local_update_batch_size_log=1,i_num_probe_keys_log=27,i_miss_percentage=0,i_out_of_range_percentage=0,i_range_query_hit_count_log=0,i_exponent_bias=0,i_force_single_anyhit=1,i_perpendicular_rays=1,i_start_ray_at_zero=0,i_compaction=1,i_large_keys=0,i_closest_hit=0,i_skip_probing=1,i_num_rays_per_thread_log=0,i_force_uniform_keys=0,i_x_bits=23,i_y_bits=9,i_z_bits=0,i_debug=0,uncompacted_size=4383306496,final_size=3961399296,update_temp_buffer_size=285212800,convert_time_ms=9.6157436370849609375,build_time_ms=109.291229248046875,convert_build_time_ms=118.90697288513183594,convert_build_compact_time_ms=128.91554927825927734,compact_time_ms=10.008576393127441406,update_time_ms=29.993951797485351562,convert_and_update_time_ms=39.554240226745605469,sort_time_ms=0,total_probe_time_ms=0
i_primitive=triangle,i_key_mode=3d,i_build_mode=b_sfl,i_probe_mode=p_sfl,i_update_type=global,i_num_build_keys_log=26,i_key_offset=0,i_key_stride_log=0,i_key_replication_log=0,i_reserve_keys_for_misses=0,i_num_updates_log=12,i_local_update_batch_size_log=1,i_num_probe_keys_log=27,i_miss_percentage=0,i_out_of_range_percentage=0,i_range_query_hit_count_log=0,i_exponent_bias=0,i_force_single_anyhit=1,i_perpendicular_rays=1,i_start_ray_at_zero=0,i_compaction=1,i_large_keys=0,i_closest_hit=0,i_skip_probing=1,i_num_rays_per_thread_log=0,i_force_uniform_keys=0,i_x_bits=23,i_y_bits=9,i_z_bits=0,i_debug=0,uncompacted_size=4383306496,final_size=3960560896,update_temp_buffer_size=285212800,convert_time_ms=9.615200042724609375,build_time_ms=110.00812530517578125,convert_build_time_ms=119.62332534790039062,convert_build_compact_time_ms=129.66559696197509766,compact_time_ms=10.042271614074707031,update_time_ms=29.916063308715820312,convert_and_update_time_ms=39.478559494018554688,sort_time_ms=0,total_probe_time_ms=0
i_primitive=triangle,i_key_mode=3d,i_build_mode=b_sfl,i_probe_mode=p_sfl,i_update_type=global,i_num_build_keys_log=26,i_key_offset=0,i_key_stride_log=0,i_key_replication_log=0,i_reserve_keys_for_misses=0,i_num_updates_log=16,i_local_update_batch_size_log=1,i_num_probe_keys_log=27,i_miss_percentage=0,i_out_of_range_percentage=0,i_range_query_hit_count_log=0,i_exponent_bias=0,i_force_single_anyhit=1,i_perpendicular_rays=1,i_start_ray_at_zero=0,i_compaction=1,i_large_keys=0,i_closest_hit=0,i_skip_probing=1,i_num_rays_per_thread_log=0,i_force_uniform_keys=0,i_x_bits=23,i_y_bits=9,i_z_bits=0,i_debug=0,uncompacted_size=4383306496,final_size=3962136192,update_temp_buffer_size=285212800,convert_time_ms=9.6190080642700195312,build_time_ms=109.3580780029296875,convert_build_time_ms=118.97708606719970703,convert_build_compact_time_ms=129.70860576629638672,compact_time_ms=10.731519699096679688,update_time_ms=30.022655487060546875,convert_and_update_time_ms=39.585119247436523438,sort_time_ms=0,total_probe_time_ms=0
i_primitive=triangle,i_key_mode=3d,i_build_mode=b_sfl,i_probe_mode=p_sfl,i_update_type=global,i_num_build_keys_log=26,i_key_offset=0,i_key_stride_log=0,i_key_replication_log=0,i_reserve_keys_for_misses=0,i_num_updates_log=20,i_local_update_batch_size_log=1,i_num_probe_keys_log=27,i_miss_percentage=0,i_out_of_range_percentage=0,i_range_query_hit_count_log=0,i_exponent_bias=0,i_force_single_anyhit=1,i_perpendicular_rays=1,i_start_ray_at_zero=0,i_compaction=1,i_large_keys=0,i_closest_hit=0,i_skip_probing=1,i_num_rays_per_thread_log=0,i_force_uniform_keys=0,i_x_bits=23,i_y_bits=9,i_z_bits=0,i_debug=0,uncompacted_size=4383306496,final_size=3961399296,update_temp_buffer_size=285212800,convert_time_ms=9.6054401397705078125,build_time_ms=109.022369384765625,convert_build_time_ms=118.62780952453613281,convert_build_compact_time_ms=128.68848133087158203,compact_time_ms=10.060671806335449219,update_time_ms=29.977312088012695312,convert_and_update_time_ms=39.5418243408203125,sort_time_ms=0,total_probe_time_ms=0
i_primitive=triangle,i_key_mode=3d,i_build_mode=b_sfl,i_probe_mode=p_sfl,i_update_type=global,i_num_build_keys_log=26,i_key_offset=0,i_key_stride_log=0,i_key_replication_log=0,i_reserve_keys_for_misses=0,i_num_updates_log=24,i_local_update_batch_size_log=1,i_num_probe_keys_log=27,i_miss_percentage=0,i_out_of_range_percentage=0,i_range_query_hit_count_log=0,i_exponent_bias=0,i_force_single_anyhit=1,i_perpendicular_rays=1,i_start_ray_at_zero=0,i_compaction=1,i_large_keys=0,i_closest_hit=0,i_skip_probing=1,i_num_rays_per_thread_log=0,i_force_uniform_keys=0,i_x_bits=23,i_y_bits=9,i_z_bits=0,i_debug=0,uncompacted_size=4383306496,final_size=3960786432,update_temp_buffer_size=285212800,convert_time_ms=9.6183042526245117188,build_time_ms=110.0421142578125,convert_build_time_ms=119.66041851043701172,convert_build_compact_time_ms=129.70281887054443359,compact_time_ms=10.042400360107421875,update_time_ms=30.052095413208007812,convert_and_update_time_ms=39.619199752807617188,sort_time_ms=0,total_probe_time_ms=0
i_primitive=triangle,i_key_mode=3d,i_build_mode=b_asc,i_probe_mode=p_sfl,i_update_type=global,i_num_build_keys_log=26,i_key_offset=0,i_key_stride_log=0,i_key_replication_log=0,i_reserve_keys_for_misses=0,i_num_updates_log=0,i_local_update_batch_size_log=1,i_num_probe_keys_log=27,i_miss_percentage=0,i_out_of_range_percentage=0,i_range_query_hit_count_log=0,i_exponent_bias=0,i_force_single_anyhit=1,i_perpendicular_rays=1,i_start_ray_at_zero=0,i_compaction=1,i_large_keys=0,i_closest_hit=0,i_skip_probing=1,i_num_rays_per_thread_log=0,i_force_uniform_keys=0,i_x_bits=23,i_y_bits=9,i_z_bits=0,i_debug=0,uncompacted_size=3805310464,final_size=2398537216,update_temp_buffer_size=0,convert_time_ms=9.6042881011962890625,build_time_ms=89.8580474853515625,convert_build_time_ms=99.462335586547851562,convert_build_compact_time_ms=105.7025914192199707,compact_time_ms=6.2402558326721191406,update_time_ms=0,convert_and_update_time_ms=0,sort_time_ms=0,total_probe_time_ms=0
i_primitive=triangle,i_key_mode=3d,i_build_mode=b_asc,i_probe_mode=p_sfl,i_update_type=global,i_num_build_keys_log=26,i_key_offset=0,i_key_stride_log=0,i_key_replication_log=0,i_reserve_keys_for_misses=0,i_num_updates_log=4,i_local_update_batch_size_log=1,i_num_probe_keys_log=27,i_miss_percentage=0,i_out_of_range_percentage=0,i_range_query_hit_count_log=0,i_exponent_bias=0,i_force_single_anyhit=1,i_perpendicular_rays=1,i_start_ray_at_zero=0,i_compaction=1,i_large_keys=0,i_closest_hit=0,i_skip_probing=1,i_num_rays_per_thread_log=0,i_force_uniform_keys=0,i_x_bits=23,i_y_bits=9,i_z_bits=0,i_debug=0,uncompacted_size=4383306496,final_size=3961399296,update_temp_buffer_size=285212800,convert_time_ms=9.6201276779174804688,build_time_ms=89.43996429443359375,convert_build_time_ms=99.060091972351074219,convert_build_compact_time_ms=109.09631633758544922,compact_time_ms=10.036224365234375,update_time_ms=16.95206451416015625,convert_and_update_time_ms=26.513312339782714844,sort_time_ms=0,total_probe_time_ms=0
i_primitive=triangle,i_key_mode=3d,i_build_mode=b_asc,i_probe_mode=p_sfl,i_update_type=global,i_num_build_keys_log=26,i_key_offset=0,i_key_stride_log=0,i_key_replication_log=0,i_reserve_keys_for_misses=0,i_num_updates_log=8,i_local_update_batch_size_log=1,i_num_probe_keys_log=27,i_miss_percentage=0,i_out_of_range_percentage=0,i_range_query_hit_count_log=0,i_exponent_bias=0,i_force_single_anyhit=1,i_perpendicular_rays=1,i_start_ray_at_zero=0,i_compaction=1,i_large_keys=0,i_closest_hit=0,i_skip_probing=1,i_num_rays_per_thread_log=0,i_force_uniform_keys=0,i_x_bits=23,i_y_bits=9,i_z_bits=0,i_debug=0,uncompacted_size=4383306496,final_size=3961399296,update_temp_buffer_size=285212800,convert_time_ms=9.6225919723510742188,build_time_ms=89.5302734375,convert_build_time_ms=99.152865409851074219,convert_build_compact_time_ms=109.18806552886962891,compact_time_ms=10.035200119018554688,update_time_ms=16.835584640502929688,convert_and_update_time_ms=26.393376350402832031,sort_time_ms=0,total_probe_time_ms=0
i_primitive=triangle,i_key_mode=3d,i_build_mode=b_asc,i_probe_mode=p_sfl,i_update_type=global,i_num_build_keys_log=26,i_key_offset=0,i_key_stride_log=0,i_key_replication_log=0,i_reserve_keys_for_misses=0,i_num_updates_log=12,i_local_update_batch_size_log=1,i_num_probe_keys_log=27,i_miss_percentage=0,i_out_of_range_percentage=0,i_range_query_hit_count_log=0,i_exponent_bias=0,i_force_single_anyhit=1,i_perpendicular_rays=1,i_start_ray_at_zero=0,i_compaction=1,i_large_keys=0,i_closest_hit=0,i_skip_probing=1,i_num_rays_per_thread_log=0,i_force_uniform_keys=0,i_x_bits=23,i_y_bits=9,i_z_bits=0,i_debug=0,uncompacted_size=4383306496,final_size=3962136576,update_temp_buffer_size=285212800,convert_time_ms=9.6232318878173828125,build_time_ms=91.97158050537109375,convert_build_time_ms=101.59481239318847656,convert_build_compact_time_ms=111.65058803558349609,compact_time_ms=10.055775642395019531,update_time_ms=16.8376312255859375,convert_and_update_time_ms=26.403166770935058594,sort_time_ms=0,total_probe_time_ms=0
i_primitive=triangle,i_key_mode=3d,i_build_mode=b_asc,i_probe_mode=p_sfl,i_update_type=global,i_num_build_keys_log=26,i_key_offset=0,i_key_stride_log=0,i_key_replication_log=0,i_reserve_keys_for_misses=0,i_num_updates_log=16,i_local_update_batch_size_log=1,i_num_probe_keys_log=27,i_miss_percentage=0,i_out_of_range_percentage=0,i_range_query_hit_count_log=0,i_exponent_bias=0,i_force_single_anyhit=1,i_perpendicular_rays=1,i_start_ray_at_zero=0,i_compaction=1,i_large_keys=0,i_closest_hit=0,i_skip_probing=1,i_num_rays_per_thread_log=0,i_force_uniform_keys=0,i_x_bits=23,i_y_bits=9,i_z_bits=0,i_debug=0,uncompacted_size=4383306496,final_size=3962136576,update_temp_buffer_size=285212800,convert_time_ms=9.611328125,build_time_ms=91.00083160400390625,convert_build_time_ms=100.61215972900390625,convert_build_compact_time_ms=110.59820747375488281,compact_time_ms=9.9860477447509765625,update_time_ms=16.885759353637695312,convert_and_update_time_ms=26.448926925659179688,sort_time_ms=0,total_probe_time_ms=0
i_primitive=triangle,i_key_mode=3d,i_build_mode=b_asc,i_probe_mode=p_sfl,i_update_type=global,i_num_build_keys_log=26,i_key_offset=0,i_key_stride_log=0,i_key_replication_log=0,i_reserve_keys_for_misses=0,i_num_updates_log=20,i_local_update_batch_size_log=1,i_num_probe_keys_log=27,i_miss_percentage=0,i_out_of_range_percentage=0,i_range_query_hit_count_log=0,i_exponent_bias=0,i_force_single_anyhit=1,i_perpendicular_rays=1,i_start_ray_at_zero=0,i_compaction=1,i_large_keys=0,i_closest_hit=0,i_skip_probing=1,i_num_rays_per_thread_log=0,i_force_uniform_keys=0,i_x_bits=23,i_y_bits=9,i_z_bits=0,i_debug=0,uncompacted_size=4383306496,final_size=3962136576,update_temp_buffer_size=285212800,convert_time_ms=9.6079044342041015625,build_time_ms=90.69875335693359375,convert_build_time_ms=100.30665779113769531,convert_build_compact_time_ms=110.35312175750732422,compact_time_ms=10.046463966369628906,update_time_ms=16.976896286010742188,convert_and_update_time_ms=26.538144111633300781,sort_time_ms=0,total_probe_time_ms=0
i_primitive=triangle,i_key_mode=3d,i_build_mode=b_asc,i_probe_mode=p_sfl,i_update_type=global,i_num_build_keys_log=26,i_key_offset=0,i_key_stride_log=0,i_key_replication_log=0,i_reserve_keys_for_misses=0,i_num_updates_log=24,i_local_update_batch_size_log=1,i_num_probe_keys_log=27,i_miss_percentage=0,i_out_of_range_percentage=0,i_range_query_hit_count_log=0,i_exponent_bias=0,i_force_single_anyhit=1,i_perpendicular_rays=1,i_start_ray_at_zero=0,i_compaction=1,i_large_keys=0,i_closest_hit=0,i_skip_probing=1,i_num_rays_per_thread_log=0,i_force_uniform_keys=0,i_x_bits=23,i_y_bits=9,i_z_bits=0,i_debug=0,uncompacted_size=4383306496,final_size=3961399040,update_temp_buffer_size=285212800,convert_time_ms=9.6094722747802734375,build_time_ms=91.377532958984375,convert_build_time_ms=100.98700523376464844,convert_build_compact_time_ms=111.08066940307617188,compact_time_ms=10.093664169311523438,update_time_ms=19.030015945434570312,convert_and_update_time_ms=28.587072372436523438,sort_time_ms=0,total_probe_time_ms=0
i_primitive=triangle,i_key_mode=3d,i_build_mode=b_sfl,i_probe_mode=p_sfl,i_update_type=pos_local,i_num_build_keys_log=26,i_key_offset=0,i_key_stride_log=0,i_key_replication_log=0,i_reserve_keys_for_misses=0,i_num_updates_log=0,i_local_update_batch_size_log=1,i_num_probe_keys_log=27,i_miss_percentage=0,i_out_of_range_percentage=0,i_range_query_hit_count_log=0,i_exponent_bias=0,i_force_single_anyhit=1,i_perpendicular_rays=1,i_start_ray_at_zero=0,i_compaction=1,i_large_keys=0,i_closest_hit=0,i_skip_probing=1,i_num_rays_per_thread_log=0,i_force_uniform_keys=0,i_x_bits=23,i_y_bits=9,i_z_bits=0,i_debug=0,uncompacted_size=3805310464,final_size=2380369280,update_temp_buffer_size=0,convert_time_ms=9.6271038055419921875,build_time_ms=110.95263671875,convert_build_time_ms=120.57974052429199219,convert_build_compact_time_ms=126.75036430358886719,compact_time_ms=6.170623779296875,update_time_ms=0,convert_and_update_time_ms=0,sort_time_ms=0,total_probe_time_ms=0
i_primitive=triangle,i_key_mode=3d,i_build_mode=b_sfl,i_probe_mode=p_sfl,i_update_type=pos_local,i_num_build_keys_log=26,i_key_offset=0,i_key_stride_log=0,i_key_replication_log=0,i_reserve_keys_for_misses=0,i_num_updates_log=4,i_local_update_batch_size_log=1,i_num_probe_keys_log=27,i_miss_percentage=0,i_out_of_range_percentage=0,i_range_query_hit_count_log=0,i_exponent_bias=0,i_force_single_anyhit=1,i_perpendicular_rays=1,i_start_ray_at_zero=0,i_compaction=1,i_large_keys=0,i_closest_hit=0,i_skip_probing=1,i_num_rays_per_thread_log=0,i_force_uniform_keys=0,i_x_bits=23,i_y_bits=9,i_z_bits=0,i_debug=0,uncompacted_size=4383306496,final_size=3962136576,update_temp_buffer_size=285212800,convert_time_ms=9.6032323837280273438,build_time_ms=109.2618255615234375,convert_build_time_ms=118.86505794525146484,convert_build_compact_time_ms=128.91254615783691406,compact_time_ms=10.047488212585449219,update_time_ms=29.949951171875,convert_and_update_time_ms=38.775902748107910156,sort_time_ms=0,total_probe_time_ms=0
i_primitive=triangle,i_key_mode=3d,i_build_mode=b_sfl,i_probe_mode=p_sfl,i_update_type=pos_local,i_num_build_keys_log=26,i_key_offset=0,i_key_stride_log=0,i_key_replication_log=0,i_reserve_keys_for_misses=0,i_num_updates_log=8,i_local_update_batch_size_log=1,i_num_probe_keys_log=27,i_miss_percentage=0,i_out_of_range_percentage=0,i_range_query_hit_count_log=0,i_exponent_bias=0,i_force_single_anyhit=1,i_perpendicular_rays=1,i_start_ray_at_zero=0,i_compaction=1,i_large_keys=0,i_closest_hit=0,i_skip_probing=1,i_num_rays_per_thread_log=0,i_force_uniform_keys=0,i_x_bits=23,i_y_bits=9,i_z_bits=0,i_debug=0,uncompacted_size=4383306496,final_size=3960386176,update_temp_buffer_size=285212800,convert_time_ms=9.620800018310546875,build_time_ms=110.0694427490234375,convert_build_time_ms=119.69024276733398438,convert_build_compact_time_ms=130.21491432189941406,compact_time_ms=10.524671554565429688,update_time_ms=29.96326446533203125,convert_and_update_time_ms=38.790464401245117188,sort_time_ms=0,total_probe_time_ms=0
i_primitive=triangle,i_key_mode=3d,i_build_mode=b_sfl,i_probe_mode=p_sfl,i_update_type=pos_local,i_num_build_keys_log=26,i_key_offset=0,i_key_stride_log=0,i_key_replication_log=0,i_reserve_keys_for_misses=0,i_num_updates_log=12,i_local_update_batch_size_log=1,i_num_probe_keys_log=27,i_miss_percentage=0,i_out_of_range_percentage=0,i_range_query_hit_count_log=0,i_exponent_bias=0,i_force_single_anyhit=1,i_perpendicular_rays=1,i_start_ray_at_zero=0,i_compaction=1,i_large_keys=0,i_closest_hit=0,i_skip_probing=1,i_num_rays_per_thread_log=0,i_force_uniform_keys=0,i_x_bits=23,i_y_bits=9,i_z_bits=0,i_debug=0,uncompacted_size=4383306496,final_size=3961616256,update_temp_buffer_size=285212800,convert_time_ms=9.6003522872924804688,build_time_ms=109.8487701416015625,convert_build_time_ms=119.44912242889404297,convert_build_compact_time_ms=130.18064212799072266,compact_time_ms=10.731519699096679688,update_time_ms=30.000127792358398438,convert_and_update_time_ms=38.825727462768554688,sort_time_ms=0,total_probe_time_ms=0
i_primitive=triangle,i_key_mode=3d,i_build_mode=b_sfl,i_probe_mode=p_sfl,i_update_type=pos_local,i_num_build_keys_log=26,i_key_offset=0,i_key_stride_log=0,i_key_replication_log=0,i_reserve_keys_for_misses=0,i_num_updates_log=16,i_local_update_batch_size_log=1,i_num_probe_keys_log=27,i_miss_percentage=0,i_out_of_range_percentage=0,i_range_query_hit_count_log=0,i_exponent_bias=0,i_force_single_anyhit=1,i_perpendicular_rays=1,i_start_ray_at_zero=0,i_compaction=1,i_large_keys=0,i_closest_hit=0,i_skip_probing=1,i_num_rays_per_thread_log=0,i_force_uniform_keys=0,i_x_bits=23,i_y_bits=9,i_z_bits=0,i_debug=0,uncompacted_size=4383306496,final_size=3960902912,update_temp_buffer_size=285212800,convert_time_ms=9.6112318038940429688,build_time_ms=109.8065948486328125,convert_build_time_ms=119.41782665252685547,convert_build_compact_time_ms=129.45309066772460938,compact_time_ms=10.035264015197753906,update_time_ms=29.971391677856445312,convert_and_update_time_ms=38.793055534362792969,sort_time_ms=0,total_probe_time_ms=0
i_primitive=triangle,i_key_mode=3d,i_build_mode=b_sfl,i_probe_mode=p_sfl,i_update_type=pos_local,i_num_build_keys_log=26,i_key_offset=0,i_key_stride_log=0,i_key_replication_log=0,i_reserve_keys_for_misses=0,i_num_updates_log=20,i_local_update_batch_size_log=1,i_num_probe_keys_log=27,i_miss_percentage=0,i_out_of_range_percentage=0,i_range_query_hit_count_log=0,i_exponent_bias=0,i_force_single_anyhit=1,i_perpendicular_rays=1,i_start_ray_at_zero=0,i_compaction=1,i_large_keys=0,i_closest_hit=0,i_skip_probing=1,i_num_rays_per_thread_log=0,i_force_uniform_keys=0,i_x_bits=23,i_y_bits=9,i_z_bits=0,i_debug=0,uncompacted_size=4383306496,final_size=3961399296,update_temp_buffer_size=285212800,convert_time_ms=9.6037435531616210938,build_time_ms=109.42889404296875,convert_build_time_ms=119.03263759613037109,convert_build_compact_time_ms=129.07705402374267578,compact_time_ms=10.044416427612304688,update_time_ms=30.0247039794921875,convert_and_update_time_ms=39.58908843994140625,sort_time_ms=0,total_probe_time_ms=0
i_primitive=triangle,i_key_mode=3d,i_build_mode=b_sfl,i_probe_mode=p_sfl,i_update_type=pos_local,i_num_build_keys_log=26,i_key_offset=0,i_key_stride_log=0,i_key_replication_log=0,i_reserve_keys_for_misses=0,i_num_updates_log=24,i_local_update_batch_size_log=1,i_num_probe_keys_log=27,i_miss_percentage=0,i_out_of_range_percentage=0,i_range_query_hit_count_log=0,i_exponent_bias=0,i_force_single_anyhit=1,i_perpendicular_rays=1,i_start_ray_at_zero=0,i_compaction=1,i_large_keys=0,i_closest_hit=0,i_skip_probing=1,i_num_rays_per_thread_log=0,i_force_uniform_keys=0,i_x_bits=23,i_y_bits=9,i_z_bits=0,i_debug=0,uncompacted_size=4383306496,final_size=3959688960,update_temp_buffer_size=285212800,convert_time_ms=9.6162557601928710938,build_time_ms=109.830078125,convert_build_time_ms=119.44633388519287109,convert_build_compact_time_ms=129.55321407318115234,compact_time_ms=10.10688018798828125,update_time_ms=30.023424148559570312,convert_and_update_time_ms=39.586591720581054688,sort_time_ms=0,total_probe_time_ms=0
i_primitive=triangle,i_key_mode=3d,i_build_mode=b_asc,i_probe_mode=p_sfl,i_update_type=pos_local,i_num_build_keys_log=26,i_key_offset=0,i_key_stride_log=0,i_key_replication_log=0,i_reserve_keys_for_misses=0,i_num_updates_log=0,i_local_update_batch_size_log=1,i_num_probe_keys_log=27,i_miss_percentage=0,i_out_of_range_percentage=0,i_range_query_hit_count_log=0,i_exponent_bias=0,i_force_single_anyhit=1,i_perpendicular_rays=1,i_start_ray_at_zero=0,i_compaction=1,i_large_keys=0,i_closest_hit=0,i_skip_probing=1,i_num_rays_per_thread_log=0,i_force_uniform_keys=0,i_x_bits=23,i_y_bits=9,i_z_bits=0,i_debug=0,uncompacted_size=3805310464,final_size=2399353728,update_temp_buffer_size=0,convert_time_ms=9.6198396682739257812,build_time_ms=91.033538818359375,convert_build_time_ms=100.65337848663330078,convert_build_compact_time_ms=106.89875459671020508,compact_time_ms=6.2453761100769042969,update_time_ms=0,convert_and_update_time_ms=0,sort_time_ms=0,total_probe_time_ms=0
i_primitive=triangle,i_key_mode=3d,i_build_mode=b_asc,i_probe_mode=p_sfl,i_update_type=pos_local,i_num_build_keys_log=26,i_key_offset=0,i_key_stride_log=0,i_key_replication_log=0,i_reserve_keys_for_misses=0,i_num_updates_log=4,i_local_update_batch_size_log=1,i_num_probe_keys_log=27,i_miss_percentage=0,i_out_of_range_percentage=0,i_range_query_hit_count_log=0,i_exponent_bias=0,i_force_single_anyhit=1,i_perpendicular_rays=1,i_start_ray_at_zero=0,i_compaction=1,i_large_keys=0,i_closest_hit=0,i_skip_probing=1,i_num_rays_per_thread_log=0,i_force_uniform_keys=0,i_x_bits=23,i_y_bits=9,i_z_bits=0,i_debug=0,uncompacted_size=4383306496,final_size=3962136576,update_temp_buffer_size=285212800,convert_time_ms=9.6267843246459960938,build_time_ms=91.6531219482421875,convert_build_time_ms=101.27990627288818359,convert_build_compact_time_ms=111.34057807922363281,compact_time_ms=10.060671806335449219,update_time_ms=16.1505279541015625,convert_and_update_time_ms=24.973376274108886719,sort_time_ms=0,total_probe_time_ms=0
i_primitive=triangle,i_key_mode=3d,i_build_mode=b_asc,i_probe_mode=p_sfl,i_update_type=pos_local,i_num_build_keys_log=26,i_key_offset=0,i_key_stride_log=0,i_key_replication_log=0,i_reserve_keys_for_misses=0,i_num_updates_log=8,i_local_update_batch_size_log=1,i_num_probe_keys_log=27,i_miss_percentage=0,i_out_of_range_percentage=0,i_range_query_hit_count_log=0,i_exponent_bias=0,i_force_single_anyhit=1,i_perpendicular_rays=1,i_start_ray_at_zero=0,i_compaction=1,i_large_keys=0,i_closest_hit=0,i_skip_probing=1,i_num_rays_per_thread_log=0,i_force_uniform_keys=0,i_x_bits=23,i_y_bits=9,i_z_bits=0,i_debug=0,uncompacted_size=4383306496,final_size=3962136576,update_temp_buffer_size=285212800,convert_time_ms=9.6147203445434570312,build_time_ms=92.60134124755859375,convert_build_time_ms=102.21606159210205078,convert_build_compact_time_ms=112.26047801971435547,compact_time_ms=10.044416427612304688,update_time_ms=16.0563201904296875,convert_and_update_time_ms=24.829088211059570312,sort_time_ms=0,total_probe_time_ms=0
i_primitive=triangle,i_key_mode=3d,i_build_mode=b_asc,i_probe_mode=p_sfl,i_update_type=pos_local,i_num_build_keys_log=26,i_key_offset=0,i_key_stride_log=0,i_key_replication_log=0,i_reserve_keys_for_misses=0,i_num_updates_log=12,i_local_update_batch_size_log=1,i_num_probe_keys_log=27,i_miss_percentage=0,i_out_of_range_percentage=0,i_range_query_hit_count_log=0,i_exponent_bias=0,i_force_single_anyhit=1,i_perpendicular_rays=1,i_start_ray_at_zero=0,i_compaction=1,i_large_keys=0,i_closest_hit=0,i_skip_probing=1,i_num_rays_per_thread_log=0,i_force_uniform_keys=0,i_x_bits=23,i_y_bits=9,i_z_bits=0,i_debug=0,uncompacted_size=4383306496,final_size=3961399296,update_temp_buffer_size=285212800,convert_time_ms=9.6092157363891601562,build_time_ms=89.62560272216796875,convert_build_time_ms=99.234818458557128906,convert_build_compact_time_ms=109.28128242492675781,compact_time_ms=10.046463966369628906,update_time_ms=16.23961639404296875,convert_and_update_time_ms=25.009344100952148438,sort_time_ms=0,total_probe_time_ms=0
i_primitive=triangle,i_key_mode=3d,i_build_mode=b_asc,i_probe_mode=p_sfl,i_update_type=pos_local,i_num_build_keys_log=26,i_key_offset=0,i_key_stride_log=0,i_key_replication_log=0,i_reserve_keys_for_misses=0,i_num_updates_log=16,i_local_update_batch_size_log=1,i_num_probe_keys_log=27,i_miss_percentage=0,i_out_of_range_percentage=0,i_range_query_hit_count_log=0,i_exponent_bias=0,i_force_single_anyhit=1,i_perpendicular_rays=1,i_start_ray_at_zero=0,i_compaction=1,i_large_keys=0,i_closest_hit=0,i_skip_probing=1,i_num_rays_per_thread_log=0,i_force_uniform_keys=0,i_x_bits=23,i_y_bits=9,i_z_bits=0,i_debug=0,uncompacted_size=4383306496,final_size=3961399040,update_temp_buffer_size=285212800,convert_time_ms=9.6079998016357421875,build_time_ms=90.95670318603515625,convert_build_time_ms=100.56470298767089844,convert_build_compact_time_ms=110.67567920684814453,compact_time_ms=10.110976219177246094,update_time_ms=16.094207763671875,convert_and_update_time_ms=24.91913604736328125,sort_time_ms=0,total_probe_time_ms=0
i_primitive=triangle,i_key_mode=3d,i_build_mode=b_asc,i_probe_mode=p_sfl,i_update_type=pos_local,i_num_build_keys_log=26,i_key_offset=0,i_key_stride_log=0,i_key_replication_log=0,i_reserve_keys_for_misses=0,i_num_updates_log=20,i_local_update_batch_size_log=1,i_num_probe_keys_log=27,i_miss_percentage=0,i_out_of_range_percentage=0,i_range_query_hit_count_log=0,i_exponent_bias=0,i_force_single_anyhit=1,i_perpendicular_rays=1,i_start_ray_at_zero=0,i_compaction=1,i_large_keys=0,i_closest_hit=0,i_skip_probing=1,i_num_rays_per_thread_log=0,i_force_uniform_keys=0,i_x_bits=23,i_y_bits=9,i_z_bits=0,i_debug=0,uncompacted_size=4383306496,final_size=3961399296,update_temp_buffer_size=285212800,convert_time_ms=9.6191043853759765625,build_time_ms=90.348541259765625,convert_build_time_ms=99.967645645141601562,convert_build_compact_time_ms=110.02130985260009766,compact_time_ms=10.053664207458496094,update_time_ms=17.041408538818359375,convert_and_update_time_ms=26.605472564697265625,sort_time_ms=0,total_probe_time_ms=0
i_primitive=triangle,i_key_mode=3d,i_build_mode=b_asc,i_probe_mode=p_sfl,i_update_type=pos_local,i_num_build_keys_log=26,i_key_offset=0,i_key_stride_log=0,i_key_replication_log=0,i_reserve_keys_for_misses=0,i_num_updates_log=24,i_local_update_batch_size_log=1,i_num_probe_keys_log=27,i_miss_percentage=0,i_out_of_range_percentage=0,i_range_query_hit_count_log=0,i_exponent_bias=0,i_force_single_anyhit=1,i_perpendicular_rays=1,i_start_ray_at_zero=0,i_compaction=1,i_large_keys=0,i_closest_hit=0,i_skip_probing=1,i_num_rays_per_thread_log=0,i_force_uniform_keys=0,i_x_bits=23,i_y_bits=9,i_z_bits=0,i_debug=0,uncompacted_size=4383306496,final_size=3962136576,update_temp_buffer_size=285212800,convert_time_ms=9.6072320938110351562,build_time_ms=91.9192657470703125,convert_build_time_ms=101.52649784088134766,convert_build_compact_time_ms=111.52995395660400391,compact_time_ms=10.00345611572265625,update_time_ms=17.179647445678710938,convert_and_update_time_ms=26.738623619079589844,sort_time_ms=0,total_probe_time_ms=0
i_primitive=triangle,i_key_mode=3d,i_build_mode=b_sfl,i_probe_mode=p_sfl,i_update_type=rank_local,i_num_build_keys_log=26,i_key_offset=0,i_key_stride_log=0,i_key_replication_log=0,i_reserve_keys_for_misses=0,i_num_updates_log=0,i_local_update_batch_size_log=1,i_num_probe_keys_log=27,i_miss_percentage=0,i_out_of_range_percentage=0,i_range_query_hit_count_log=0,i_exponent_bias=0,i_force_single_anyhit=1,i_perpendicular_rays=1,i_start_ray_at_zero=0,i_compaction=1,i_large_keys=0,i_closest_hit=0,i_skip_probing=1,i_num_rays_per_thread_log=0,i_force_uniform_keys=0,i_x_bits=23,i_y_bits=9,i_z_bits=0,i_debug=0,uncompacted_size=3805310464,final_size=2379028864,update_temp_buffer_size=0,convert_time_ms=9.6141443252563476562,build_time_ms=110.862335205078125,convert_build_time_ms=120.47647953033447266,convert_build_compact_time_ms=126.67577552795410156,compact_time_ms=6.1992959976196289062,update_time_ms=0,convert_and_update_time_ms=0,sort_time_ms=0,total_probe_time_ms=0
i_primitive=triangle,i_key_mode=3d,i_build_mode=b_sfl,i_probe_mode=p_sfl,i_update_type=rank_local,i_num_build_keys_log=26,i_key_offset=0,i_key_stride_log=0,i_key_replication_log=0,i_reserve_keys_for_misses=0,i_num_updates_log=4,i_local_update_batch_size_log=1,i_num_probe_keys_log=27,i_miss_percentage=0,i_out_of_range_percentage=0,i_range_query_hit_count_log=0,i_exponent_bias=0,i_force_single_anyhit=1,i_perpendicular_rays=1,i_start_ray_at_zero=0,i_compaction=1,i_large_keys=0,i_closest_hit=0,i_skip_probing=1,i_num_rays_per_thread_log=0,i_force_uniform_keys=0,i_x_bits=23,i_y_bits=9,i_z_bits=0,i_debug=0,uncompacted_size=4383306496,final_size=3961399296,update_temp_buffer_size=285212800,convert_time_ms=9.62105560302734375,build_time_ms=109.94380950927734375,convert_build_time_ms=119.5648651123046875,convert_build_compact_time_ms=129.60934543609619141,compact_time_ms=10.044480323791503906,update_time_ms=29.97248077392578125,convert_and_update_time_ms=39.54083251953125,sort_time_ms=0,total_probe_time_ms=0
i_primitive=triangle,i_key_mode=3d,i_build_mode=b_sfl,i_probe_mode=p_sfl,i_update_type=rank_local,i_num_build_keys_log=26,i_key_offset=0,i_key_stride_log=0,i_key_replication_log=0,i_reserve_keys_for_misses=0,i_num_updates_log=8,i_local_update_batch_size_log=1,i_num_probe_keys_log=27,i_miss_percentage=0,i_out_of_range_percentage=0,i_range_query_hit_count_log=0,i_exponent_bias=0,i_force_single_anyhit=1,i_perpendicular_rays=1,i_start_ray_at_zero=0,i_compaction=1,i_large_keys=0,i_closest_hit=0,i_skip_probing=1,i_num_rays_per_thread_log=0,i_force_uniform_keys=0,i_x_bits=23,i_y_bits=9,i_z_bits=0,i_debug=0,uncompacted_size=4383306496,final_size=3961399040,update_temp_buffer_size=285212800,convert_time_ms=9.6078395843505859375,build_time_ms=108.590850830078125,convert_build_time_ms=118.19869041442871094,convert_build_compact_time_ms=128.22569847106933594,compact_time_ms=10.027008056640625,update_time_ms=29.937664031982421875,convert_and_update_time_ms=39.493056297302246094,sort_time_ms=0,total_probe_time_ms=0
i_primitive=triangle,i_key_mode=3d,i_build_mode=b_sfl,i_probe_mode=p_sfl,i_update_type=rank_local,i_num_build_keys_log=26,i_key_offset=0,i_key_stride_log=0,i_key_replication_log=0,i_reserve_keys_for_misses=0,i_num_updates_log=12,i_local_update_batch_size_log=1,i_num_probe_keys_log=27,i_miss_percentage=0,i_out_of_range_percentage=0,i_range_query_hit_count_log=0,i_exponent_bias=0,i_force_single_anyhit=1,i_perpendicular_rays=1,i_start_ray_at_zero=0,i_compaction=1,i_large_keys=0,i_closest_hit=0,i_skip_probing=1,i_num_rays_per_thread_log=0,i_force_uniform_keys=0,i_x_bits=23,i_y_bits=9,i_z_bits=0,i_debug=0,uncompacted_size=4383306496,final_size=3960580736,update_temp_buffer_size=285212800,convert_time_ms=9.6084804534912109375,build_time_ms=109.90064239501953125,convert_build_time_ms=119.50912284851074219,convert_build_compact_time_ms=130.04301071166992188,compact_time_ms=10.533887863159179688,update_time_ms=30.016511917114257812,convert_and_update_time_ms=39.5820159912109375,sort_time_ms=0,total_probe_time_ms=0
i_primitive=triangle,i_key_mode=3d,i_build_mode=b_sfl,i_probe_mode=p_sfl,i_update_type=rank_local,i_num_build_keys_log=26,i_key_offset=0,i_key_stride_log=0,i_key_replication_log=0,i_reserve_keys_for_misses=0,i_num_updates_log=16,i_local_update_batch_size_log=1,i_num_probe_keys_log=27,i_miss_percentage=0,i_out_of_range_percentage=0,i_range_query_hit_count_log=0,i_exponent_bias=0,i_force_single_anyhit=1,i_perpendicular_rays=1,i_start_ray_at_zero=0,i_compaction=1,i_large_keys=0,i_closest_hit=0,i_skip_probing=1,i_num_rays_per_thread_log=0,i_force_uniform_keys=0,i_x_bits=23,i_y_bits=9,i_z_bits=0,i_debug=0,uncompacted_size=4383306496,final_size=3961039360,update_temp_buffer_size=285212800,convert_time_ms=9.6248960494995117188,build_time_ms=109.1275482177734375,convert_build_time_ms=118.75244426727294922,convert_build_compact_time_ms=128.85010814666748047,compact_time_ms=10.09766387939453125,update_time_ms=29.908992767333984375,convert_and_update_time_ms=39.469600677490234375,sort_time_ms=0,total_probe_time_ms=0
i_primitive=triangle,i_key_mode=3d,i_build_mode=b_sfl,i_probe_mode=p_sfl,i_update_type=rank_local,i_num_build_keys_log=26,i_key_offset=0,i_key_stride_log=0,i_key_replication_log=0,i_reserve_keys_for_misses=0,i_num_updates_log=20,i_local_update_batch_size_log=1,i_num_probe_keys_log=27,i_miss_percentage=0,i_out_of_range_percentage=0,i_range_query_hit_count_log=0,i_exponent_bias=0,i_force_single_anyhit=1,i_perpendicular_rays=1,i_start_ray_at_zero=0,i_compaction=1,i_large_keys=0,i_closest_hit=0,i_skip_probing=1,i_num_rays_per_thread_log=0,i_force_uniform_keys=0,i_x_bits=23,i_y_bits=9,i_z_bits=0,i_debug=0,uncompacted_size=4383306496,final_size=3960868352,update_temp_buffer_size=285212800,convert_time_ms=9.6248636245727539062,build_time_ms=109.5464019775390625,convert_build_time_ms=119.17126560211181641,convert_build_compact_time_ms=129.216705322265625,compact_time_ms=10.045439720153808594,update_time_ms=29.96128082275390625,convert_and_update_time_ms=39.528000831604003906,sort_time_ms=0,total_probe_time_ms=0
i_primitive=triangle,i_key_mode=3d,i_build_mode=b_sfl,i_probe_mode=p_sfl,i_update_type=rank_local,i_num_build_keys_log=26,i_key_offset=0,i_key_stride_log=0,i_key_replication_log=0,i_reserve_keys_for_misses=0,i_num_updates_log=24,i_local_update_batch_size_log=1,i_num_probe_keys_log=27,i_miss_percentage=0,i_out_of_range_percentage=0,i_range_query_hit_count_log=0,i_exponent_bias=0,i_force_single_anyhit=1,i_perpendicular_rays=1,i_start_ray_at_zero=0,i_compaction=1,i_large_keys=0,i_closest_hit=0,i_skip_probing=1,i_num_rays_per_thread_log=0,i_force_uniform_keys=0,i_x_bits=23,i_y_bits=9,i_z_bits=0,i_debug=0,uncompacted_size=4383306496,final_size=3961599360,update_temp_buffer_size=285212800,convert_time_ms=9.6226558685302734375,build_time_ms=109.61090850830078125,convert_build_time_ms=119.23356437683105469,convert_build_compact_time_ms=129.97942066192626953,compact_time_ms=10.745856285095214844,update_time_ms=29.900800704956054688,convert_and_update_time_ms=39.510304450988769531,sort_time_ms=0,total_probe_time_ms=0
i_primitive=triangle,i_key_mode=3d,i_build_mode=b_asc,i_probe_mode=p_sfl,i_update_type=rank_local,i_num_build_keys_log=26,i_key_offset=0,i_key_stride_log=0,i_key_replication_log=0,i_reserve_keys_for_misses=0,i_num_updates_log=0,i_local_update_batch_size_log=1,i_num_probe_keys_log=27,i_miss_percentage=0,i_out_of_range_percentage=0,i_range_query_hit_count_log=0,i_exponent_bias=0,i_force_single_anyhit=1,i_perpendicular_rays=1,i_start_ray_at_zero=0,i_compaction=1,i_large_keys=0,i_closest_hit=0,i_skip_probing=1,i_num_rays_per_thread_log=0,i_force_uniform_keys=0,i_x_bits=23,i_y_bits=9,i_z_bits=0,i_debug=0,uncompacted_size=3805310464,final_size=2399951744,update_temp_buffer_size=0,convert_time_ms=9.6220483779907226562,build_time_ms=91.82003021240234375,convert_build_time_ms=101.44207859039306641,convert_build_compact_time_ms=107.68966245651245117,compact_time_ms=6.2475838661193847656,update_time_ms=0,convert_and_update_time_ms=0,sort_time_ms=0,total_probe_time_ms=0
i_primitive=triangle,i_key_mode=3d,i_build_mode=b_asc,i_probe_mode=p_sfl,i_update_type=rank_local,i_num_build_keys_log=26,i_key_offset=0,i_key_stride_log=0,i_key_replication_log=0,i_reserve_keys_for_misses=0,i_num_updates_log=4,i_local_update_batch_size_log=1,i_num_probe_keys_log=27,i_miss_percentage=0,i_out_of_range_percentage=0,i_range_query_hit_count_log=0,i_exponent_bias=0,i_force_single_anyhit=1,i_perpendicular_rays=1,i_start_ray_at_zero=0,i_compaction=1,i_large_keys=0,i_closest_hit=0,i_skip_probing=1,i_num_rays_per_thread_log=0,i_force_uniform_keys=0,i_x_bits=23,i_y_bits=9,i_z_bits=0,i_debug=0,uncompacted_size=4383306496,final_size=3962136576,update_temp_buffer_size=285212800,convert_time_ms=9.6156482696533203125,build_time_ms=91.33650970458984375,convert_build_time_ms=100.95215797424316406,convert_build_compact_time_ms=111.02527809143066406,compact_time_ms=10.0731201171875,update_time_ms=16.994304656982421875,convert_and_update_time_ms=26.559424400329589844,sort_time_ms=0,total_probe_time_ms=0
i_primitive=triangle,i_key_mode=3d,i_build_mode=b_asc,i_probe_mode=p_sfl,i_update_type=rank_local,i_num_build_keys_log=26,i_key_offset=0,i_key_stride_log=0,i_key_replication_log=0,i_reserve_keys_for_misses=0,i_num_updates_log=8,i_local_update_batch_size_log=1,i_num_probe_keys_log=27,i_miss_percentage=0,i_out_of_range_percentage=0,i_range_query_hit_count_log=0,i_exponent_bias=0,i_force_single_anyhit=1,i_perpendicular_rays=1,i_start_ray_at_zero=0,i_compaction=1,i_large_keys=0,i_closest_hit=0,i_skip_probing=1,i_num_rays_per_thread_log=0,i_force_uniform_keys=0,i_x_bits=23,i_y_bits=9,i_z_bits=0,i_debug=0,uncompacted_size=4383306496,final_size=3961399296,update_temp_buffer_size=285212800,convert_time_ms=9.6062402725219726562,build_time_ms=90.16422271728515625,convert_build_time_ms=99.770462989807128906,convert_build_compact_time_ms=109.81795120239257812,compact_time_ms=10.047488212585449219,update_time_ms=16.96460723876953125,convert_and_update_time_ms=26.524478912353515625,sort_time_ms=0,total_probe_time_ms=0
i_primitive=triangle,i_key_mode=3d,i_build_mode=b_asc,i_probe_mode=p_sfl,i_update_type=rank_local,i_num_build_keys_log=26,i_key_offset=0,i_key_stride_log=0,i_key_replication_log=0,i_reserve_keys_for_misses=0,i_num_updates_log=12,i_local_update_batch_size_log=1,i_num_probe_keys_log=27,i_miss_percentage=0,i_out_of_range_percentage=0,i_range_query_hit_count_log=0,i_exponent_bias=0,i_force_single_anyhit=1,i_perpendicular_rays=1,i_start_ray_at_zero=0,i_compaction=1,i_large_keys=0,i_closest_hit=0,i_skip_probing=1,i_num_rays_per_thread_log=0,i_force_uniform_keys=0,i_x_bits=23,i_y_bits=9,i_z_bits=0,i_debug=0,uncompacted_size=4383306496,final_size=3961399296,update_temp_buffer_size=285212800,convert_time_ms=9.6089277267456054688,build_time_ms=90.57894134521484375,convert_build_time_ms=100.18786907196044922,convert_build_compact_time_ms=110.18825340270996094,compact_time_ms=10.000384330749511719,update_time_ms=16.914432525634765625,convert_and_update_time_ms=26.474272727966308594,sort_time_ms=0,total_probe_time_ms=0
i_primitive=triangle,i_key_mode=3d,i_build_mode=b_asc,i_probe_mode=p_sfl,i_update_type=rank_local,i_num_build_keys_log=26,i_key_offset=0,i_key_stride_log=0,i_key_replication_log=0,i_reserve_keys_for_misses=0,i_num_updates_log=16,i_local_update_batch_size_log=1,i_num_probe_keys_log=27,i_miss_percentage=0,i_out_of_range_percentage=0,i_range_query_hit_count_log=0,i_exponent_bias=0,i_force_single_anyhit=1,i_perpendicular_rays=1,i_start_ray_at_zero=0,i_compaction=1,i_large_keys=0,i_closest_hit=0,i_skip_probing=1,i_num_rays_per_thread_log=0,i_force_uniform_keys=0,i_x_bits=23,i_y_bits=9,i_z_bits=0,i_debug=0,uncompacted_size=4383306496,final_size=3962136576,update_temp_buffer_size=285212800,convert_time_ms=9.6119680404663085938,build_time_ms=91.00179290771484375,convert_build_time_ms=100.61376094818115234,convert_build_compact_time_ms=110.66944122314453125,compact_time_ms=10.055680274963378906,update_time_ms=16.85113525390625,convert_and_update_time_ms=26.415551185607910156,sort_time_ms=0,total_probe_time_ms=0
i_primitive=triangle,i_key_mode=3d,i_build_mode=b_asc,i_probe_mode=p_sfl,i_update_type=rank_local,i_num_build_keys_log=26,i_key_offset=0,i_key_stride_log=0,i_key_replication_log=0,i_reserve_keys_for_misses=0,i_num_updates_log=20,i_local_update_batch_size_log=1,i_num_probe_keys_log=27,i_miss_percentage=0,i_out_of_range_percentage=0,i_range_query_hit_count_log=0,i_exponent_bias=0,i_force_single_anyhit=1,i_perpendicular_rays=1,i_start_ray_at_zero=0,i_compaction=1,i_large_keys=0,i_closest_hit=0,i_skip_probing=1,i_num_rays_per_thread_log=0,i_force_uniform_keys=0,i_x_bits=23,i_y_bits=9,i_z_bits=0,i_debug=0,uncompacted_size=4383306496,final_size=3962136576,update_temp_buffer_size=285212800,convert_time_ms=9.6119356155395507812,build_time_ms=91.7368621826171875,convert_build_time_ms=101.34879779815673828,convert_build_compact_time_ms=111.39218997955322266,compact_time_ms=10.043392181396484375,update_time_ms=16.92342376708984375,convert_and_update_time_ms=26.490719795227050781,sort_time_ms=0,total_probe_time_ms=0
i_primitive=triangle,i_key_mode=3d,i_build_mode=b_asc,i_probe_mode=p_sfl,i_update_type=rank_local,i_num_build_keys_log=26,i_key_offset=0,i_key_stride_log=0,i_key_replication_log=0,i_reserve_keys_for_misses=0,i_num_updates_log=24,i_local_update_batch_size_log=1,i_num_probe_keys_log=27,i_miss_percentage=0,i_out_of_range_percentage=0,i_range_query_hit_count_log=0,i_exponent_bias=0,i_force_single_anyhit=1,i_perpendicular_rays=1,i_start_ray_at_zero=0,i_compaction=1,i_large_keys=0,i_closest_hit=0,i_skip_probing=1,i_num_rays_per_thread_log=0,i_force_uniform_keys=0,i_x_bits=23,i_y_bits=9,i_z_bits=0,i_debug=0,uncompacted_size=4383306496,final_size=3961399040,update_temp_buffer_size=285212800,convert_time_ms=9.6162881851196289062,build_time_ms=89.88262176513671875,convert_build_time_ms=99.498909950256347656,convert_build_compact_time_ms=109.53820610046386719,compact_time_ms=10.039296150207519531,update_time_ms=16.939008712768554688,convert_and_update_time_ms=26.507520675659179688,sort_time_ms=0,total_probe_time_ms=0
