i_primitive=triangle,i_key_mode=safe,i_build_mode=b_sfl,i_probe_mode=p_sfl,i_num_build_keys_log=21,i_key_offset=0,i_key_stride_log=0,i_key_replication_log=0,i_reserve_keys_for_misses=0,i_local_updates=0,i_num_updates_log=0,i_num_probe_keys_log=27,i_miss_percentage=0,i_out_of_range_percentage=0,i_range_query_hit_count_log=0,i_exponent_bias=-20,i_force_single_anyhit=1,i_perpendicular_rays=1,i_start_ray_at_zero=1,i_compaction=1,i_large_keys=0,i_closest_hit=0,i_skip_probing=0,i_num_rays_per_thread_log=0,i_decomposition_bits=22,i_debug=0,uncompacted_size=118918656,final_size=72198912,update_temp_buffer_size=0,convert_time_ms=0.36252799630165100098,build_time_ms=5.7067518234252929688,convert_build_time_ms=6.0692798197269439697,convert_build_compact_time_ms=6.3273278176784515381,compact_time_ms=0.25804799795150756836,update_time_ms=0,convert_and_update_time_ms=0,sort_time_ms=0,total_probe_time_ms=65.264002990722659092
i_primitive=triangle,i_key_mode=safe,i_build_mode=b_sfl,i_probe_mode=p_sfl,i_num_build_keys_log=21,i_key_offset=0,i_key_stride_log=0,i_key_replication_log=0,i_reserve_keys_for_misses=0,i_local_updates=0,i_num_updates_log=0,i_num_probe_keys_log=27,i_miss_percentage=0,i_out_of_range_percentage=0,i_range_query_hit_count_log=0,i_exponent_bias=-10,i_force_single_anyhit=1,i_perpendicular_rays=1,i_start_ray_at_zero=1,i_compaction=1,i_large_keys=0,i_closest_hit=0,i_skip_probing=0,i_num_rays_per_thread_log=0,i_decomposition_bits=22,i_debug=0,uncompacted_size=118918656,final_size=72191744,update_temp_buffer_size=0,convert_time_ms=0.3618240058422088623,build_time_ms=5.7392001152038574219,convert_build_time_ms=6.1010241210460662842,convert_build_compact_time_ms=6.3611201345920562744,compact_time_ms=0.26009601354598999023,update_time_ms=0,convert_and_update_time_ms=0,sort_time_ms=0,total_probe_time_ms=65.262553405761721592
i_primitive=triangle,i_key_mode=safe,i_build_mode=b_sfl,i_probe_mode=p_sfl,i_num_build_keys_log=21,i_key_offset=0,i_key_stride_log=0,i_key_replication_log=0,i_reserve_keys_for_misses=0,i_local_updates=0,i_num_updates_log=0,i_num_probe_keys_log=27,i_miss_percentage=0,i_out_of_range_percentage=0,i_range_query_hit_count_log=0,i_exponent_bias=0,i_force_single_anyhit=1,i_perpendicular_rays=1,i_start_ray_at_zero=1,i_compaction=1,i_large_keys=0,i_closest_hit=0,i_skip_probing=0,i_num_rays_per_thread_log=0,i_decomposition_bits=22,i_debug=0,uncompacted_size=118918656,final_size=72215296,update_temp_buffer_size=0,convert_time_ms=0.35152000188827514648,build_time_ms=5.7292799949645996094,convert_build_time_ms=6.0807999968528747559,convert_build_compact_time_ms=6.3397760093212127686,compact_time_ms=0.2589760124683380127,update_time_ms=0,convert_and_update_time_ms=0,sort_time_ms=0,total_probe_time_ms=65.176538848876958809
i_primitive=triangle,i_key_mode=safe,i_build_mode=b_sfl,i_probe_mode=p_sfl,i_num_build_keys_log=21,i_key_offset=0,i_key_stride_log=0,i_key_replication_log=0,i_reserve_keys_for_misses=0,i_local_updates=0,i_num_updates_log=0,i_num_probe_keys_log=27,i_miss_percentage=0,i_out_of_range_percentage=0,i_range_query_hit_count_log=0,i_exponent_bias=10,i_force_single_anyhit=1,i_perpendicular_rays=1,i_start_ray_at_zero=1,i_compaction=1,i_large_keys=0,i_closest_hit=0,i_skip_probing=0,i_num_rays_per_thread_log=0,i_decomposition_bits=22,i_debug=0,uncompacted_size=118918656,final_size=72176000,update_temp_buffer_size=0,convert_time_ms=0.36428800225257873535,build_time_ms=5.74259185791015625,convert_build_time_ms=6.1068798601627349854,convert_build_compact_time_ms=6.3720958530902862549,compact_time_ms=0.26521599292755126953,update_time_ms=0,convert_and_update_time_ms=0,sort_time_ms=0,total_probe_time_ms=65.163702392578130684
i_primitive=triangle,i_key_mode=safe,i_build_mode=b_sfl,i_probe_mode=p_sfl,i_num_build_keys_log=21,i_key_offset=0,i_key_stride_log=0,i_key_replication_log=0,i_reserve_keys_for_misses=0,i_local_updates=0,i_num_updates_log=0,i_num_probe_keys_log=27,i_miss_percentage=0,i_out_of_range_percentage=0,i_range_query_hit_count_log=0,i_exponent_bias=20,i_force_single_anyhit=1,i_perpendicular_rays=1,i_start_ray_at_zero=1,i_compaction=1,i_large_keys=0,i_closest_hit=0,i_skip_probing=0,i_num_rays_per_thread_log=0,i_decomposition_bits=22,i_debug=0,uncompacted_size=118918656,final_size=72189184,update_temp_buffer_size=0,convert_time_ms=0.36329600214958190918,build_time_ms=5.7323517799377441406,convert_build_time_ms=6.0956477820873260498,convert_build_compact_time_ms=6.3555197715759277344,compact_time_ms=0.25987198948860168457,update_time_ms=0,convert_and_update_time_ms=0,sort_time_ms=0,total_probe_time_ms=65.207322692871088066
i_primitive=triangle,i_key_mode=unsafe,i_build_mode=b_sfl,i_probe_mode=p_sfl,i_num_build_keys_log=21,i_key_offset=0,i_key_stride_log=0,i_key_replication_log=0,i_reserve_keys_for_misses=0,i_local_updates=0,i_num_updates_log=0,i_num_probe_keys_log=27,i_miss_percentage=0,i_out_of_range_percentage=0,i_range_query_hit_count_log=0,i_exponent_bias=-20,i_force_single_anyhit=1,i_perpendicular_rays=1,i_start_ray_at_zero=1,i_compaction=1,i_large_keys=0,i_closest_hit=0,i_skip_probing=0,i_num_rays_per_thread_log=0,i_decomposition_bits=22,i_debug=0,uncompacted_size=118918656,final_size=83155712,update_temp_buffer_size=0,convert_time_ms=0.35872000455856323242,build_time_ms=7.5591678619384765625,convert_build_time_ms=7.9178878664970397949,convert_build_compact_time_ms=8.2220158576965332031,compact_time_ms=0.3041279911994934082,update_time_ms=0,convert_and_update_time_ms=0,sort_time_ms=0,total_probe_time_ms=68.78387451171875
i_primitive=triangle,i_key_mode=unsafe,i_build_mode=b_sfl,i_probe_mode=p_sfl,i_num_build_keys_log=21,i_key_offset=0,i_key_stride_log=0,i_key_replication_log=0,i_reserve_keys_for_misses=0,i_local_updates=0,i_num_updates_log=0,i_num_probe_keys_log=27,i_miss_percentage=0,i_out_of_range_percentage=0,i_range_query_hit_count_log=0,i_exponent_bias=-10,i_force_single_anyhit=1,i_perpendicular_rays=1,i_start_ray_at_zero=1,i_compaction=1,i_large_keys=0,i_closest_hit=0,i_skip_probing=0,i_num_rays_per_thread_log=0,i_decomposition_bits=22,i_debug=0,uncompacted_size=118918656,final_size=83153920,update_temp_buffer_size=0,convert_time_ms=0.3595199882984161377,build_time_ms=7.5540480613708496094,convert_build_time_ms=7.9135680496692657471,convert_build_compact_time_ms=8.1992640495300292969,compact_time_ms=0.2856959998607635498,update_time_ms=0,convert_and_update_time_ms=0,sort_time_ms=0,total_probe_time_ms=68.633737182617181816
i_primitive=triangle,i_key_mode=unsafe,i_build_mode=b_sfl,i_probe_mode=p_sfl,i_num_build_keys_log=21,i_key_offset=0,i_key_stride_log=0,i_key_replication_log=0,i_reserve_keys_for_misses=0,i_local_updates=0,i_num_updates_log=0,i_num_probe_keys_log=27,i_miss_percentage=0,i_out_of_range_percentage=0,i_range_query_hit_count_log=0,i_exponent_bias=0,i_force_single_anyhit=1,i_perpendicular_rays=1,i_start_ray_at_zero=1,i_compaction=1,i_large_keys=0,i_closest_hit=0,i_skip_probing=0,i_num_rays_per_thread_log=0,i_decomposition_bits=22,i_debug=0,uncompacted_size=118918656,final_size=83492096,update_temp_buffer_size=0,convert_time_ms=0.34963199496269226074,build_time_ms=7.560192108154296875,convert_build_time_ms=7.9098241031169891357,convert_build_compact_time_ms=8.1943041086196899414,compact_time_ms=0.28448000550270080566,update_time_ms=0,convert_and_update_time_ms=0,sort_time_ms=0,total_probe_time_ms=68.6705474853515625
i_primitive=triangle,i_key_mode=unsafe,i_build_mode=b_sfl,i_probe_mode=p_sfl,i_num_build_keys_log=21,i_key_offset=0,i_key_stride_log=0,i_key_replication_log=0,i_reserve_keys_for_misses=0,i_local_updates=0,i_num_updates_log=0,i_num_probe_keys_log=27,i_miss_percentage=0,i_out_of_range_percentage=0,i_range_query_hit_count_log=0,i_exponent_bias=10,i_force_single_anyhit=1,i_perpendicular_rays=1,i_start_ray_at_zero=1,i_compaction=1,i_large_keys=0,i_closest_hit=0,i_skip_probing=0,i_num_rays_per_thread_log=0,i_decomposition_bits=22,i_debug=0,uncompacted_size=118918656,final_size=83492736,update_temp_buffer_size=0,convert_time_ms=0.36332800984382629395,build_time_ms=7.5599999427795410156,convert_build_time_ms=7.9233279526233673096,convert_build_compact_time_ms=8.2282879650592803955,compact_time_ms=0.30496001243591308594,update_time_ms=0,convert_and_update_time_ms=0,sort_time_ms=0,total_probe_time_ms=68.559026336669916191
i_primitive=triangle,i_key_mode=unsafe,i_build_mode=b_sfl,i_probe_mode=p_sfl,i_num_build_keys_log=21,i_key_offset=0,i_key_stride_log=0,i_key_replication_log=0,i_reserve_keys_for_misses=0,i_local_updates=0,i_num_updates_log=0,i_num_probe_keys_log=27,i_miss_percentage=0,i_out_of_range_percentage=0,i_range_query_hit_count_log=0,i_exponent_bias=20,i_force_single_anyhit=1,i_perpendicular_rays=1,i_start_ray_at_zero=1,i_compaction=1,i_large_keys=0,i_closest_hit=0,i_skip_probing=0,i_num_rays_per_thread_log=0,i_decomposition_bits=22,i_debug=0,uncompacted_size=118918656,final_size=83494528,update_temp_buffer_size=0,convert_time_ms=0.3611519932746887207,build_time_ms=7.5776000022888183594,convert_build_time_ms=7.9387519955635070801,convert_build_compact_time_ms=8.2295680046081542969,compact_time_ms=0.2908160090446472168,update_time_ms=0,convert_and_update_time_ms=0,sort_time_ms=0,total_probe_time_ms=68.610137176513674717
i_primitive=triangle,i_key_mode=ext,i_build_mode=b_sfl,i_probe_mode=p_sfl,i_num_build_keys_log=21,i_key_offset=0,i_key_stride_log=0,i_key_replication_log=0,i_reserve_keys_for_misses=0,i_local_updates=0,i_num_updates_log=0,i_num_probe_keys_log=27,i_miss_percentage=0,i_out_of_range_percentage=0,i_range_query_hit_count_log=0,i_exponent_bias=-20,i_force_single_anyhit=1,i_perpendicular_rays=1,i_start_ray_at_zero=1,i_compaction=1,i_large_keys=0,i_closest_hit=0,i_skip_probing=0,i_num_rays_per_thread_log=0,i_decomposition_bits=22,i_debug=0,uncompacted_size=118918656,final_size=83769472,update_temp_buffer_size=0,convert_time_ms=0.35315200686454772949,build_time_ms=5.9596800804138183594,convert_build_time_ms=6.3128320872783660889,convert_build_compact_time_ms=6.6002560853958129883,compact_time_ms=0.28742399811744689941,update_time_ms=0,convert_and_update_time_ms=0,sort_time_ms=0,total_probe_time_ms=67.590816497802734375
i_primitive=triangle,i_key_mode=ext,i_build_mode=b_sfl,i_probe_mode=p_sfl,i_num_build_keys_log=21,i_key_offset=0,i_key_stride_log=0,i_key_replication_log=0,i_reserve_keys_for_misses=0,i_local_updates=0,i_num_updates_log=0,i_num_probe_keys_log=27,i_miss_percentage=0,i_out_of_range_percentage=0,i_range_query_hit_count_log=0,i_exponent_bias=-10,i_force_single_anyhit=1,i_perpendicular_rays=1,i_start_ray_at_zero=1,i_compaction=1,i_large_keys=0,i_closest_hit=0,i_skip_probing=0,i_num_rays_per_thread_log=0,i_decomposition_bits=22,i_debug=0,uncompacted_size=118918656,final_size=83775104,update_temp_buffer_size=0,convert_time_ms=0.35347199440002441406,build_time_ms=5.9391999244689941406,convert_build_time_ms=6.2926719188690185547,convert_build_compact_time_ms=6.5916799306869506836,compact_time_ms=0.29900801181793212891,update_time_ms=0,convert_and_update_time_ms=0,sort_time_ms=0,total_probe_time_ms=67.615113830566400566
i_primitive=triangle,i_key_mode=ext,i_build_mode=b_sfl,i_probe_mode=p_sfl,i_num_build_keys_log=21,i_key_offset=0,i_key_stride_log=0,i_key_replication_log=0,i_reserve_keys_for_misses=0,i_local_updates=0,i_num_updates_log=0,i_num_probe_keys_log=27,i_miss_percentage=0,i_out_of_range_percentage=0,i_range_query_hit_count_log=0,i_exponent_bias=0,i_force_single_anyhit=1,i_perpendicular_rays=1,i_start_ray_at_zero=1,i_compaction=1,i_large_keys=0,i_closest_hit=0,i_skip_probing=0,i_num_rays_per_thread_log=0,i_decomposition_bits=22,i_debug=0,uncompacted_size=118918656,final_size=83769472,update_temp_buffer_size=0,convert_time_ms=0.36259201169013977051,build_time_ms=6.0139517784118652344,convert_build_time_ms=6.3765437901020050049,convert_build_compact_time_ms=6.677599787712097168,compact_time_ms=0.30105599761009216309,update_time_ms=0,convert_and_update_time_ms=0,sort_time_ms=0,total_probe_time_ms=67.555181121826166191
i_primitive=triangle,i_key_mode=ext,i_build_mode=b_sfl,i_probe_mode=p_sfl,i_num_build_keys_log=21,i_key_offset=0,i_key_stride_log=0,i_key_replication_log=0,i_reserve_keys_for_misses=0,i_local_updates=0,i_num_updates_log=0,i_num_probe_keys_log=27,i_miss_percentage=0,i_out_of_range_percentage=0,i_range_query_hit_count_log=0,i_exponent_bias=10,i_force_single_anyhit=1,i_perpendicular_rays=1,i_start_ray_at_zero=1,i_compaction=1,i_large_keys=0,i_closest_hit=0,i_skip_probing=0,i_num_rays_per_thread_log=0,i_decomposition_bits=22,i_debug=0,uncompacted_size=118918656,final_size=83799040,update_temp_buffer_size=0,convert_time_ms=0.35295999050140380859,build_time_ms=5.9504637718200683594,convert_build_time_ms=6.303423762321472168,convert_build_compact_time_ms=6.5921917557716369629,compact_time_ms=0.28876799345016479492,update_time_ms=0,convert_and_update_time_ms=0,sort_time_ms=0,total_probe_time_ms=67.658238220214840908
i_primitive=triangle,i_key_mode=ext,i_build_mode=b_sfl,i_probe_mode=p_sfl,i_num_build_keys_log=21,i_key_offset=0,i_key_stride_log=0,i_key_replication_log=0,i_reserve_keys_for_misses=0,i_local_updates=0,i_num_updates_log=0,i_num_probe_keys_log=27,i_miss_percentage=0,i_out_of_range_percentage=0,i_range_query_hit_count_log=0,i_exponent_bias=20,i_force_single_anyhit=1,i_perpendicular_rays=1,i_start_ray_at_zero=1,i_compaction=1,i_large_keys=0,i_closest_hit=0,i_skip_probing=0,i_num_rays_per_thread_log=0,i_decomposition_bits=22,i_debug=0,uncompacted_size=118918656,final_size=83769472,update_temp_buffer_size=0,convert_time_ms=0.3534399867057800293,build_time_ms=5.9996161460876464844,convert_build_time_ms=6.3530561327934265137,convert_build_compact_time_ms=6.6561601459980010986,compact_time_ms=0.30310401320457458496,update_time_ms=0,convert_and_update_time_ms=0,sort_time_ms=0,total_probe_time_ms=67.543894195556646309
i_primitive=triangle,i_key_mode=3d,i_build_mode=b_sfl,i_probe_mode=p_sfl,i_num_build_keys_log=21,i_key_offset=0,i_key_stride_log=0,i_key_replication_log=0,i_reserve_keys_for_misses=0,i_local_updates=0,i_num_updates_log=0,i_num_probe_keys_log=27,i_miss_percentage=0,i_out_of_range_percentage=0,i_range_query_hit_count_log=0,i_exponent_bias=-20,i_force_single_anyhit=1,i_perpendicular_rays=1,i_start_ray_at_zero=1,i_compaction=1,i_large_keys=0,i_closest_hit=0,i_skip_probing=0,i_num_rays_per_thread_log=0,i_decomposition_bits=22,i_debug=0,uncompacted_size=118918656,final_size=72190976,update_temp_buffer_size=0,convert_time_ms=0.35843199491500854492,build_time_ms=5.7067518234252929688,convert_build_time_ms=6.0651838183403015137,convert_build_compact_time_ms=6.3263038098812103271,compact_time_ms=0.26111999154090881348,update_time_ms=0,convert_and_update_time_ms=0,sort_time_ms=0,total_probe_time_ms=65.152496337890625
i_primitive=triangle,i_key_mode=3d,i_build_mode=b_sfl,i_probe_mode=p_sfl,i_num_build_keys_log=21,i_key_offset=0,i_key_stride_log=0,i_key_replication_log=0,i_reserve_keys_for_misses=0,i_local_updates=0,i_num_updates_log=0,i_num_probe_keys_log=27,i_miss_percentage=0,i_out_of_range_percentage=0,i_range_query_hit_count_log=0,i_exponent_bias=-10,i_force_single_anyhit=1,i_perpendicular_rays=1,i_start_ray_at_zero=1,i_compaction=1,i_large_keys=0,i_closest_hit=0,i_skip_probing=0,i_num_rays_per_thread_log=0,i_decomposition_bits=22,i_debug=0,uncompacted_size=118918656,final_size=72171520,update_temp_buffer_size=0,convert_time_ms=0.35814398527145385742,build_time_ms=5.7569279670715332031,convert_build_time_ms=6.1150719523429870605,convert_build_compact_time_ms=6.3728639483451843262,compact_time_ms=0.25779199600219726562,update_time_ms=0,convert_and_update_time_ms=0,sort_time_ms=0,total_probe_time_ms=65.154019165039059658
i_primitive=triangle,i_key_mode=3d,i_build_mode=b_sfl,i_probe_mode=p_sfl,i_num_build_keys_log=21,i_key_offset=0,i_key_stride_log=0,i_key_replication_log=0,i_reserve_keys_for_misses=0,i_local_updates=0,i_num_updates_log=0,i_num_probe_keys_log=27,i_miss_percentage=0,i_out_of_range_percentage=0,i_range_query_hit_count_log=0,i_exponent_bias=0,i_force_single_anyhit=1,i_perpendicular_rays=1,i_start_ray_at_zero=1,i_compaction=1,i_large_keys=0,i_closest_hit=0,i_skip_probing=0,i_num_rays_per_thread_log=0,i_decomposition_bits=22,i_debug=0,uncompacted_size=118918656,final_size=72181248,update_temp_buffer_size=0,convert_time_ms=0.35398399829864501953,build_time_ms=5.7241601943969726562,convert_build_time_ms=6.0781441926956176758,convert_build_compact_time_ms=6.3402881920337677002,compact_time_ms=0.26214399933815002441,update_time_ms=0,convert_and_update_time_ms=0,sort_time_ms=0,total_probe_time_ms=65.251599884033197441
i_primitive=triangle,i_key_mode=3d,i_build_mode=b_sfl,i_probe_mode=p_sfl,i_num_build_keys_log=21,i_key_offset=0,i_key_stride_log=0,i_key_replication_log=0,i_reserve_keys_for_misses=0,i_local_updates=0,i_num_updates_log=0,i_num_probe_keys_log=27,i_miss_percentage=0,i_out_of_range_percentage=0,i_range_query_hit_count_log=0,i_exponent_bias=10,i_force_single_anyhit=1,i_perpendicular_rays=1,i_start_ray_at_zero=1,i_compaction=1,i_large_keys=0,i_closest_hit=0,i_skip_probing=0,i_num_rays_per_thread_log=0,i_decomposition_bits=22,i_debug=0,uncompacted_size=118918656,final_size=72199040,update_temp_buffer_size=0,convert_time_ms=0.35807999968528747559,build_time_ms=5.7231359481811523438,convert_build_time_ms=6.0812159478664398193,convert_build_compact_time_ms=6.3382399380207061768,compact_time_ms=0.25702399015426635742,update_time_ms=0,convert_and_update_time_ms=0,sort_time_ms=0,total_probe_time_ms=65.34659576416015625
i_primitive=triangle,i_key_mode=3d,i_build_mode=b_sfl,i_probe_mode=p_sfl,i_num_build_keys_log=21,i_key_offset=0,i_key_stride_log=0,i_key_replication_log=0,i_reserve_keys_for_misses=0,i_local_updates=0,i_num_updates_log=0,i_num_probe_keys_log=27,i_miss_percentage=0,i_out_of_range_percentage=0,i_range_query_hit_count_log=0,i_exponent_bias=20,i_force_single_anyhit=1,i_perpendicular_rays=1,i_start_ray_at_zero=1,i_compaction=1,i_large_keys=0,i_closest_hit=0,i_skip_probing=0,i_num_rays_per_thread_log=0,i_decomposition_bits=22,i_debug=0,uncompacted_size=118918656,final_size=72203776,update_temp_buffer_size=0,convert_time_ms=0.35916799306869506836,build_time_ms=5.7149438858032226562,convert_build_time_ms=6.0741118788719177246,convert_build_compact_time_ms=6.332159876823425293,compact_time_ms=0.25804799795150756836,update_time_ms=0,convert_and_update_time_ms=0,sort_time_ms=0,total_probe_time_ms=65.219641876220705967
i_primitive=triangle,i_key_mode=safe,i_build_mode=b_sfl,i_probe_mode=p_sfl,i_num_build_keys_log=22,i_key_offset=0,i_key_stride_log=0,i_key_replication_log=0,i_reserve_keys_for_misses=0,i_local_updates=0,i_num_updates_log=0,i_num_probe_keys_log=27,i_miss_percentage=0,i_out_of_range_percentage=0,i_range_query_hit_count_log=0,i_exponent_bias=-20,i_force_single_anyhit=1,i_perpendicular_rays=1,i_start_ray_at_zero=1,i_compaction=1,i_large_keys=0,i_closest_hit=0,i_skip_probing=0,i_num_rays_per_thread_log=0,i_decomposition_bits=22,i_debug=0,uncompacted_size=237834624,final_size=142134912,update_temp_buffer_size=0,convert_time_ms=0.7026240229606628418,build_time_ms=10.903552055358886719,convert_build_time_ms=11.606176078319549561,convert_build_compact_time_ms=12.119200050830841064,compact_time_ms=0.51302397251129150391,update_time_ms=0,convert_and_update_time_ms=0,sort_time_ms=0,total_probe_time_ms=74.101925659179684658
i_primitive=triangle,i_key_mode=safe,i_build_mode=b_sfl,i_probe_mode=p_sfl,i_num_build_keys_log=22,i_key_offset=0,i_key_stride_log=0,i_key_replication_log=0,i_reserve_keys_for_misses=0,i_local_updates=0,i_num_updates_log=0,i_num_probe_keys_log=27,i_miss_percentage=0,i_out_of_range_percentage=0,i_range_query_hit_count_log=0,i_exponent_bias=-10,i_force_single_anyhit=1,i_perpendicular_rays=1,i_start_ray_at_zero=1,i_compaction=1,i_large_keys=0,i_closest_hit=0,i_skip_probing=0,i_num_rays_per_thread_log=0,i_decomposition_bits=22,i_debug=0,uncompacted_size=237834624,final_size=142664832,update_temp_buffer_size=0,convert_time_ms=0.70566397905349731445,build_time_ms=10.830847740173339844,convert_build_time_ms=11.536511719226837158,convert_build_compact_time_ms=12.041343748569488525,compact_time_ms=0.50483202934265136719,update_time_ms=0,convert_and_update_time_ms=0,sort_time_ms=0,total_probe_time_ms=74.2484283447265625
i_primitive=triangle,i_key_mode=safe,i_build_mode=b_sfl,i_probe_mode=p_sfl,i_num_build_keys_log=22,i_key_offset=0,i_key_stride_log=0,i_key_replication_log=0,i_reserve_keys_for_misses=0,i_local_updates=0,i_num_updates_log=0,i_num_probe_keys_log=27,i_miss_percentage=0,i_out_of_range_percentage=0,i_range_query_hit_count_log=0,i_exponent_bias=0,i_force_single_anyhit=1,i_perpendicular_rays=1,i_start_ray_at_zero=1,i_compaction=1,i_large_keys=0,i_closest_hit=0,i_skip_probing=0,i_num_rays_per_thread_log=0,i_decomposition_bits=22,i_debug=0,uncompacted_size=237834624,final_size=142484224,update_temp_buffer_size=0,convert_time_ms=0.68355202674865722656,build_time_ms=10.80319976806640625,convert_build_time_ms=11.486751794815063477,convert_build_compact_time_ms=11.992607772350311279,compact_time_ms=0.50585597753524780273,update_time_ms=0,convert_and_update_time_ms=0,sort_time_ms=0,total_probe_time_ms=74.117877960205078125
i_primitive=triangle,i_key_mode=safe,i_build_mode=b_sfl,i_probe_mode=p_sfl,i_num_build_keys_log=22,i_key_offset=0,i_key_stride_log=0,i_key_replication_log=0,i_reserve_keys_for_misses=0,i_local_updates=0,i_num_updates_log=0,i_num_probe_keys_log=27,i_miss_percentage=0,i_out_of_range_percentage=0,i_range_query_hit_count_log=0,i_exponent_bias=10,i_force_single_anyhit=1,i_perpendicular_rays=1,i_start_ray_at_zero=1,i_compaction=1,i_large_keys=0,i_closest_hit=0,i_skip_probing=0,i_num_rays_per_thread_log=0,i_decomposition_bits=22,i_debug=0,uncompacted_size=237834624,final_size=142837760,update_temp_buffer_size=0,convert_time_ms=0.70463997125625610352,build_time_ms=10.833696365356445312,convert_build_time_ms=11.538336336612701416,convert_build_compact_time_ms=12.047168314456939697,compact_time_ms=0.50883197784423828125,update_time_ms=0,convert_and_update_time_ms=0,sort_time_ms=0,total_probe_time_ms=74.328449249267578125
i_primitive=triangle,i_key_mode=safe,i_build_mode=b_sfl,i_probe_mode=p_sfl,i_num_build_keys_log=22,i_key_offset=0,i_key_stride_log=0,i_key_replication_log=0,i_reserve_keys_for_misses=0,i_local_updates=0,i_num_updates_log=0,i_num_probe_keys_log=27,i_miss_percentage=0,i_out_of_range_percentage=0,i_range_query_hit_count_log=0,i_exponent_bias=20,i_force_single_anyhit=1,i_perpendicular_rays=1,i_start_ray_at_zero=1,i_compaction=1,i_large_keys=0,i_closest_hit=0,i_skip_probing=0,i_num_rays_per_thread_log=0,i_decomposition_bits=22,i_debug=0,uncompacted_size=237834624,final_size=142785152,update_temp_buffer_size=0,convert_time_ms=0.70393598079681396484,build_time_ms=10.860544204711914062,convert_build_time_ms=11.564480185508728027,convert_build_compact_time_ms=12.076480209827423096,compact_time_ms=0.51200002431869506836,update_time_ms=0,convert_and_update_time_ms=0,sort_time_ms=0,total_probe_time_ms=74.241204833984369316
i_primitive=triangle,i_key_mode=unsafe,i_build_mode=b_sfl,i_probe_mode=p_sfl,i_num_build_keys_log=22,i_key_offset=0,i_key_stride_log=0,i_key_replication_log=0,i_reserve_keys_for_misses=0,i_local_updates=0,i_num_updates_log=0,i_num_probe_keys_log=27,i_miss_percentage=0,i_out_of_range_percentage=0,i_range_query_hit_count_log=0,i_exponent_bias=-20,i_force_single_anyhit=1,i_perpendicular_rays=1,i_start_ray_at_zero=1,i_compaction=1,i_large_keys=0,i_closest_hit=0,i_skip_probing=0,i_num_rays_per_thread_log=0,i_decomposition_bits=22,i_debug=0,uncompacted_size=237834624,final_size=165263488,update_temp_buffer_size=0,convert_time_ms=0.69551998376846313477,build_time_ms=12.090368270874023438,convert_build_time_ms=12.785888254642486572,convert_build_compact_time_ms=13.373664259910583496,compact_time_ms=0.58777600526809692383,update_time_ms=0,convert_and_update_time_ms=0,sort_time_ms=0,total_probe_time_ms=85.948160552978521309
i_primitive=triangle,i_key_mode=unsafe,i_build_mode=b_sfl,i_probe_mode=p_sfl,i_num_build_keys_log=22,i_key_offset=0,i_key_stride_log=0,i_key_replication_log=0,i_reserve_keys_for_misses=0,i_local_updates=0,i_num_updates_log=0,i_num_probe_keys_log=27,i_miss_percentage=0,i_out_of_range_percentage=0,i_range_query_hit_count_log=0,i_exponent_bias=-10,i_force_single_anyhit=1,i_perpendicular_rays=1,i_start_ray_at_zero=1,i_compaction=1,i_large_keys=0,i_closest_hit=0,i_skip_probing=0,i_num_rays_per_thread_log=0,i_decomposition_bits=22,i_debug=0,uncompacted_size=237834624,final_size=165780480,update_temp_buffer_size=0,convert_time_ms=0.69443202018737792969,build_time_ms=11.965120315551757812,convert_build_time_ms=12.659552335739135742,convert_build_compact_time_ms=13.249376356601715088,compact_time_ms=0.5898240208625793457,update_time_ms=0,convert_and_update_time_ms=0,sort_time_ms=0,total_probe_time_ms=86.001705932617184658
i_primitive=triangle,i_key_mode=unsafe,i_build_mode=b_sfl,i_probe_mode=p_sfl,i_num_build_keys_log=22,i_key_offset=0,i_key_stride_log=0,i_key_replication_log=0,i_reserve_keys_for_misses=0,i_local_updates=0,i_num_updates_log=0,i_num_probe_keys_log=27,i_miss_percentage=0,i_out_of_range_percentage=0,i_range_query_hit_count_log=0,i_exponent_bias=0,i_force_single_anyhit=1,i_perpendicular_rays=1,i_start_ray_at_zero=1,i_compaction=1,i_large_keys=0,i_closest_hit=0,i_skip_probing=0,i_num_rays_per_thread_log=0,i_decomposition_bits=22,i_debug=0,uncompacted_size=237834624,final_size=166539392,update_temp_buffer_size=0,convert_time_ms=0.68089598417282104492,build_time_ms=11.997183799743652344,convert_build_time_ms=12.678079783916473389,convert_build_compact_time_ms=13.265855789184570312,compact_time_ms=0.58777600526809692383,update_time_ms=0,convert_and_update_time_ms=0,sort_time_ms=0,total_probe_time_ms=86.426272583007815342
i_primitive=triangle,i_key_mode=unsafe,i_build_mode=b_sfl,i_probe_mode=p_sfl,i_num_build_keys_log=22,i_key_offset=0,i_key_stride_log=0,i_key_replication_log=0,i_reserve_keys_for_misses=0,i_local_updates=0,i_num_updates_log=0,i_num_probe_keys_log=27,i_miss_percentage=0,i_out_of_range_percentage=0,i_range_query_hit_count_log=0,i_exponent_bias=10,i_force_single_anyhit=1,i_perpendicular_rays=1,i_start_ray_at_zero=1,i_compaction=1,i_large_keys=0,i_closest_hit=0,i_skip_probing=0,i_num_rays_per_thread_log=0,i_decomposition_bits=22,i_debug=0,uncompacted_size=237834624,final_size=166210048,update_temp_buffer_size=0,convert_time_ms=0.69718402624130249023,build_time_ms=12.042240142822265625,convert_build_time_ms=12.739424169063568115,convert_build_compact_time_ms=13.327968180179595947,compact_time_ms=0.58854401111602783203,update_time_ms=0,convert_and_update_time_ms=0,sort_time_ms=0,total_probe_time_ms=85.929293823242190342
i_primitive=triangle,i_key_mode=unsafe,i_build_mode=b_sfl,i_probe_mode=p_sfl,i_num_build_keys_log=22,i_key_offset=0,i_key_stride_log=0,i_key_replication_log=0,i_reserve_keys_for_misses=0,i_local_updates=0,i_num_updates_log=0,i_num_probe_keys_log=27,i_miss_percentage=0,i_out_of_range_percentage=0,i_range_query_hit_count_log=0,i_exponent_bias=20,i_force_single_anyhit=1,i_perpendicular_rays=1,i_start_ray_at_zero=1,i_compaction=1,i_large_keys=0,i_closest_hit=0,i_skip_probing=0,i_num_rays_per_thread_log=0,i_decomposition_bits=22,i_debug=0,uncompacted_size=237834624,final_size=166273536,update_temp_buffer_size=0,convert_time_ms=0.69475197792053222656,build_time_ms=11.998208045959472656,convert_build_time_ms=12.692960023880004883,convert_build_compact_time_ms=13.283808052539825439,compact_time_ms=0.59084802865982055664,update_time_ms=0,convert_and_update_time_ms=0,sort_time_ms=0,total_probe_time_ms=86.173248291015625
i_primitive=triangle,i_key_mode=ext,i_build_mode=b_sfl,i_probe_mode=p_sfl,i_num_build_keys_log=22,i_key_offset=0,i_key_stride_log=0,i_key_replication_log=0,i_reserve_keys_for_misses=0,i_local_updates=0,i_num_updates_log=0,i_num_probe_keys_log=27,i_miss_percentage=0,i_out_of_range_percentage=0,i_range_query_hit_count_log=0,i_exponent_bias=-20,i_force_single_anyhit=1,i_perpendicular_rays=1,i_start_ray_at_zero=1,i_compaction=1,i_large_keys=0,i_closest_hit=0,i_skip_probing=0,i_num_rays_per_thread_log=0,i_decomposition_bits=22,i_debug=0,uncompacted_size=237834624,final_size=166053632,update_temp_buffer_size=0,convert_time_ms=0.68457597494125366211,build_time_ms=11.428863525390625,convert_build_time_ms=12.113439500331878662,convert_build_compact_time_ms=12.703263521194458008,compact_time_ms=0.5898240208625793457,update_time_ms=0,convert_and_update_time_ms=0,sort_time_ms=0,total_probe_time_ms=77.5617218017578125
i_primitive=triangle,i_key_mode=ext,i_build_mode=b_sfl,i_probe_mode=p_sfl,i_num_build_keys_log=22,i_key_offset=0,i_key_stride_log=0,i_key_replication_log=0,i_reserve_keys_for_misses=0,i_local_updates=0,i_num_updates_log=0,i_num_probe_keys_log=27,i_miss_percentage=0,i_out_of_range_percentage=0,i_range_query_hit_count_log=0,i_exponent_bias=-10,i_force_single_anyhit=1,i_perpendicular_rays=1,i_start_ray_at_zero=1,i_compaction=1,i_large_keys=0,i_closest_hit=0,i_skip_probing=0,i_num_rays_per_thread_log=0,i_decomposition_bits=22,i_debug=0,uncompacted_size=237834624,final_size=166072576,update_temp_buffer_size=0,convert_time_ms=0.68643200397491455078,build_time_ms=11.428863525390625,convert_build_time_ms=12.115295529365539551,convert_build_compact_time_ms=12.704095542430877686,compact_time_ms=0.58880001306533813477,update_time_ms=0,convert_and_update_time_ms=0,sort_time_ms=0,total_probe_time_ms=77.926387023925784092
i_primitive=triangle,i_key_mode=ext,i_build_mode=b_sfl,i_probe_mode=p_sfl,i_num_build_keys_log=22,i_key_offset=0,i_key_stride_log=0,i_key_replication_log=0,i_reserve_keys_for_misses=0,i_local_updates=0,i_num_updates_log=0,i_num_probe_keys_log=27,i_miss_percentage=0,i_out_of_range_percentage=0,i_range_query_hit_count_log=0,i_exponent_bias=0,i_force_single_anyhit=1,i_perpendicular_rays=1,i_start_ray_at_zero=1,i_compaction=1,i_large_keys=0,i_closest_hit=0,i_skip_probing=0,i_num_rays_per_thread_log=0,i_decomposition_bits=22,i_debug=0,uncompacted_size=237834624,final_size=166055168,update_temp_buffer_size=0,convert_time_ms=0.70198398828506469727,build_time_ms=11.547648429870605469,convert_build_time_ms=12.249632418155670166,convert_build_compact_time_ms=12.840288400650024414,compact_time_ms=0.59065598249435424805,update_time_ms=0,convert_and_update_time_ms=0,sort_time_ms=0,total_probe_time_ms=77.444750213623052559
i_primitive=triangle,i_key_mode=ext,i_build_mode=b_sfl,i_probe_mode=p_sfl,i_num_build_keys_log=22,i_key_offset=0,i_key_stride_log=0,i_key_replication_log=0,i_reserve_keys_for_misses=0,i_local_updates=0,i_num_updates_log=0,i_num_probe_keys_log=27,i_miss_percentage=0,i_out_of_range_percentage=0,i_range_query_hit_count_log=0,i_exponent_bias=10,i_force_single_anyhit=1,i_perpendicular_rays=1,i_start_ray_at_zero=1,i_compaction=1,i_large_keys=0,i_closest_hit=0,i_skip_probing=0,i_num_rays_per_thread_log=0,i_decomposition_bits=22,i_debug=0,uncompacted_size=237834624,final_size=166124928,update_temp_buffer_size=0,convert_time_ms=0.68534398078918457031,build_time_ms=11.447232246398925781,convert_build_time_ms=12.132576227188110352,convert_build_compact_time_ms=12.726496219635009766,compact_time_ms=0.59391999244689941406,update_time_ms=0,convert_and_update_time_ms=0,sort_time_ms=0,total_probe_time_ms=77.564316558837887783
i_primitive=triangle,i_key_mode=ext,i_build_mode=b_sfl,i_probe_mode=p_sfl,i_num_build_keys_log=22,i_key_offset=0,i_key_stride_log=0,i_key_replication_log=0,i_reserve_keys_for_misses=0,i_local_updates=0,i_num_updates_log=0,i_num_probe_keys_log=27,i_miss_percentage=0,i_out_of_range_percentage=0,i_range_query_hit_count_log=0,i_exponent_bias=20,i_force_single_anyhit=1,i_perpendicular_rays=1,i_start_ray_at_zero=1,i_compaction=1,i_large_keys=0,i_closest_hit=0,i_skip_probing=0,i_num_rays_per_thread_log=0,i_decomposition_bits=22,i_debug=0,uncompacted_size=237834624,final_size=166055424,update_temp_buffer_size=0,convert_time_ms=0.68703997135162353516,build_time_ms=11.469823837280273438,convert_build_time_ms=12.156863808631896973,convert_build_compact_time_ms=12.745663821697235107,compact_time_ms=0.58880001306533813477,update_time_ms=0,convert_and_update_time_ms=0,sort_time_ms=0,total_probe_time_ms=77.650927734375002842
i_primitive=triangle,i_key_mode=3d,i_build_mode=b_sfl,i_probe_mode=p_sfl,i_num_build_keys_log=22,i_key_offset=0,i_key_stride_log=0,i_key_replication_log=0,i_reserve_keys_for_misses=0,i_local_updates=0,i_num_updates_log=0,i_num_probe_keys_log=27,i_miss_percentage=0,i_out_of_range_percentage=0,i_range_query_hit_count_log=0,i_exponent_bias=-20,i_force_single_anyhit=1,i_perpendicular_rays=1,i_start_ray_at_zero=1,i_compaction=1,i_large_keys=0,i_closest_hit=0,i_skip_probing=0,i_num_rays_per_thread_log=0,i_decomposition_bits=22,i_debug=0,uncompacted_size=237834624,final_size=142780544,update_temp_buffer_size=0,convert_time_ms=0.69254398345947265625,build_time_ms=10.818559646606445312,convert_build_time_ms=11.511103630065917969,convert_build_compact_time_ms=12.032319605350494385,compact_time_ms=0.52121597528457641602,update_time_ms=0,convert_and_update_time_ms=0,sort_time_ms=0,total_probe_time_ms=74.231120300292971592
i_primitive=triangle,i_key_mode=3d,i_build_mode=b_sfl,i_probe_mode=p_sfl,i_num_build_keys_log=22,i_key_offset=0,i_key_stride_log=0,i_key_replication_log=0,i_reserve_keys_for_misses=0,i_local_updates=0,i_num_updates_log=0,i_num_probe_keys_log=27,i_miss_percentage=0,i_out_of_range_percentage=0,i_range_query_hit_count_log=0,i_exponent_bias=-10,i_force_single_anyhit=1,i_perpendicular_rays=1,i_start_ray_at_zero=1,i_compaction=1,i_large_keys=0,i_closest_hit=0,i_skip_probing=0,i_num_rays_per_thread_log=0,i_decomposition_bits=22,i_debug=0,uncompacted_size=237834624,final_size=142085120,update_temp_buffer_size=0,convert_time_ms=0.69279998540878295898,build_time_ms=10.92505645751953125,convert_build_time_ms=11.617856442928314209,convert_build_compact_time_ms=12.127808451652526855,compact_time_ms=0.50995200872421264648,update_time_ms=0,convert_and_update_time_ms=0,sort_time_ms=0,total_probe_time_ms=73.912553405761713066
i_primitive=triangle,i_key_mode=3d,i_build_mode=b_sfl,i_probe_mode=p_sfl,i_num_build_keys_log=22,i_key_offset=0,i_key_stride_log=0,i_key_replication_log=0,i_reserve_keys_for_misses=0,i_local_updates=0,i_num_updates_log=0,i_num_probe_keys_log=27,i_miss_percentage=0,i_out_of_range_percentage=0,i_range_query_hit_count_log=0,i_exponent_bias=0,i_force_single_anyhit=1,i_perpendicular_rays=1,i_start_ray_at_zero=1,i_compaction=1,i_large_keys=0,i_closest_hit=0,i_skip_probing=0,i_num_rays_per_thread_log=0,i_decomposition_bits=22,i_debug=0,uncompacted_size=237834624,final_size=142381184,update_temp_buffer_size=0,convert_time_ms=0.68672001361846923828,build_time_ms=10.856448173522949219,convert_build_time_ms=11.543168187141418457,convert_build_compact_time_ms=12.058240175247192383,compact_time_ms=0.51507198810577392578,update_time_ms=0,convert_and_update_time_ms=0,sort_time_ms=0,total_probe_time_ms=74.119547271728521309
i_primitive=triangle,i_key_mode=3d,i_build_mode=b_sfl,i_probe_mode=p_sfl,i_num_build_keys_log=22,i_key_offset=0,i_key_stride_log=0,i_key_replication_log=0,i_reserve_keys_for_misses=0,i_local_updates=0,i_num_updates_log=0,i_num_probe_keys_log=27,i_miss_percentage=0,i_out_of_range_percentage=0,i_range_query_hit_count_log=0,i_exponent_bias=10,i_force_single_anyhit=1,i_perpendicular_rays=1,i_start_ray_at_zero=1,i_compaction=1,i_large_keys=0,i_closest_hit=0,i_skip_probing=0,i_num_rays_per_thread_log=0,i_decomposition_bits=22,i_debug=0,uncompacted_size=237834624,final_size=142395008,update_temp_buffer_size=0,convert_time_ms=0.69219201803207397461,build_time_ms=10.849280357360839844,convert_build_time_ms=11.541472375392913818,convert_build_compact_time_ms=12.045280396938323975,compact_time_ms=0.50380802154541015625,update_time_ms=0,convert_and_update_time_ms=0,sort_time_ms=0,total_probe_time_ms=74.320133972167965908
i_primitive=triangle,i_key_mode=3d,i_build_mode=b_sfl,i_probe_mode=p_sfl,i_num_build_keys_log=22,i_key_offset=0,i_key_stride_log=0,i_key_replication_log=0,i_reserve_keys_for_misses=0,i_local_updates=0,i_num_updates_log=0,i_num_probe_keys_log=27,i_miss_percentage=0,i_out_of_range_percentage=0,i_range_query_hit_count_log=0,i_exponent_bias=20,i_force_single_anyhit=1,i_perpendicular_rays=1,i_start_ray_at_zero=1,i_compaction=1,i_large_keys=0,i_closest_hit=0,i_skip_probing=0,i_num_rays_per_thread_log=0,i_decomposition_bits=22,i_debug=0,uncompacted_size=237834624,final_size=142101248,update_temp_buffer_size=0,convert_time_ms=0.68947201967239379883,build_time_ms=10.954624176025390625,convert_build_time_ms=11.644096195697784424,convert_build_compact_time_ms=12.145856201648712158,compact_time_ms=0.50176000595092773438,update_time_ms=0,convert_and_update_time_ms=0,sort_time_ms=0,total_probe_time_ms=74.08638763427734375
i_primitive=triangle,i_key_mode=safe,i_build_mode=b_sfl,i_probe_mode=p_sfl,i_num_build_keys_log=23,i_key_offset=0,i_key_stride_log=0,i_key_replication_log=0,i_reserve_keys_for_misses=0,i_local_updates=0,i_num_updates_log=0,i_num_probe_keys_log=27,i_miss_percentage=0,i_out_of_range_percentage=0,i_range_query_hit_count_log=0,i_exponent_bias=-20,i_force_single_anyhit=1,i_perpendicular_rays=1,i_start_ray_at_zero=1,i_compaction=1,i_large_keys=0,i_closest_hit=0,i_skip_probing=0,i_num_rays_per_thread_log=0,i_decomposition_bits=22,i_debug=0,uncompacted_size=475666304,final_size=291188992,update_temp_buffer_size=0,convert_time_ms=1.3914879560470581055,build_time_ms=21.640192031860351562,convert_build_time_ms=23.031679987907409668,convert_build_compact_time_ms=24.065919995307922363,compact_time_ms=1.0342400074005126953,update_time_ms=0,convert_and_update_time_ms=0,sort_time_ms=0,total_probe_time_ms=83.19245147705078125
i_primitive=triangle,i_key_mode=safe,i_build_mode=b_sfl,i_probe_mode=p_sfl,i_num_build_keys_log=23,i_key_offset=0,i_key_stride_log=0,i_key_replication_log=0,i_reserve_keys_for_misses=0,i_local_updates=0,i_num_updates_log=0,i_num_probe_keys_log=27,i_miss_percentage=0,i_out_of_range_percentage=0,i_range_query_hit_count_log=0,i_exponent_bias=-10,i_force_single_anyhit=1,i_perpendicular_rays=1,i_start_ray_at_zero=1,i_compaction=1,i_large_keys=0,i_closest_hit=0,i_skip_probing=0,i_num_rays_per_thread_log=0,i_decomposition_bits=22,i_debug=0,uncompacted_size=475666304,final_size=291178880,update_temp_buffer_size=0,convert_time_ms=1.3917119503021240234,build_time_ms=21.66783905029296875,convert_build_time_ms=23.059551000595092773,convert_build_compact_time_ms=24.091742992401123047,compact_time_ms=1.0321919918060302734,update_time_ms=0,convert_and_update_time_ms=0,sort_time_ms=0,total_probe_time_ms=83.298867034912106533
i_primitive=triangle,i_key_mode=safe,i_build_mode=b_sfl,i_probe_mode=p_sfl,i_num_build_keys_log=23,i_key_offset=0,i_key_stride_log=0,i_key_replication_log=0,i_reserve_keys_for_misses=0,i_local_updates=0,i_num_updates_log=0,i_num_probe_keys_log=27,i_miss_percentage=0,i_out_of_range_percentage=0,i_range_query_hit_count_log=0,i_exponent_bias=0,i_force_single_anyhit=1,i_perpendicular_rays=1,i_start_ray_at_zero=1,i_compaction=1,i_large_keys=0,i_closest_hit=0,i_skip_probing=0,i_num_rays_per_thread_log=0,i_decomposition_bits=22,i_debug=0,uncompacted_size=475666304,final_size=291212544,update_temp_buffer_size=0,convert_time_ms=1.3571840524673461914,build_time_ms=21.602304458618164062,convert_build_time_ms=22.959488511085510254,convert_build_compact_time_ms=23.990656495094299316,compact_time_ms=1.0311679840087890625,update_time_ms=0,convert_and_update_time_ms=0,sort_time_ms=0,total_probe_time_ms=83.256329345703122158
i_primitive=triangle,i_key_mode=safe,i_build_mode=b_sfl,i_probe_mode=p_sfl,i_num_build_keys_log=23,i_key_offset=0,i_key_stride_log=0,i_key_replication_log=0,i_reserve_keys_for_misses=0,i_local_updates=0,i_num_updates_log=0,i_num_probe_keys_log=27,i_miss_percentage=0,i_out_of_range_percentage=0,i_range_query_hit_count_log=0,i_exponent_bias=10,i_force_single_anyhit=1,i_perpendicular_rays=1,i_start_ray_at_zero=1,i_compaction=1,i_large_keys=0,i_closest_hit=0,i_skip_probing=0,i_num_rays_per_thread_log=0,i_decomposition_bits=22,i_debug=0,uncompacted_size=475666304,final_size=290992768,update_temp_buffer_size=0,convert_time_ms=1.3902080059051513672,build_time_ms=21.8408966064453125,convert_build_time_ms=23.231104612350463867,convert_build_compact_time_ms=24.253056645393371582,compact_time_ms=1.0219520330429077148,update_time_ms=0,convert_and_update_time_ms=0,sort_time_ms=0,total_probe_time_ms=83.318991088867193184
i_primitive=triangle,i_key_mode=safe,i_build_mode=b_sfl,i_probe_mode=p_sfl,i_num_build_keys_log=23,i_key_offset=0,i_key_stride_log=0,i_key_replication_log=0,i_reserve_keys_for_misses=0,i_local_updates=0,i_num_updates_log=0,i_num_probe_keys_log=27,i_miss_percentage=0,i_out_of_range_percentage=0,i_range_query_hit_count_log=0,i_exponent_bias=20,i_force_single_anyhit=1,i_perpendicular_rays=1,i_start_ray_at_zero=1,i_compaction=1,i_large_keys=0,i_closest_hit=0,i_skip_probing=0,i_num_rays_per_thread_log=0,i_decomposition_bits=22,i_debug=0,uncompacted_size=475666304,final_size=291168640,update_temp_buffer_size=0,convert_time_ms=1.3903679847717285156,build_time_ms=21.719808578491210938,convert_build_time_ms=23.110176563262939453,convert_build_compact_time_ms=24.136224508285522461,compact_time_ms=1.0260479450225830078,update_time_ms=0,convert_and_update_time_ms=0,sort_time_ms=0,total_probe_time_ms=83.004370117187505684
i_primitive=triangle,i_key_mode=unsafe,i_build_mode=b_sfl,i_probe_mode=p_sfl,i_num_build_keys_log=23,i_key_offset=0,i_key_stride_log=0,i_key_replication_log=0,i_reserve_keys_for_misses=0,i_local_updates=0,i_num_updates_log=0,i_num_probe_keys_log=27,i_miss_percentage=0,i_out_of_range_percentage=0,i_range_query_hit_count_log=0,i_exponent_bias=-20,i_force_single_anyhit=1,i_perpendicular_rays=1,i_start_ray_at_zero=1,i_compaction=1,i_large_keys=0,i_closest_hit=0,i_skip_probing=0,i_num_rays_per_thread_log=0,i_decomposition_bits=22,i_debug=0,uncompacted_size=475666304,final_size=330658048,update_temp_buffer_size=0,convert_time_ms=1.3783680200576782227,build_time_ms=23.447551727294921875,convert_build_time_ms=24.825919747352600098,convert_build_compact_time_ms=25.982015728950500488,compact_time_ms=1.1560959815979003906,update_time_ms=0,convert_and_update_time_ms=0,sort_time_ms=0,total_probe_time_ms=95.546931457519534092
i_primitive=triangle,i_key_mode=unsafe,i_build_mode=b_sfl,i_probe_mode=p_sfl,i_num_build_keys_log=23,i_key_offset=0,i_key_stride_log=0,i_key_replication_log=0,i_reserve_keys_for_misses=0,i_local_updates=0,i_num_updates_log=0,i_num_probe_keys_log=27,i_miss_percentage=0,i_out_of_range_percentage=0,i_range_query_hit_count_log=0,i_exponent_bias=-10,i_force_single_anyhit=1,i_perpendicular_rays=1,i_start_ray_at_zero=1,i_compaction=1,i_large_keys=0,i_closest_hit=0,i_skip_probing=0,i_num_rays_per_thread_log=0,i_decomposition_bits=22,i_debug=0,uncompacted_size=475666304,final_size=330588672,update_temp_buffer_size=0,convert_time_ms=1.380128026008605957,build_time_ms=23.481344223022460938,convert_build_time_ms=24.861472249031066895,convert_build_compact_time_ms=26.014496207237243652,compact_time_ms=1.1530239582061767578,update_time_ms=0,convert_and_update_time_ms=0,sort_time_ms=0,total_probe_time_ms=95.632592773437494316
i_primitive=triangle,i_key_mode=unsafe,i_build_mode=b_sfl,i_probe_mode=p_sfl,i_num_build_keys_log=23,i_key_offset=0,i_key_stride_log=0,i_key_replication_log=0,i_reserve_keys_for_misses=0,i_local_updates=0,i_num_updates_log=0,i_num_probe_keys_log=27,i_miss_percentage=0,i_out_of_range_percentage=0,i_range_query_hit_count_log=0,i_exponent_bias=0,i_force_single_anyhit=1,i_perpendicular_rays=1,i_start_ray_at_zero=1,i_compaction=1,i_large_keys=0,i_closest_hit=0,i_skip_probing=0,i_num_rays_per_thread_log=0,i_decomposition_bits=22,i_debug=0,uncompacted_size=475666304,final_size=333051904,update_temp_buffer_size=0,convert_time_ms=1.3408960103988647461,build_time_ms=23.436992645263671875,convert_build_time_ms=24.777888655662536621,convert_build_compact_time_ms=25.951392650604248047,compact_time_ms=1.1735039949417114258,update_time_ms=0,convert_and_update_time_ms=0,sort_time_ms=0,total_probe_time_ms=95.862120056152349434
i_primitive=triangle,i_key_mode=unsafe,i_build_mode=b_sfl,i_probe_mode=p_sfl,i_num_build_keys_log=23,i_key_offset=0,i_key_stride_log=0,i_key_replication_log=0,i_reserve_keys_for_misses=0,i_local_updates=0,i_num_updates_log=0,i_num_probe_keys_log=27,i_miss_percentage=0,i_out_of_range_percentage=0,i_range_query_hit_count_log=0,i_exponent_bias=10,i_force_single_anyhit=1,i_perpendicular_rays=1,i_start_ray_at_zero=1,i_compaction=1,i_large_keys=0,i_closest_hit=0,i_skip_probing=0,i_num_rays_per_thread_log=0,i_decomposition_bits=22,i_debug=0,uncompacted_size=475666304,final_size=333068544,update_temp_buffer_size=0,convert_time_ms=1.3787839412689208984,build_time_ms=23.397375106811523438,convert_build_time_ms=24.776159048080444336,convert_build_compact_time_ms=25.946591019630432129,compact_time_ms=1.170431971549987793,update_time_ms=0,convert_and_update_time_ms=0,sort_time_ms=0,total_probe_time_ms=95.860184478759762783
i_primitive=triangle,i_key_mode=unsafe,i_build_mode=b_sfl,i_probe_mode=p_sfl,i_num_build_keys_log=23,i_key_offset=0,i_key_stride_log=0,i_key_replication_log=0,i_reserve_keys_for_misses=0,i_local_updates=0,i_num_updates_log=0,i_num_probe_keys_log=27,i_miss_percentage=0,i_out_of_range_percentage=0,i_range_query_hit_count_log=0,i_exponent_bias=20,i_force_single_anyhit=1,i_perpendicular_rays=1,i_start_ray_at_zero=1,i_compaction=1,i_large_keys=0,i_closest_hit=0,i_skip_probing=0,i_num_rays_per_thread_log=0,i_decomposition_bits=22,i_debug=0,uncompacted_size=475666304,final_size=333001472,update_temp_buffer_size=0,convert_time_ms=1.37862396240234375,build_time_ms=23.350271224975585938,convert_build_time_ms=24.728895187377929688,convert_build_compact_time_ms=25.90956723690032959,compact_time_ms=1.1806720495223999023,update_time_ms=0,convert_and_update_time_ms=0,sort_time_ms=0,total_probe_time_ms=95.921092987060546875
i_primitive=triangle,i_key_mode=ext,i_build_mode=b_sfl,i_probe_mode=p_sfl,i_num_build_keys_log=23,i_key_offset=0,i_key_stride_log=0,i_key_replication_log=0,i_reserve_keys_for_misses=0,i_local_updates=0,i_num_updates_log=0,i_num_probe_keys_log=27,i_miss_percentage=0,i_out_of_range_percentage=0,i_range_query_hit_count_log=0,i_exponent_bias=-20,i_force_single_anyhit=1,i_perpendicular_rays=1,i_start_ray_at_zero=1,i_compaction=1,i_large_keys=0,i_closest_hit=0,i_skip_probing=0,i_num_rays_per_thread_log=0,i_decomposition_bits=22,i_debug=0,uncompacted_size=475666304,final_size=353567872,update_temp_buffer_size=0,convert_time_ms=1.355072021484375,build_time_ms=22.997951507568359375,convert_build_time_ms=24.353023529052734375,convert_build_compact_time_ms=25.598207473754882812,compact_time_ms=1.2451839447021484375,update_time_ms=0,convert_and_update_time_ms=0,sort_time_ms=0,total_probe_time_ms=95.958176422119137783
i_primitive=triangle,i_key_mode=ext,i_build_mode=b_sfl,i_probe_mode=p_sfl,i_num_build_keys_log=23,i_key_offset=0,i_key_stride_log=0,i_key_replication_log=0,i_reserve_keys_for_misses=0,i_local_updates=0,i_num_updates_log=0,i_num_probe_keys_log=27,i_miss_percentage=0,i_out_of_range_percentage=0,i_range_query_hit_count_log=0,i_exponent_bias=-10,i_force_single_anyhit=1,i_perpendicular_rays=1,i_start_ray_at_zero=1,i_compaction=1,i_large_keys=0,i_closest_hit=0,i_skip_probing=0,i_num_rays_per_thread_log=0,i_decomposition_bits=22,i_debug=0,uncompacted_size=475666304,final_size=353568128,update_temp_buffer_size=0,convert_time_ms=1.3540799617767333984,build_time_ms=23.013376235961914062,convert_build_time_ms=24.367456197738647461,convert_build_compact_time_ms=25.607520222663879395,compact_time_ms=1.2400640249252319336,update_time_ms=0,convert_and_update_time_ms=0,sort_time_ms=0,total_probe_time_ms=95.860332489013671875
i_primitive=triangle,i_key_mode=ext,i_build_mode=b_sfl,i_probe_mode=p_sfl,i_num_build_keys_log=23,i_key_offset=0,i_key_stride_log=0,i_key_replication_log=0,i_reserve_keys_for_misses=0,i_local_updates=0,i_num_updates_log=0,i_num_probe_keys_log=27,i_miss_percentage=0,i_out_of_range_percentage=0,i_range_query_hit_count_log=0,i_exponent_bias=0,i_force_single_anyhit=1,i_perpendicular_rays=1,i_start_ray_at_zero=1,i_compaction=1,i_large_keys=0,i_closest_hit=0,i_skip_probing=0,i_num_rays_per_thread_log=0,i_decomposition_bits=22,i_debug=0,uncompacted_size=475666304,final_size=353676672,update_temp_buffer_size=0,convert_time_ms=1.3881599903106689453,build_time_ms=22.966272354125976562,convert_build_time_ms=24.354432344436645508,convert_build_compact_time_ms=25.614976286888122559,compact_time_ms=1.2605439424514770508,update_time_ms=0,convert_and_update_time_ms=0,sort_time_ms=0,total_probe_time_ms=95.8204345703125
i_primitive=triangle,i_key_mode=ext,i_build_mode=b_sfl,i_probe_mode=p_sfl,i_num_build_keys_log=23,i_key_offset=0,i_key_stride_log=0,i_key_replication_log=0,i_reserve_keys_for_misses=0,i_local_updates=0,i_num_updates_log=0,i_num_probe_keys_log=27,i_miss_percentage=0,i_out_of_range_percentage=0,i_range_query_hit_count_log=0,i_exponent_bias=10,i_force_single_anyhit=1,i_perpendicular_rays=1,i_start_ray_at_zero=1,i_compaction=1,i_large_keys=0,i_closest_hit=0,i_skip_probing=0,i_num_rays_per_thread_log=0,i_decomposition_bits=22,i_debug=0,uncompacted_size=475666304,final_size=353682304,update_temp_buffer_size=0,convert_time_ms=1.3542079925537109375,build_time_ms=22.978271484375,convert_build_time_ms=24.332479476928710938,convert_build_compact_time_ms=25.568447470664978027,compact_time_ms=1.2359679937362670898,update_time_ms=0,convert_and_update_time_ms=0,sort_time_ms=0,total_probe_time_ms=95.96390533447265625
i_primitive=triangle,i_key_mode=ext,i_build_mode=b_sfl,i_probe_mode=p_sfl,i_num_build_keys_log=23,i_key_offset=0,i_key_stride_log=0,i_key_replication_log=0,i_reserve_keys_for_misses=0,i_local_updates=0,i_num_updates_log=0,i_num_probe_keys_log=27,i_miss_percentage=0,i_out_of_range_percentage=0,i_range_query_hit_count_log=0,i_exponent_bias=20,i_force_single_anyhit=1,i_perpendicular_rays=1,i_start_ray_at_zero=1,i_compaction=1,i_large_keys=0,i_closest_hit=0,i_skip_probing=0,i_num_rays_per_thread_log=0,i_decomposition_bits=22,i_debug=0,uncompacted_size=475666304,final_size=353550336,update_temp_buffer_size=0,convert_time_ms=1.3555840253829956055,build_time_ms=22.951936721801757812,convert_build_time_ms=24.307520747184753418,convert_build_compact_time_ms=25.548608779907226562,compact_time_ms=1.2410880327224731445,update_time_ms=0,convert_and_update_time_ms=0,sort_time_ms=0,total_probe_time_ms=95.896753692626958809
i_primitive=triangle,i_key_mode=3d,i_build_mode=b_sfl,i_probe_mode=p_sfl,i_num_build_keys_log=23,i_key_offset=0,i_key_stride_log=0,i_key_replication_log=0,i_reserve_keys_for_misses=0,i_local_updates=0,i_num_updates_log=0,i_num_probe_keys_log=27,i_miss_percentage=0,i_out_of_range_percentage=0,i_range_query_hit_count_log=0,i_exponent_bias=-20,i_force_single_anyhit=1,i_perpendicular_rays=1,i_start_ray_at_zero=1,i_compaction=1,i_large_keys=0,i_closest_hit=0,i_skip_probing=0,i_num_rays_per_thread_log=0,i_decomposition_bits=22,i_debug=0,uncompacted_size=475666304,final_size=287737344,update_temp_buffer_size=0,convert_time_ms=1.3649920225143432617,build_time_ms=21.2387847900390625,convert_build_time_ms=22.603776812553405762,convert_build_compact_time_ms=23.603136837482452393,compact_time_ms=0.99936002492904663086,update_time_ms=0,convert_and_update_time_ms=0,sort_time_ms=0,total_probe_time_ms=83.194509124755853691
i_primitive=triangle,i_key_mode=3d,i_build_mode=b_sfl,i_probe_mode=p_sfl,i_num_build_keys_log=23,i_key_offset=0,i_key_stride_log=0,i_key_replication_log=0,i_reserve_keys_for_misses=0,i_local_updates=0,i_num_updates_log=0,i_num_probe_keys_log=27,i_miss_percentage=0,i_out_of_range_percentage=0,i_range_query_hit_count_log=0,i_exponent_bias=-10,i_force_single_anyhit=1,i_perpendicular_rays=1,i_start_ray_at_zero=1,i_compaction=1,i_large_keys=0,i_closest_hit=0,i_skip_probing=0,i_num_rays_per_thread_log=0,i_decomposition_bits=22,i_debug=0,uncompacted_size=475666304,final_size=286127232,update_temp_buffer_size=0,convert_time_ms=1.3709119558334350586,build_time_ms=21.286655426025390625,convert_build_time_ms=22.657567381858825684,convert_build_compact_time_ms=23.667007327079772949,compact_time_ms=1.0094399452209472656,update_time_ms=0,convert_and_update_time_ms=0,sort_time_ms=0,total_probe_time_ms=83.143260955810546875
i_primitive=triangle,i_key_mode=3d,i_build_mode=b_sfl,i_probe_mode=p_sfl,i_num_build_keys_log=23,i_key_offset=0,i_key_stride_log=0,i_key_replication_log=0,i_reserve_keys_for_misses=0,i_local_updates=0,i_num_updates_log=0,i_num_probe_keys_log=27,i_miss_percentage=0,i_out_of_range_percentage=0,i_range_query_hit_count_log=0,i_exponent_bias=0,i_force_single_anyhit=1,i_perpendicular_rays=1,i_start_ray_at_zero=1,i_compaction=1,i_large_keys=0,i_closest_hit=0,i_skip_probing=0,i_num_rays_per_thread_log=0,i_decomposition_bits=22,i_debug=0,uncompacted_size=475666304,final_size=303766784,update_temp_buffer_size=0,convert_time_ms=1.3571840524673461914,build_time_ms=21.85523223876953125,convert_build_time_ms=23.212416291236877441,convert_build_compact_time_ms=24.286592245101928711,compact_time_ms=1.0741759538650512695,update_time_ms=0,convert_and_update_time_ms=0,sort_time_ms=0,total_probe_time_ms=80.897167968749997158
i_primitive=triangle,i_key_mode=3d,i_build_mode=b_sfl,i_probe_mode=p_sfl,i_num_build_keys_log=23,i_key_offset=0,i_key_stride_log=0,i_key_replication_log=0,i_reserve_keys_for_misses=0,i_local_updates=0,i_num_updates_log=0,i_num_probe_keys_log=27,i_miss_percentage=0,i_out_of_range_percentage=0,i_range_query_hit_count_log=0,i_exponent_bias=10,i_force_single_anyhit=1,i_perpendicular_rays=1,i_start_ray_at_zero=1,i_compaction=1,i_large_keys=0,i_closest_hit=0,i_skip_probing=0,i_num_rays_per_thread_log=0,i_decomposition_bits=22,i_debug=0,uncompacted_size=475666304,final_size=285866752,update_temp_buffer_size=0,convert_time_ms=1.3712320327758789062,build_time_ms=21.31865692138671875,convert_build_time_ms=22.689888954162597656,convert_build_compact_time_ms=23.719008922576904297,compact_time_ms=1.0291199684143066406,update_time_ms=0,convert_and_update_time_ms=0,sort_time_ms=0,total_probe_time_ms=83.091667938232419033
i_primitive=triangle,i_key_mode=3d,i_build_mode=b_sfl,i_probe_mode=p_sfl,i_num_build_keys_log=23,i_key_offset=0,i_key_stride_log=0,i_key_replication_log=0,i_reserve_keys_for_misses=0,i_local_updates=0,i_num_updates_log=0,i_num_probe_keys_log=27,i_miss_percentage=0,i_out_of_range_percentage=0,i_range_query_hit_count_log=0,i_exponent_bias=20,i_force_single_anyhit=1,i_perpendicular_rays=1,i_start_ray_at_zero=1,i_compaction=1,i_large_keys=0,i_closest_hit=0,i_skip_probing=0,i_num_rays_per_thread_log=0,i_decomposition_bits=22,i_debug=0,uncompacted_size=475666304,final_size=288143616,update_temp_buffer_size=0,convert_time_ms=1.3684480190277099609,build_time_ms=21.271392822265625,convert_build_time_ms=22.639840841293334961,convert_build_compact_time_ms=23.664864897727966309,compact_time_ms=1.0250240564346313477,update_time_ms=0,convert_and_update_time_ms=0,sort_time_ms=0,total_probe_time_ms=83.263933563232427559
i_primitive=triangle,i_key_mode=unsafe,i_build_mode=b_sfl,i_probe_mode=p_sfl,i_num_build_keys_log=24,i_key_offset=0,i_key_stride_log=0,i_key_replication_log=0,i_reserve_keys_for_misses=0,i_local_updates=0,i_num_updates_log=0,i_num_probe_keys_log=27,i_miss_percentage=0,i_out_of_range_percentage=0,i_range_query_hit_count_log=0,i_exponent_bias=-20,i_force_single_anyhit=1,i_perpendicular_rays=1,i_start_ray_at_zero=1,i_compaction=1,i_large_keys=0,i_closest_hit=0,i_skip_probing=0,i_num_rays_per_thread_log=0,i_decomposition_bits=22,i_debug=0,uncompacted_size=951329792,final_size=675494656,update_temp_buffer_size=0,convert_time_ms=2.7392640113830566406,build_time_ms=46.511104583740234375,convert_build_time_ms=49.250368595123291016,convert_build_compact_time_ms=51.644480705261230469,compact_time_ms=2.3941121101379394531,update_time_ms=0,convert_and_update_time_ms=0,sort_time_ms=0,total_probe_time_ms=106.17554473876953125
i_primitive=triangle,i_key_mode=unsafe,i_build_mode=b_sfl,i_probe_mode=p_sfl,i_num_build_keys_log=24,i_key_offset=0,i_key_stride_log=0,i_key_replication_log=0,i_reserve_keys_for_misses=0,i_local_updates=0,i_num_updates_log=0,i_num_probe_keys_log=27,i_miss_percentage=0,i_out_of_range_percentage=0,i_range_query_hit_count_log=0,i_exponent_bias=-10,i_force_single_anyhit=1,i_perpendicular_rays=1,i_start_ray_at_zero=1,i_compaction=1,i_large_keys=0,i_closest_hit=0,i_skip_probing=0,i_num_rays_per_thread_log=0,i_decomposition_bits=22,i_debug=0,uncompacted_size=951329792,final_size=674725248,update_temp_buffer_size=0,convert_time_ms=2.7372479438781738281,build_time_ms=46.84799957275390625,convert_build_time_ms=49.585247516632080078,convert_build_compact_time_ms=52.005983591079711914,compact_time_ms=2.4207360744476318359,update_time_ms=0,convert_and_update_time_ms=0,sort_time_ms=0,total_probe_time_ms=106.01539535522461222
i_primitive=triangle,i_key_mode=unsafe,i_build_mode=b_sfl,i_probe_mode=p_sfl,i_num_build_keys_log=24,i_key_offset=0,i_key_stride_log=0,i_key_replication_log=0,i_reserve_keys_for_misses=0,i_local_updates=0,i_num_updates_log=0,i_num_probe_keys_log=27,i_miss_percentage=0,i_out_of_range_percentage=0,i_range_query_hit_count_log=0,i_exponent_bias=0,i_force_single_anyhit=1,i_perpendicular_rays=1,i_start_ray_at_zero=1,i_compaction=1,i_large_keys=0,i_closest_hit=0,i_skip_probing=0,i_num_rays_per_thread_log=0,i_decomposition_bits=22,i_debug=0,uncompacted_size=951329792,final_size=684675840,update_temp_buffer_size=0,convert_time_ms=2.6667520999908447266,build_time_ms=47.25247955322265625,convert_build_time_ms=49.919231653213500977,convert_build_compact_time_ms=52.333823680877685547,compact_time_ms=2.4145920276641845703,update_time_ms=0,convert_and_update_time_ms=0,sort_time_ms=0,total_probe_time_ms=106.46427307128905682
i_primitive=triangle,i_key_mode=unsafe,i_build_mode=b_sfl,i_probe_mode=p_sfl,i_num_build_keys_log=24,i_key_offset=0,i_key_stride_log=0,i_key_replication_log=0,i_reserve_keys_for_misses=0,i_local_updates=0,i_num_updates_log=0,i_num_probe_keys_log=27,i_miss_percentage=0,i_out_of_range_percentage=0,i_range_query_hit_count_log=0,i_exponent_bias=10,i_force_single_anyhit=1,i_perpendicular_rays=1,i_start_ray_at_zero=1,i_compaction=1,i_large_keys=0,i_closest_hit=0,i_skip_probing=0,i_num_rays_per_thread_log=0,i_decomposition_bits=22,i_debug=0,uncompacted_size=951329792,final_size=684967552,update_temp_buffer_size=0,convert_time_ms=2.7389760017395019531,build_time_ms=47.15103912353515625,convert_build_time_ms=49.890015125274658203,convert_build_compact_time_ms=52.313823223114013672,compact_time_ms=2.4238080978393554688,update_time_ms=0,convert_and_update_time_ms=0,sort_time_ms=0,total_probe_time_ms=106.71760864257812784
i_primitive=triangle,i_key_mode=unsafe,i_build_mode=b_sfl,i_probe_mode=p_sfl,i_num_build_keys_log=24,i_key_offset=0,i_key_stride_log=0,i_key_replication_log=0,i_reserve_keys_for_misses=0,i_local_updates=0,i_num_updates_log=0,i_num_probe_keys_log=27,i_miss_percentage=0,i_out_of_range_percentage=0,i_range_query_hit_count_log=0,i_exponent_bias=20,i_force_single_anyhit=1,i_perpendicular_rays=1,i_start_ray_at_zero=1,i_compaction=1,i_large_keys=0,i_closest_hit=0,i_skip_probing=0,i_num_rays_per_thread_log=0,i_decomposition_bits=22,i_debug=0,uncompacted_size=951329792,final_size=686900992,update_temp_buffer_size=0,convert_time_ms=2.7410559654235839844,build_time_ms=46.783233642578125,convert_build_time_ms=49.524289608001708984,convert_build_compact_time_ms=51.95731353759765625,compact_time_ms=2.4330239295959472656,update_time_ms=0,convert_and_update_time_ms=0,sort_time_ms=0,total_probe_time_ms=106.55373992919922443
i_primitive=triangle,i_key_mode=ext,i_build_mode=b_sfl,i_probe_mode=p_sfl,i_num_build_keys_log=24,i_key_offset=0,i_key_stride_log=0,i_key_replication_log=0,i_reserve_keys_for_misses=0,i_local_updates=0,i_num_updates_log=0,i_num_probe_keys_log=27,i_miss_percentage=0,i_out_of_range_percentage=0,i_range_query_hit_count_log=0,i_exponent_bias=-20,i_force_single_anyhit=1,i_perpendicular_rays=1,i_start_ray_at_zero=1,i_compaction=1,i_large_keys=0,i_closest_hit=0,i_skip_probing=0,i_num_rays_per_thread_log=0,i_decomposition_bits=22,i_debug=0,uncompacted_size=951329792,final_size=586023168,update_temp_buffer_size=0,convert_time_ms=2.6881918907165527344,build_time_ms=41.99321746826171875,convert_build_time_ms=44.681409358978271484,convert_build_compact_time_ms=46.781633377075195312,compact_time_ms=2.1002240180969238281,update_time_ms=0,convert_and_update_time_ms=0,sort_time_ms=0,total_probe_time_ms=128.34535064697266193
i_primitive=triangle,i_key_mode=ext,i_build_mode=b_sfl,i_probe_mode=p_sfl,i_num_build_keys_log=24,i_key_offset=0,i_key_stride_log=0,i_key_replication_log=0,i_reserve_keys_for_misses=0,i_local_updates=0,i_num_updates_log=0,i_num_probe_keys_log=27,i_miss_percentage=0,i_out_of_range_percentage=0,i_range_query_hit_count_log=0,i_exponent_bias=-10,i_force_single_anyhit=1,i_perpendicular_rays=1,i_start_ray_at_zero=1,i_compaction=1,i_large_keys=0,i_closest_hit=0,i_skip_probing=0,i_num_rays_per_thread_log=0,i_decomposition_bits=22,i_debug=0,uncompacted_size=951329792,final_size=586076160,update_temp_buffer_size=0,convert_time_ms=2.6874239444732666016,build_time_ms=42.150913238525390625,convert_build_time_ms=44.838337182998657227,convert_build_compact_time_ms=46.929345130920410156,compact_time_ms=2.0910079479217529297,update_time_ms=0,convert_and_update_time_ms=0,sort_time_ms=0,total_probe_time_ms=128.41939849853514488
i_primitive=triangle,i_key_mode=ext,i_build_mode=b_sfl,i_probe_mode=p_sfl,i_num_build_keys_log=24,i_key_offset=0,i_key_stride_log=0,i_key_replication_log=0,i_reserve_keys_for_misses=0,i_local_updates=0,i_num_updates_log=0,i_num_probe_keys_log=27,i_miss_percentage=0,i_out_of_range_percentage=0,i_range_query_hit_count_log=0,i_exponent_bias=0,i_force_single_anyhit=1,i_perpendicular_rays=1,i_start_ray_at_zero=1,i_compaction=1,i_large_keys=0,i_closest_hit=0,i_skip_probing=0,i_num_rays_per_thread_log=0,i_decomposition_bits=22,i_debug=0,uncompacted_size=951329792,final_size=586092288,update_temp_buffer_size=0,convert_time_ms=2.7562880516052246094,build_time_ms=42.0932159423828125,convert_build_time_ms=44.849503993988037109,convert_build_compact_time_ms=46.947679996490478516,compact_time_ms=2.0981760025024414062,update_time_ms=0,convert_and_update_time_ms=0,sort_time_ms=0,total_probe_time_ms=128.13612060546876137
i_primitive=triangle,i_key_mode=ext,i_build_mode=b_sfl,i_probe_mode=p_sfl,i_num_build_keys_log=24,i_key_offset=0,i_key_stride_log=0,i_key_replication_log=0,i_reserve_keys_for_misses=0,i_local_updates=0,i_num_updates_log=0,i_num_probe_keys_log=27,i_miss_percentage=0,i_out_of_range_percentage=0,i_range_query_hit_count_log=0,i_exponent_bias=10,i_force_single_anyhit=1,i_perpendicular_rays=1,i_start_ray_at_zero=1,i_compaction=1,i_large_keys=0,i_closest_hit=0,i_skip_probing=0,i_num_rays_per_thread_log=0,i_decomposition_bits=22,i_debug=0,uncompacted_size=951329792,final_size=586279296,update_temp_buffer_size=0,convert_time_ms=2.6872959136962890625,build_time_ms=42.176513671875,convert_build_time_ms=44.863809585571289062,convert_build_compact_time_ms=46.951745510101318359,compact_time_ms=2.0879359245300292969,update_time_ms=0,convert_and_update_time_ms=0,sort_time_ms=0,total_probe_time_ms=128.34984893798826988
i_primitive=triangle,i_key_mode=ext,i_build_mode=b_sfl,i_probe_mode=p_sfl,i_num_build_keys_log=24,i_key_offset=0,i_key_stride_log=0,i_key_replication_log=0,i_reserve_keys_for_misses=0,i_local_updates=0,i_num_updates_log=0,i_num_probe_keys_log=27,i_miss_percentage=0,i_out_of_range_percentage=0,i_range_query_hit_count_log=0,i_exponent_bias=20,i_force_single_anyhit=1,i_perpendicular_rays=1,i_start_ray_at_zero=1,i_compaction=1,i_large_keys=0,i_closest_hit=0,i_skip_probing=0,i_num_rays_per_thread_log=0,i_decomposition_bits=22,i_debug=0,uncompacted_size=951329792,final_size=586058240,update_temp_buffer_size=0,convert_time_ms=2.6873600482940673828,build_time_ms=42.0167694091796875,convert_build_time_ms=44.704129457473754883,convert_build_compact_time_ms=46.781825542449951172,compact_time_ms=2.0776960849761962891,update_time_ms=0,convert_and_update_time_ms=0,sort_time_ms=0,total_probe_time_ms=128.45095977783202557
i_primitive=triangle,i_key_mode=3d,i_build_mode=b_sfl,i_probe_mode=p_sfl,i_num_build_keys_log=24,i_key_offset=0,i_key_stride_log=0,i_key_replication_log=0,i_reserve_keys_for_misses=0,i_local_updates=0,i_num_updates_log=0,i_num_probe_keys_log=27,i_miss_percentage=0,i_out_of_range_percentage=0,i_range_query_hit_count_log=0,i_exponent_bias=-20,i_force_single_anyhit=1,i_perpendicular_rays=1,i_start_ray_at_zero=1,i_compaction=1,i_large_keys=0,i_closest_hit=0,i_skip_probing=0,i_num_rays_per_thread_log=0,i_decomposition_bits=22,i_debug=0,uncompacted_size=951329792,final_size=543814656,update_temp_buffer_size=0,convert_time_ms=2.7144958972930908203,build_time_ms=41.549823760986328125,convert_build_time_ms=44.264319658279418945,convert_build_compact_time_ms=46.169791698455810547,compact_time_ms=1.9054720401763916016,update_time_ms=0,convert_and_update_time_ms=0,sort_time_ms=0,total_probe_time_ms=89.972675323486328125
i_primitive=triangle,i_key_mode=3d,i_build_mode=b_sfl,i_probe_mode=p_sfl,i_num_build_keys_log=24,i_key_offset=0,i_key_stride_log=0,i_key_replication_log=0,i_reserve_keys_for_misses=0,i_local_updates=0,i_num_updates_log=0,i_num_probe_keys_log=27,i_miss_percentage=0,i_out_of_range_percentage=0,i_range_query_hit_count_log=0,i_exponent_bias=-10,i_force_single_anyhit=1,i_perpendicular_rays=1,i_start_ray_at_zero=1,i_compaction=1,i_large_keys=0,i_closest_hit=0,i_skip_probing=0,i_num_rays_per_thread_log=0,i_decomposition_bits=22,i_debug=0,uncompacted_size=951329792,final_size=539123840,update_temp_buffer_size=0,convert_time_ms=2.7145280838012695312,build_time_ms=41.397247314453125,convert_build_time_ms=44.111775398254394531,convert_build_compact_time_ms=46.000031352043151855,compact_time_ms=1.8882559537887573242,update_time_ms=0,convert_and_update_time_ms=0,sort_time_ms=0,total_probe_time_ms=89.870537567138669033
i_primitive=triangle,i_key_mode=3d,i_build_mode=b_sfl,i_probe_mode=p_sfl,i_num_build_keys_log=24,i_key_offset=0,i_key_stride_log=0,i_key_replication_log=0,i_reserve_keys_for_misses=0,i_local_updates=0,i_num_updates_log=0,i_num_probe_keys_log=27,i_miss_percentage=0,i_out_of_range_percentage=0,i_range_query_hit_count_log=0,i_exponent_bias=0,i_force_single_anyhit=1,i_perpendicular_rays=1,i_start_ray_at_zero=1,i_compaction=1,i_large_keys=0,i_closest_hit=0,i_skip_probing=0,i_num_rays_per_thread_log=0,i_decomposition_bits=22,i_debug=0,uncompacted_size=951329792,final_size=554755072,update_temp_buffer_size=0,convert_time_ms=2.6946880817413330078,build_time_ms=41.79644775390625,convert_build_time_ms=44.491135835647583008,convert_build_compact_time_ms=46.436703801155090332,compact_time_ms=1.9455679655075073242,update_time_ms=0,convert_and_update_time_ms=0,sort_time_ms=0,total_probe_time_ms=90.273004913330083809
i_primitive=triangle,i_key_mode=3d,i_build_mode=b_sfl,i_probe_mode=p_sfl,i_num_build_keys_log=24,i_key_offset=0,i_key_stride_log=0,i_key_replication_log=0,i_reserve_keys_for_misses=0,i_local_updates=0,i_num_updates_log=0,i_num_probe_keys_log=27,i_miss_percentage=0,i_out_of_range_percentage=0,i_range_query_hit_count_log=0,i_exponent_bias=10,i_force_single_anyhit=1,i_perpendicular_rays=1,i_start_ray_at_zero=1,i_compaction=1,i_large_keys=0,i_closest_hit=0,i_skip_probing=0,i_num_rays_per_thread_log=0,i_decomposition_bits=22,i_debug=0,uncompacted_size=951329792,final_size=539106816,update_temp_buffer_size=0,convert_time_ms=2.7145280838012695312,build_time_ms=41.385982513427734375,convert_build_time_ms=44.100510597229003906,convert_build_compact_time_ms=45.996958613395690918,compact_time_ms=1.8964480161666870117,update_time_ms=0,convert_and_update_time_ms=0,sort_time_ms=0,total_probe_time_ms=89.860266113281255684
i_primitive=triangle,i_key_mode=3d,i_build_mode=b_sfl,i_probe_mode=p_sfl,i_num_build_keys_log=24,i_key_offset=0,i_key_stride_log=0,i_key_replication_log=0,i_reserve_keys_for_misses=0,i_local_updates=0,i_num_updates_log=0,i_num_probe_keys_log=27,i_miss_percentage=0,i_out_of_range_percentage=0,i_range_query_hit_count_log=0,i_exponent_bias=20,i_force_single_anyhit=1,i_perpendicular_rays=1,i_start_ray_at_zero=1,i_compaction=1,i_large_keys=0,i_closest_hit=0,i_skip_probing=0,i_num_rays_per_thread_log=0,i_decomposition_bits=22,i_debug=0,uncompacted_size=951329792,final_size=543797632,update_temp_buffer_size=0,convert_time_ms=2.7126719951629638672,build_time_ms=41.475070953369140625,convert_build_time_ms=44.187742948532104492,convert_build_compact_time_ms=46.082142949104309082,compact_time_ms=1.8944000005722045898,update_time_ms=0,convert_and_update_time_ms=0,sort_time_ms=0,total_probe_time_ms=89.990147399902340908
i_primitive=triangle,i_key_mode=ext,i_build_mode=b_sfl,i_probe_mode=p_sfl,i_num_build_keys_log=25,i_key_offset=0,i_key_stride_log=0,i_key_replication_log=0,i_reserve_keys_for_misses=0,i_local_updates=0,i_num_updates_log=0,i_num_probe_keys_log=27,i_miss_percentage=0,i_out_of_range_percentage=0,i_range_query_hit_count_log=0,i_exponent_bias=-20,i_force_single_anyhit=1,i_perpendicular_rays=1,i_start_ray_at_zero=1,i_compaction=1,i_large_keys=0,i_closest_hit=0,i_skip_probing=0,i_num_rays_per_thread_log=0,i_decomposition_bits=22,i_debug=0,uncompacted_size=1902656640,final_size=1201303808,update_temp_buffer_size=0,convert_time_ms=5.3582081794738769531,build_time_ms=91.32953643798828125,convert_build_time_ms=96.687744617462158203,convert_build_compact_time_ms=100.95168066024780273,compact_time_ms=4.2639360427856445312,update_time_ms=0,convert_and_update_time_ms=0,sort_time_ms=0,total_probe_time_ms=188.04363250732421875
i_primitive=triangle,i_key_mode=ext,i_build_mode=b_sfl,i_probe_mode=p_sfl,i_num_build_keys_log=25,i_key_offset=0,i_key_stride_log=0,i_key_replication_log=0,i_reserve_keys_for_misses=0,i_local_updates=0,i_num_updates_log=0,i_num_probe_keys_log=27,i_miss_percentage=0,i_out_of_range_percentage=0,i_range_query_hit_count_log=0,i_exponent_bias=-10,i_force_single_anyhit=1,i_perpendicular_rays=1,i_start_ray_at_zero=1,i_compaction=1,i_large_keys=0,i_closest_hit=0,i_skip_probing=0,i_num_rays_per_thread_log=0,i_decomposition_bits=22,i_debug=0,uncompacted_size=1902656640,final_size=1201647360,update_temp_buffer_size=0,convert_time_ms=5.3534722328186035156,build_time_ms=91.4944000244140625,convert_build_time_ms=96.847872257232666016,convert_build_compact_time_ms=101.08211231231689453,compact_time_ms=4.2342400550842285156,update_time_ms=0,convert_and_update_time_ms=0,sort_time_ms=0,total_probe_time_ms=187.0515899658203125
i_primitive=triangle,i_key_mode=ext,i_build_mode=b_sfl,i_probe_mode=p_sfl,i_num_build_keys_log=25,i_key_offset=0,i_key_stride_log=0,i_key_replication_log=0,i_reserve_keys_for_misses=0,i_local_updates=0,i_num_updates_log=0,i_num_probe_keys_log=27,i_miss_percentage=0,i_out_of_range_percentage=0,i_range_query_hit_count_log=0,i_exponent_bias=0,i_force_single_anyhit=1,i_perpendicular_rays=1,i_start_ray_at_zero=1,i_compaction=1,i_large_keys=0,i_closest_hit=0,i_skip_probing=0,i_num_rays_per_thread_log=0,i_decomposition_bits=22,i_debug=0,uncompacted_size=1902656640,final_size=1201341184,update_temp_buffer_size=0,convert_time_ms=5.4864640235900878906,build_time_ms=91.25974273681640625,convert_build_time_ms=96.746206760406494141,convert_build_compact_time_ms=100.97430276870727539,compact_time_ms=4.22809600830078125,update_time_ms=0,convert_and_update_time_ms=0,sort_time_ms=0,total_probe_time_ms=187.57074279785155113
i_primitive=triangle,i_key_mode=ext,i_build_mode=b_sfl,i_probe_mode=p_sfl,i_num_build_keys_log=25,i_key_offset=0,i_key_stride_log=0,i_key_replication_log=0,i_reserve_keys_for_misses=0,i_local_updates=0,i_num_updates_log=0,i_num_probe_keys_log=27,i_miss_percentage=0,i_out_of_range_percentage=0,i_range_query_hit_count_log=0,i_exponent_bias=10,i_force_single_anyhit=1,i_perpendicular_rays=1,i_start_ray_at_zero=1,i_compaction=1,i_large_keys=0,i_closest_hit=0,i_skip_probing=0,i_num_rays_per_thread_log=0,i_decomposition_bits=22,i_debug=0,uncompacted_size=1902656640,final_size=1202593664,update_temp_buffer_size=0,convert_time_ms=5.3538880348205566406,build_time_ms=91.41248321533203125,convert_build_time_ms=96.766371250152587891,convert_build_compact_time_ms=100.99651527404785156,compact_time_ms=4.2301440238952636719,update_time_ms=0,convert_and_update_time_ms=0,sort_time_ms=0,total_probe_time_ms=187.87802581787110512
i_primitive=triangle,i_key_mode=ext,i_build_mode=b_sfl,i_probe_mode=p_sfl,i_num_build_keys_log=25,i_key_offset=0,i_key_stride_log=0,i_key_replication_log=0,i_reserve_keys_for_misses=0,i_local_updates=0,i_num_updates_log=0,i_num_probe_keys_log=27,i_miss_percentage=0,i_out_of_range_percentage=0,i_range_query_hit_count_log=0,i_exponent_bias=20,i_force_single_anyhit=1,i_perpendicular_rays=1,i_start_ray_at_zero=1,i_compaction=1,i_large_keys=0,i_closest_hit=0,i_skip_probing=0,i_num_rays_per_thread_log=0,i_decomposition_bits=22,i_debug=0,uncompacted_size=1902656640,final_size=1201279232,update_temp_buffer_size=0,convert_time_ms=5.3565440177917480469,build_time_ms=91.5148468017578125,convert_build_time_ms=96.871390819549560547,convert_build_compact_time_ms=101.12294292449951172,compact_time_ms=4.2515521049499511719,update_time_ms=0,convert_and_update_time_ms=0,sort_time_ms=0,total_probe_time_ms=187.37063140869139488
i_primitive=triangle,i_key_mode=3d,i_build_mode=b_sfl,i_probe_mode=p_sfl,i_num_build_keys_log=25,i_key_offset=0,i_key_stride_log=0,i_key_replication_log=0,i_reserve_keys_for_misses=0,i_local_updates=0,i_num_updates_log=0,i_num_probe_keys_log=27,i_miss_percentage=0,i_out_of_range_percentage=0,i_range_query_hit_count_log=0,i_exponent_bias=-20,i_force_single_anyhit=1,i_perpendicular_rays=1,i_start_ray_at_zero=1,i_compaction=1,i_large_keys=0,i_closest_hit=0,i_skip_probing=0,i_num_rays_per_thread_log=0,i_decomposition_bits=22,i_debug=0,uncompacted_size=1902656640,final_size=1071747712,update_temp_buffer_size=0,convert_time_ms=5.4097919464111328125,build_time_ms=81.98223876953125,convert_build_time_ms=87.392030715942382812,convert_build_compact_time_ms=91.194142818450927734,compact_time_ms=3.8021121025085449219,update_time_ms=0,convert_and_update_time_ms=0,sort_time_ms=0,total_probe_time_ms=97.958850097656252842
i_primitive=triangle,i_key_mode=3d,i_build_mode=b_sfl,i_probe_mode=p_sfl,i_num_build_keys_log=25,i_key_offset=0,i_key_stride_log=0,i_key_replication_log=0,i_reserve_keys_for_misses=0,i_local_updates=0,i_num_updates_log=0,i_num_probe_keys_log=27,i_miss_percentage=0,i_out_of_range_percentage=0,i_range_query_hit_count_log=0,i_exponent_bias=-10,i_force_single_anyhit=1,i_perpendicular_rays=1,i_start_ray_at_zero=1,i_compaction=1,i_large_keys=0,i_closest_hit=0,i_skip_probing=0,i_num_rays_per_thread_log=0,i_decomposition_bits=22,i_debug=0,uncompacted_size=1902656640,final_size=1073345536,update_temp_buffer_size=0,convert_time_ms=5.4091200828552246094,build_time_ms=81.84726715087890625,convert_build_time_ms=87.256387233734130859,convert_build_compact_time_ms=91.003171205520629883,compact_time_ms=3.7467839717864990234,update_time_ms=0,convert_and_update_time_ms=0,sort_time_ms=0,total_probe_time_ms=97.930195617675778408
i_primitive=triangle,i_key_mode=3d,i_build_mode=b_sfl,i_probe_mode=p_sfl,i_num_build_keys_log=25,i_key_offset=0,i_key_stride_log=0,i_key_replication_log=0,i_reserve_keys_for_misses=0,i_local_updates=0,i_num_updates_log=0,i_num_probe_keys_log=27,i_miss_percentage=0,i_out_of_range_percentage=0,i_range_query_hit_count_log=0,i_exponent_bias=0,i_force_single_anyhit=1,i_perpendicular_rays=1,i_start_ray_at_zero=1,i_compaction=1,i_large_keys=0,i_closest_hit=0,i_skip_probing=0,i_num_rays_per_thread_log=0,i_decomposition_bits=22,i_debug=0,uncompacted_size=1902656640,final_size=1092253056,update_temp_buffer_size=0,convert_time_ms=5.3661441802978515625,build_time_ms=82.0899810791015625,convert_build_time_ms=87.456125259399414062,convert_build_compact_time_ms=91.29913330078125,compact_time_ms=3.8430080413818359375,update_time_ms=0,convert_and_update_time_ms=0,sort_time_ms=0,total_probe_time_ms=98.066387939453122158
i_primitive=triangle,i_key_mode=3d,i_build_mode=b_sfl,i_probe_mode=p_sfl,i_num_build_keys_log=25,i_key_offset=0,i_key_stride_log=0,i_key_replication_log=0,i_reserve_keys_for_misses=0,i_local_updates=0,i_num_updates_log=0,i_num_probe_keys_log=27,i_miss_percentage=0,i_out_of_range_percentage=0,i_range_query_hit_count_log=0,i_exponent_bias=10,i_force_single_anyhit=1,i_perpendicular_rays=1,i_start_ray_at_zero=1,i_compaction=1,i_large_keys=0,i_closest_hit=0,i_skip_probing=0,i_num_rays_per_thread_log=0,i_decomposition_bits=22,i_debug=0,uncompacted_size=1902656640,final_size=1070922752,update_temp_buffer_size=0,convert_time_ms=5.4077439308166503906,build_time_ms=81.95993804931640625,convert_build_time_ms=87.367681980133056641,convert_build_compact_time_ms=91.139074087142944336,compact_time_ms=3.7713921070098876953,update_time_ms=0,convert_and_update_time_ms=0,sort_time_ms=0,total_probe_time_ms=97.977996826171875
i_primitive=triangle,i_key_mode=3d,i_build_mode=b_sfl,i_probe_mode=p_sfl,i_num_build_keys_log=25,i_key_offset=0,i_key_stride_log=0,i_key_replication_log=0,i_reserve_keys_for_misses=0,i_local_updates=0,i_num_updates_log=0,i_num_probe_keys_log=27,i_miss_percentage=0,i_out_of_range_percentage=0,i_range_query_hit_count_log=0,i_exponent_bias=20,i_force_single_anyhit=1,i_perpendicular_rays=1,i_start_ray_at_zero=1,i_compaction=1,i_large_keys=0,i_closest_hit=0,i_skip_probing=0,i_num_rays_per_thread_log=0,i_decomposition_bits=22,i_debug=0,uncompacted_size=1902656640,final_size=1071179648,update_temp_buffer_size=0,convert_time_ms=5.4062399864196777344,build_time_ms=81.718109130859375,convert_build_time_ms=87.124349117279052734,convert_build_compact_time_ms=90.845437049865722656,compact_time_ms=3.7210879325866699219,update_time_ms=0,convert_and_update_time_ms=0,sort_time_ms=0,total_probe_time_ms=97.845302581787109375
i_primitive=triangle,i_key_mode=ext,i_build_mode=b_sfl,i_probe_mode=p_sfl,i_num_build_keys_log=26,i_key_offset=0,i_key_stride_log=0,i_key_replication_log=0,i_reserve_keys_for_misses=0,i_local_updates=0,i_num_updates_log=0,i_num_probe_keys_log=27,i_miss_percentage=0,i_out_of_range_percentage=0,i_range_query_hit_count_log=0,i_exponent_bias=-20,i_force_single_anyhit=1,i_perpendicular_rays=1,i_start_ray_at_zero=1,i_compaction=1,i_large_keys=0,i_closest_hit=0,i_skip_probing=0,i_num_rays_per_thread_log=0,i_decomposition_bits=22,i_debug=0,uncompacted_size=3805310464,final_size=2419428992,update_temp_buffer_size=0,convert_time_ms=10.6887359619140625,build_time_ms=191.2412109375,convert_build_time_ms=201.9299468994140625,convert_build_compact_time_ms=210.43017101287841797,compact_time_ms=8.5002241134643554688,update_time_ms=0,convert_and_update_time_ms=0,sort_time_ms=0,total_probe_time_ms=11003.020312500000728
i_primitive=triangle,i_key_mode=ext,i_build_mode=b_sfl,i_probe_mode=p_sfl,i_num_build_keys_log=26,i_key_offset=0,i_key_stride_log=0,i_key_replication_log=0,i_reserve_keys_for_misses=0,i_local_updates=0,i_num_updates_log=0,i_num_probe_keys_log=27,i_miss_percentage=0,i_out_of_range_percentage=0,i_range_query_hit_count_log=0,i_exponent_bias=-10,i_force_single_anyhit=1,i_perpendicular_rays=1,i_start_ray_at_zero=1,i_compaction=1,i_large_keys=0,i_closest_hit=0,i_skip_probing=0,i_num_rays_per_thread_log=0,i_decomposition_bits=22,i_debug=0,uncompacted_size=3805310464,final_size=2429190400,update_temp_buffer_size=0,convert_time_ms=10.695424079895019531,build_time_ms=191.6958770751953125,convert_build_time_ms=202.39130115509033203,convert_build_compact_time_ms=211.04704475402832031,compact_time_ms=8.6557435989379882812,update_time_ms=0,convert_and_update_time_ms=0,sort_time_ms=0,total_probe_time_ms=10921.52734375
i_primitive=triangle,i_key_mode=ext,i_build_mode=b_sfl,i_probe_mode=p_sfl,i_num_build_keys_log=26,i_key_offset=0,i_key_stride_log=0,i_key_replication_log=0,i_reserve_keys_for_misses=0,i_local_updates=0,i_num_updates_log=0,i_num_probe_keys_log=27,i_miss_percentage=0,i_out_of_range_percentage=0,i_range_query_hit_count_log=0,i_exponent_bias=0,i_force_single_anyhit=1,i_perpendicular_rays=1,i_start_ray_at_zero=1,i_compaction=1,i_large_keys=0,i_closest_hit=0,i_skip_probing=0,i_num_rays_per_thread_log=0,i_decomposition_bits=22,i_debug=0,uncompacted_size=3805310464,final_size=2419281024,update_temp_buffer_size=0,convert_time_ms=10.966400146484375,build_time_ms=191.6241912841796875,convert_build_time_ms=202.5905914306640625,convert_build_compact_time_ms=211.17580699920654297,compact_time_ms=8.5852155685424804688,update_time_ms=0,convert_and_update_time_ms=0,sort_time_ms=0,total_probe_time_ms=10566.7744140625
i_primitive=triangle,i_key_mode=ext,i_build_mode=b_sfl,i_probe_mode=p_sfl,i_num_build_keys_log=26,i_key_offset=0,i_key_stride_log=0,i_key_replication_log=0,i_reserve_keys_for_misses=0,i_local_updates=0,i_num_updates_log=0,i_num_probe_keys_log=27,i_miss_percentage=0,i_out_of_range_percentage=0,i_range_query_hit_count_log=0,i_exponent_bias=10,i_force_single_anyhit=1,i_perpendicular_rays=1,i_start_ray_at_zero=1,i_compaction=1,i_large_keys=0,i_closest_hit=0,i_skip_probing=0,i_num_rays_per_thread_log=0,i_decomposition_bits=22,i_debug=0,uncompacted_size=3805310464,final_size=2466947968,update_temp_buffer_size=0,convert_time_ms=10.700480461120605469,build_time_ms=192.7915496826171875,convert_build_time_ms=203.49203014373779297,convert_build_compact_time_ms=212.26975822448730469,compact_time_ms=8.7777280807495117188,update_time_ms=0,convert_and_update_time_ms=0,sort_time_ms=0,total_probe_time_ms=11528.51904296875
i_primitive=triangle,i_key_mode=ext,i_build_mode=b_sfl,i_probe_mode=p_sfl,i_num_build_keys_log=26,i_key_offset=0,i_key_stride_log=0,i_key_replication_log=0,i_reserve_keys_for_misses=0,i_local_updates=0,i_num_updates_log=0,i_num_probe_keys_log=27,i_miss_percentage=0,i_out_of_range_percentage=0,i_range_query_hit_count_log=0,i_exponent_bias=20,i_force_single_anyhit=1,i_perpendicular_rays=1,i_start_ray_at_zero=1,i_compaction=1,i_large_keys=0,i_closest_hit=0,i_skip_probing=0,i_num_rays_per_thread_log=0,i_decomposition_bits=22,i_debug=0,uncompacted_size=3805310464,final_size=2419431424,update_temp_buffer_size=0,convert_time_ms=10.697823524475097656,build_time_ms=191.7296600341796875,convert_build_time_ms=202.42748355865478516,convert_build_compact_time_ms=211.04444313049316406,compact_time_ms=8.6169595718383789062,update_time_ms=0,convert_and_update_time_ms=0,sort_time_ms=0,total_probe_time_ms=10747.501074218749636
i_primitive=triangle,i_key_mode=3d,i_build_mode=b_sfl,i_probe_mode=p_sfl,i_num_build_keys_log=26,i_key_offset=0,i_key_stride_log=0,i_key_replication_log=0,i_reserve_keys_for_misses=0,i_local_updates=0,i_num_updates_log=0,i_num_probe_keys_log=27,i_miss_percentage=0,i_out_of_range_percentage=0,i_range_query_hit_count_log=0,i_exponent_bias=-20,i_force_single_anyhit=1,i_perpendicular_rays=1,i_start_ray_at_zero=1,i_compaction=1,i_large_keys=0,i_closest_hit=0,i_skip_probing=0,i_num_rays_per_thread_log=0,i_decomposition_bits=22,i_debug=0,uncompacted_size=3805310464,final_size=2100466304,update_temp_buffer_size=0,convert_time_ms=10.813664436340332031,build_time_ms=166.065155029296875,convert_build_time_ms=176.87881946563720703,convert_build_compact_time_ms=184.23011541366577148,compact_time_ms=7.3512959480285644531,update_time_ms=0,convert_and_update_time_ms=0,sort_time_ms=0,total_probe_time_ms=105.10314178466796875
i_primitive=triangle,i_key_mode=3d,i_build_mode=b_sfl,i_probe_mode=p_sfl,i_num_build_keys_log=26,i_key_offset=0,i_key_stride_log=0,i_key_replication_log=0,i_reserve_keys_for_misses=0,i_local_updates=0,i_num_updates_log=0,i_num_probe_keys_log=27,i_miss_percentage=0,i_out_of_range_percentage=0,i_range_query_hit_count_log=0,i_exponent_bias=-10,i_force_single_anyhit=1,i_perpendicular_rays=1,i_start_ray_at_zero=1,i_compaction=1,i_large_keys=0,i_closest_hit=0,i_skip_probing=0,i_num_rays_per_thread_log=0,i_decomposition_bits=22,i_debug=0,uncompacted_size=3805310464,final_size=2101465984,update_temp_buffer_size=0,convert_time_ms=10.818240165710449219,build_time_ms=164.168701171875,convert_build_time_ms=174.98694133758544922,convert_build_compact_time_ms=182.3505253791809082,compact_time_ms=7.3635840415954589844,update_time_ms=0,convert_and_update_time_ms=0,sort_time_ms=0,total_probe_time_ms=105.07879409790038494
i_primitive=triangle,i_key_mode=3d,i_build_mode=b_sfl,i_probe_mode=p_sfl,i_num_build_keys_log=26,i_key_offset=0,i_key_stride_log=0,i_key_replication_log=0,i_reserve_keys_for_misses=0,i_local_updates=0,i_num_updates_log=0,i_num_probe_keys_log=27,i_miss_percentage=0,i_out_of_range_percentage=0,i_range_query_hit_count_log=0,i_exponent_bias=0,i_force_single_anyhit=1,i_perpendicular_rays=1,i_start_ray_at_zero=1,i_compaction=1,i_large_keys=0,i_closest_hit=0,i_skip_probing=0,i_num_rays_per_thread_log=0,i_decomposition_bits=22,i_debug=0,uncompacted_size=3805310464,final_size=2126120960,update_temp_buffer_size=0,convert_time_ms=10.722432136535644531,build_time_ms=165.8231964111328125,convert_build_time_ms=176.54562854766845703,convert_build_compact_time_ms=183.93071651458740234,compact_time_ms=7.3850879669189453125,update_time_ms=0,convert_and_update_time_ms=0,sort_time_ms=0,total_probe_time_ms=105.46255035400390909
i_primitive=triangle,i_key_mode=3d,i_build_mode=b_sfl,i_probe_mode=p_sfl,i_num_build_keys_log=26,i_key_offset=0,i_key_stride_log=0,i_key_replication_log=0,i_reserve_keys_for_misses=0,i_local_updates=0,i_num_updates_log=0,i_num_probe_keys_log=27,i_miss_percentage=0,i_out_of_range_percentage=0,i_range_query_hit_count_log=0,i_exponent_bias=10,i_force_single_anyhit=1,i_perpendicular_rays=1,i_start_ray_at_zero=1,i_compaction=1,i_large_keys=0,i_closest_hit=0,i_skip_probing=0,i_num_rays_per_thread_log=0,i_decomposition_bits=22,i_debug=0,uncompacted_size=3805310464,final_size=2098397952,update_temp_buffer_size=0,convert_time_ms=10.807104110717773438,build_time_ms=164.3079376220703125,convert_build_time_ms=175.11504173278808594,convert_build_compact_time_ms=182.38851356506347656,compact_time_ms=7.273471832275390625,update_time_ms=0,convert_and_update_time_ms=0,sort_time_ms=0,total_probe_time_ms=104.93531494140624716
i_primitive=triangle,i_key_mode=3d,i_build_mode=b_sfl,i_probe_mode=p_sfl,i_num_build_keys_log=26,i_key_offset=0,i_key_stride_log=0,i_key_replication_log=0,i_reserve_keys_for_misses=0,i_local_updates=0,i_num_updates_log=0,i_num_probe_keys_log=27,i_miss_percentage=0,i_out_of_range_percentage=0,i_range_query_hit_count_log=0,i_exponent_bias=20,i_force_single_anyhit=1,i_perpendicular_rays=1,i_start_ray_at_zero=1,i_compaction=1,i_large_keys=0,i_closest_hit=0,i_skip_probing=0,i_num_rays_per_thread_log=0,i_decomposition_bits=22,i_debug=0,uncompacted_size=3805310464,final_size=2099574912,update_temp_buffer_size=0,convert_time_ms=10.818528175354003906,build_time_ms=165.1945648193359375,convert_build_time_ms=176.01309299468994141,convert_build_compact_time_ms=183.34493303298950195,compact_time_ms=7.3318400382995605469,update_time_ms=0,convert_and_update_time_ms=0,sort_time_ms=0,total_probe_time_ms=104.93108444213866903
