i_primitive=triangle,i_key_mode=3d,i_build_mode=b_sfl,i_probe_mode=p_sfl,i_num_build_keys_log=20,i_key_offset=0,i_key_stride_log=0,i_key_replication_log=0,i_reserve_keys_for_misses=0,i_local_updates=0,i_num_updates_log=0,i_num_probe_keys_log=20,i_miss_percentage=0,i_out_of_range_percentage=0,i_range_query_hit_count_log=0,i_exponent_bias=0,i_force_single_anyhit=1,i_perpendicular_rays=1,i_start_ray_at_zero=0,i_compaction=1,i_large_keys=0,i_closest_hit=0,i_skip_probing=0,i_num_rays_per_thread_log=0,i_decomposition_bits=22,i_debug=0,uncompacted_size=59460736,final_size=35766144,update_temp_buffer_size=0,convert_time_ms=0.18828800320625305176,build_time_ms=2.7904000282287597656,convert_build_time_ms=2.9786880314350128174,convert_build_compact_time_ms=3.1083840280771255493,compact_time_ms=0.12969599664211273193,update_time_ms=0,convert_and_update_time_ms=0,sort_time_ms=0,total_probe_time_ms=0.44424640536308290795
i_primitive=triangle,i_key_mode=3d,i_build_mode=b_sfl,i_probe_mode=p_sfl,i_num_build_keys_log=20,i_key_offset=0,i_key_stride_log=0,i_key_replication_log=0,i_reserve_keys_for_misses=0,i_local_updates=0,i_num_updates_log=0,i_num_probe_keys_log=20,i_miss_percentage=0,i_out_of_range_percentage=0,i_range_query_hit_count_log=0,i_exponent_bias=0,i_force_single_anyhit=1,i_perpendicular_rays=1,i_start_ray_at_zero=0,i_compaction=1,i_large_keys=0,i_closest_hit=0,i_skip_probing=0,i_num_rays_per_thread_log=0,i_decomposition_bits=20,i_debug=0,uncompacted_size=59460736,final_size=35763712,update_temp_buffer_size=0,convert_time_ms=0.19699199497699737549,build_time_ms=2.8671040534973144531,convert_build_time_ms=3.0640960484743118286,convert_build_compact_time_ms=3.1931200474500656128,compact_time_ms=0.12902399897575378418,update_time_ms=0,convert_and_update_time_ms=0,sort_time_ms=0,total_probe_time_ms=0.44442880153656005859
i_primitive=triangle,i_key_mode=3d,i_build_mode=b_sfl,i_probe_mode=p_sfl,i_num_build_keys_log=20,i_key_offset=0,i_key_stride_log=0,i_key_replication_log=0,i_reserve_keys_for_misses=0,i_local_updates=0,i_num_updates_log=0,i_num_probe_keys_log=20,i_miss_percentage=0,i_out_of_range_percentage=0,i_range_query_hit_count_log=0,i_exponent_bias=0,i_force_single_anyhit=1,i_perpendicular_rays=1,i_start_ray_at_zero=0,i_compaction=1,i_large_keys=0,i_closest_hit=0,i_skip_probing=0,i_num_rays_per_thread_log=0,i_decomposition_bits=18,i_debug=0,uncompacted_size=59460736,final_size=31295232,update_temp_buffer_size=0,convert_time_ms=0.18764799833297729492,build_time_ms=2.730815887451171875,convert_build_time_ms=2.9184638857841491699,convert_build_compact_time_ms=3.0321278870105743408,compact_time_ms=0.1136640012264251709,update_time_ms=0,convert_and_update_time_ms=0,sort_time_ms=0,total_probe_time_ms=0.41163199841976166882
i_primitive=triangle,i_key_mode=3d,i_build_mode=b_sfl,i_probe_mode=p_sfl,i_num_build_keys_log=20,i_key_offset=0,i_key_stride_log=0,i_key_replication_log=0,i_reserve_keys_for_misses=0,i_local_updates=0,i_num_updates_log=0,i_num_probe_keys_log=20,i_miss_percentage=0,i_out_of_range_percentage=0,i_range_query_hit_count_log=0,i_exponent_bias=0,i_force_single_anyhit=1,i_perpendicular_rays=1,i_start_ray_at_zero=0,i_compaction=1,i_large_keys=0,i_closest_hit=0,i_skip_probing=0,i_num_rays_per_thread_log=0,i_decomposition_bits=16,i_debug=0,uncompacted_size=59460736,final_size=29524736,update_temp_buffer_size=0,convert_time_ms=0.19161599874496459961,build_time_ms=2.720767974853515625,convert_build_time_ms=2.9123839735984802246,convert_build_compact_time_ms=3.0168319717049598694,compact_time_ms=0.10444799810647964478,update_time_ms=0,convert_and_update_time_ms=0,sort_time_ms=0,total_probe_time_ms=0.43279680609703063965
i_primitive=triangle,i_key_mode=3d,i_build_mode=b_sfl,i_probe_mode=p_sfl,i_num_build_keys_log=20,i_key_offset=0,i_key_stride_log=0,i_key_replication_log=0,i_reserve_keys_for_misses=0,i_local_updates=0,i_num_updates_log=0,i_num_probe_keys_log=20,i_miss_percentage=0,i_out_of_range_percentage=0,i_range_query_hit_count_log=0,i_exponent_bias=0,i_force_single_anyhit=1,i_perpendicular_rays=1,i_start_ray_at_zero=0,i_compaction=1,i_large_keys=0,i_closest_hit=0,i_skip_probing=0,i_num_rays_per_thread_log=0,i_decomposition_bits=14,i_debug=0,uncompacted_size=59460736,final_size=29476736,update_temp_buffer_size=0,convert_time_ms=0.18838399648666381836,build_time_ms=2.7023360729217529297,convert_build_time_ms=2.890720069408416748,convert_build_compact_time_ms=2.9941440671682357788,compact_time_ms=0.10342399775981903076,update_time_ms=0,convert_and_update_time_ms=0,sort_time_ms=0,total_probe_time_ms=0.4349696040153503418
i_primitive=triangle,i_key_mode=3d,i_build_mode=b_sfl,i_probe_mode=p_sfl,i_num_build_keys_log=20,i_key_offset=0,i_key_stride_log=0,i_key_replication_log=0,i_reserve_keys_for_misses=0,i_local_updates=0,i_num_updates_log=0,i_num_probe_keys_log=20,i_miss_percentage=0,i_out_of_range_percentage=0,i_range_query_hit_count_log=0,i_exponent_bias=0,i_force_single_anyhit=1,i_perpendicular_rays=1,i_start_ray_at_zero=0,i_compaction=1,i_large_keys=0,i_closest_hit=0,i_skip_probing=0,i_num_rays_per_thread_log=0,i_decomposition_bits=12,i_debug=0,uncompacted_size=59460736,final_size=29501952,update_temp_buffer_size=0,convert_time_ms=0.18649600446224212646,build_time_ms=2.7103359699249267578,convert_build_time_ms=2.8968319743871688843,convert_build_compact_time_ms=3.0031999722123146057,compact_time_ms=0.10636799782514572144,update_time_ms=0,convert_and_update_time_ms=0,sort_time_ms=0,total_probe_time_ms=0.43326720297336579479
i_primitive=triangle,i_key_mode=3d,i_build_mode=b_sfl,i_probe_mode=p_sfl,i_num_build_keys_log=20,i_key_offset=0,i_key_stride_log=0,i_key_replication_log=0,i_reserve_keys_for_misses=0,i_local_updates=0,i_num_updates_log=0,i_num_probe_keys_log=20,i_miss_percentage=0,i_out_of_range_percentage=0,i_range_query_hit_count_log=0,i_exponent_bias=0,i_force_single_anyhit=1,i_perpendicular_rays=1,i_start_ray_at_zero=0,i_compaction=1,i_large_keys=0,i_closest_hit=0,i_skip_probing=0,i_num_rays_per_thread_log=0,i_decomposition_bits=10,i_debug=0,uncompacted_size=59460736,final_size=29492608,update_temp_buffer_size=0,convert_time_ms=0.18700799345970153809,build_time_ms=2.6951680183410644531,convert_build_time_ms=2.8821760118007659912,convert_build_compact_time_ms=2.98764801025390625,compact_time_ms=0.10547199845314025879,update_time_ms=0,convert_and_update_time_ms=0,sort_time_ms=0,total_probe_time_ms=0.43291200399398804821
i_primitive=triangle,i_key_mode=3d,i_build_mode=b_sfl,i_probe_mode=p_sfl,i_num_build_keys_log=20,i_key_offset=0,i_key_stride_log=0,i_key_replication_log=0,i_reserve_keys_for_misses=0,i_local_updates=0,i_num_updates_log=0,i_num_probe_keys_log=27,i_miss_percentage=0,i_out_of_range_percentage=0,i_range_query_hit_count_log=0,i_exponent_bias=0,i_force_single_anyhit=1,i_perpendicular_rays=1,i_start_ray_at_zero=0,i_compaction=1,i_large_keys=0,i_closest_hit=0,i_skip_probing=0,i_num_rays_per_thread_log=0,i_decomposition_bits=22,i_debug=0,uncompacted_size=59460736,final_size=35763968,update_temp_buffer_size=0,convert_time_ms=0.18838399648666381836,build_time_ms=2.8343360424041748047,convert_build_time_ms=3.022720038890838623,convert_build_compact_time_ms=3.1516160368919372559,compact_time_ms=0.12889599800109863281,update_time_ms=0,convert_and_update_time_ms=0,sort_time_ms=0,total_probe_time_ms=54.712079620361329546
i_primitive=triangle,i_key_mode=3d,i_build_mode=b_sfl,i_probe_mode=p_sfl,i_num_build_keys_log=20,i_key_offset=0,i_key_stride_log=0,i_key_replication_log=0,i_reserve_keys_for_misses=0,i_local_updates=0,i_num_updates_log=0,i_num_probe_keys_log=27,i_miss_percentage=0,i_out_of_range_percentage=0,i_range_query_hit_count_log=0,i_exponent_bias=0,i_force_single_anyhit=1,i_perpendicular_rays=1,i_start_ray_at_zero=0,i_compaction=1,i_large_keys=0,i_closest_hit=0,i_skip_probing=0,i_num_rays_per_thread_log=0,i_decomposition_bits=20,i_debug=0,uncompacted_size=59460736,final_size=35766144,update_temp_buffer_size=0,convert_time_ms=0.1891199946403503418,build_time_ms=2.8047358989715576172,convert_build_time_ms=2.993855893611907959,convert_build_compact_time_ms=3.1216958910226821899,compact_time_ms=0.12783999741077423096,update_time_ms=0,convert_and_update_time_ms=0,sort_time_ms=0,total_probe_time_ms=54.72630424499512003
i_primitive=triangle,i_key_mode=3d,i_build_mode=b_sfl,i_probe_mode=p_sfl,i_num_build_keys_log=20,i_key_offset=0,i_key_stride_log=0,i_key_replication_log=0,i_reserve_keys_for_misses=0,i_local_updates=0,i_num_updates_log=0,i_num_probe_keys_log=27,i_miss_percentage=0,i_out_of_range_percentage=0,i_range_query_hit_count_log=0,i_exponent_bias=0,i_force_single_anyhit=1,i_perpendicular_rays=1,i_start_ray_at_zero=0,i_compaction=1,i_large_keys=0,i_closest_hit=0,i_skip_probing=0,i_num_rays_per_thread_log=0,i_decomposition_bits=18,i_debug=0,uncompacted_size=59460736,final_size=31295104,update_temp_buffer_size=0,convert_time_ms=0.18863999843597412109,build_time_ms=2.7320320606231689453,convert_build_time_ms=2.9206720590591430664,convert_build_compact_time_ms=3.0322880595922470093,compact_time_ms=0.11161600053310394287,update_time_ms=0,convert_and_update_time_ms=0,sort_time_ms=0,total_probe_time_ms=50.795414733886715908
i_primitive=triangle,i_key_mode=3d,i_build_mode=b_sfl,i_probe_mode=p_sfl,i_num_build_keys_log=20,i_key_offset=0,i_key_stride_log=0,i_key_replication_log=0,i_reserve_keys_for_misses=0,i_local_updates=0,i_num_updates_log=0,i_num_probe_keys_log=27,i_miss_percentage=0,i_out_of_range_percentage=0,i_range_query_hit_count_log=0,i_exponent_bias=0,i_force_single_anyhit=1,i_perpendicular_rays=1,i_start_ray_at_zero=0,i_compaction=1,i_large_keys=0,i_closest_hit=0,i_skip_probing=0,i_num_rays_per_thread_log=0,i_decomposition_bits=16,i_debug=0,uncompacted_size=59460736,final_size=29534464,update_temp_buffer_size=0,convert_time_ms=0.18982400000095367432,build_time_ms=2.7135040760040283203,convert_build_time_ms=2.9033280760049819946,convert_build_compact_time_ms=3.0108480751514434814,compact_time_ms=0.10751999914646148682,update_time_ms=0,convert_and_update_time_ms=0,sort_time_ms=0,total_probe_time_ms=53.490620803833010655
i_primitive=triangle,i_key_mode=3d,i_build_mode=b_sfl,i_probe_mode=p_sfl,i_num_build_keys_log=20,i_key_offset=0,i_key_stride_log=0,i_key_replication_log=0,i_reserve_keys_for_misses=0,i_local_updates=0,i_num_updates_log=0,i_num_probe_keys_log=27,i_miss_percentage=0,i_out_of_range_percentage=0,i_range_query_hit_count_log=0,i_exponent_bias=0,i_force_single_anyhit=1,i_perpendicular_rays=1,i_start_ray_at_zero=0,i_compaction=1,i_large_keys=0,i_closest_hit=0,i_skip_probing=0,i_num_rays_per_thread_log=0,i_decomposition_bits=14,i_debug=0,uncompacted_size=59460736,final_size=29493760,update_temp_buffer_size=0,convert_time_ms=0.18527999520301818848,build_time_ms=2.7013120651245117188,convert_build_time_ms=2.8865920603275299072,convert_build_compact_time_ms=2.9959040582180023193,compact_time_ms=0.10931199789047241211,update_time_ms=0,convert_and_update_time_ms=0,sort_time_ms=0,total_probe_time_ms=53.538159942626954546
i_primitive=triangle,i_key_mode=3d,i_build_mode=b_sfl,i_probe_mode=p_sfl,i_num_build_keys_log=20,i_key_offset=0,i_key_stride_log=0,i_key_replication_log=0,i_reserve_keys_for_misses=0,i_local_updates=0,i_num_updates_log=0,i_num_probe_keys_log=27,i_miss_percentage=0,i_out_of_range_percentage=0,i_range_query_hit_count_log=0,i_exponent_bias=0,i_force_single_anyhit=1,i_perpendicular_rays=1,i_start_ray_at_zero=0,i_compaction=1,i_large_keys=0,i_closest_hit=0,i_skip_probing=0,i_num_rays_per_thread_log=0,i_decomposition_bits=12,i_debug=0,uncompacted_size=59460736,final_size=29505536,update_temp_buffer_size=0,convert_time_ms=0.18486399948596954346,build_time_ms=2.7105278968811035156,convert_build_time_ms=2.8953918963670730591,convert_build_compact_time_ms=3.0008638948202133179,compact_time_ms=0.10547199845314025879,update_time_ms=0,convert_and_update_time_ms=0,sort_time_ms=0,total_probe_time_ms=53.440163421630856533
i_primitive=triangle,i_key_mode=3d,i_build_mode=b_sfl,i_probe_mode=p_sfl,i_num_build_keys_log=20,i_key_offset=0,i_key_stride_log=0,i_key_replication_log=0,i_reserve_keys_for_misses=0,i_local_updates=0,i_num_updates_log=0,i_num_probe_keys_log=27,i_miss_percentage=0,i_out_of_range_percentage=0,i_range_query_hit_count_log=0,i_exponent_bias=0,i_force_single_anyhit=1,i_perpendicular_rays=1,i_start_ray_at_zero=0,i_compaction=1,i_large_keys=0,i_closest_hit=0,i_skip_probing=0,i_num_rays_per_thread_log=0,i_decomposition_bits=10,i_debug=0,uncompacted_size=59460736,final_size=29502976,update_temp_buffer_size=0,convert_time_ms=0.18678399920463562012,build_time_ms=2.7238399982452392578,convert_build_time_ms=2.9106239974498748779,convert_build_compact_time_ms=3.0140479952096939087,compact_time_ms=0.10342399775981903076,update_time_ms=0,convert_and_update_time_ms=0,sort_time_ms=0,total_probe_time_ms=53.476521682739260655
i_primitive=triangle,i_key_mode=3d,i_build_mode=b_sfl,i_probe_mode=p_sfl,i_num_build_keys_log=25,i_key_offset=0,i_key_stride_log=0,i_key_replication_log=0,i_reserve_keys_for_misses=0,i_local_updates=0,i_num_updates_log=0,i_num_probe_keys_log=20,i_miss_percentage=0,i_out_of_range_percentage=0,i_range_query_hit_count_log=0,i_exponent_bias=0,i_force_single_anyhit=1,i_perpendicular_rays=1,i_start_ray_at_zero=0,i_compaction=1,i_large_keys=0,i_closest_hit=0,i_skip_probing=0,i_num_rays_per_thread_log=0,i_decomposition_bits=22,i_debug=0,uncompacted_size=1902656640,final_size=1092524800,update_temp_buffer_size=0,convert_time_ms=5.3678722381591796875,build_time_ms=81.0063323974609375,convert_build_time_ms=86.374204635620117188,convert_build_compact_time_ms=90.23567652702331543,compact_time_ms=3.8614718914031982422,update_time_ms=0,convert_and_update_time_ms=0,sort_time_ms=0,total_probe_time_ms=0.83556799292564387649
i_primitive=triangle,i_key_mode=3d,i_build_mode=b_sfl,i_probe_mode=p_sfl,i_num_build_keys_log=25,i_key_offset=0,i_key_stride_log=0,i_key_replication_log=0,i_reserve_keys_for_misses=0,i_local_updates=0,i_num_updates_log=0,i_num_probe_keys_log=20,i_miss_percentage=0,i_out_of_range_percentage=0,i_range_query_hit_count_log=0,i_exponent_bias=0,i_force_single_anyhit=1,i_perpendicular_rays=1,i_start_ray_at_zero=0,i_compaction=1,i_large_keys=0,i_closest_hit=0,i_skip_probing=0,i_num_rays_per_thread_log=0,i_decomposition_bits=20,i_debug=0,uncompacted_size=1902656640,final_size=983569664,update_temp_buffer_size=0,convert_time_ms=5.3680639266967773438,build_time_ms=79.5371551513671875,convert_build_time_ms=84.905219078063964844,convert_build_compact_time_ms=88.341634988784790039,compact_time_ms=3.4364159107208251953,update_time_ms=0,convert_and_update_time_ms=0,sort_time_ms=0,total_probe_time_ms=0.83206400871276853248
i_primitive=triangle,i_key_mode=3d,i_build_mode=b_sfl,i_probe_mode=p_sfl,i_num_build_keys_log=25,i_key_offset=0,i_key_stride_log=0,i_key_replication_log=0,i_reserve_keys_for_misses=0,i_local_updates=0,i_num_updates_log=0,i_num_probe_keys_log=20,i_miss_percentage=0,i_out_of_range_percentage=0,i_range_query_hit_count_log=0,i_exponent_bias=0,i_force_single_anyhit=1,i_perpendicular_rays=1,i_start_ray_at_zero=0,i_compaction=1,i_large_keys=0,i_closest_hit=0,i_skip_probing=0,i_num_rays_per_thread_log=0,i_decomposition_bits=18,i_debug=0,uncompacted_size=1902656640,final_size=949869312,update_temp_buffer_size=0,convert_time_ms=5.3723521232604980469,build_time_ms=78.487548828125,convert_build_time_ms=83.859900951385498047,convert_build_compact_time_ms=87.188925027847290039,compact_time_ms=3.3290240764617919922,update_time_ms=0,convert_and_update_time_ms=0,sort_time_ms=0,total_probe_time_ms=0.8390592038631439209
i_primitive=triangle,i_key_mode=3d,i_build_mode=b_sfl,i_probe_mode=p_sfl,i_num_build_keys_log=25,i_key_offset=0,i_key_stride_log=0,i_key_replication_log=0,i_reserve_keys_for_misses=0,i_local_updates=0,i_num_updates_log=0,i_num_probe_keys_log=20,i_miss_percentage=0,i_out_of_range_percentage=0,i_range_query_hit_count_log=0,i_exponent_bias=0,i_force_single_anyhit=1,i_perpendicular_rays=1,i_start_ray_at_zero=0,i_compaction=1,i_large_keys=0,i_closest_hit=0,i_skip_probing=0,i_num_rays_per_thread_log=0,i_decomposition_bits=16,i_debug=0,uncompacted_size=1902656640,final_size=946300288,update_temp_buffer_size=0,convert_time_ms=5.3702077865600585938,build_time_ms=78.485504150390625,convert_build_time_ms=83.855711936950683594,convert_build_compact_time_ms=87.15391993522644043,compact_time_ms=3.2982079982757568359,update_time_ms=0,convert_and_update_time_ms=0,sort_time_ms=0,total_probe_time_ms=0.83820159435272212356
i_primitive=triangle,i_key_mode=3d,i_build_mode=b_sfl,i_probe_mode=p_sfl,i_num_build_keys_log=25,i_key_offset=0,i_key_stride_log=0,i_key_replication_log=0,i_reserve_keys_for_misses=0,i_local_updates=0,i_num_updates_log=0,i_num_probe_keys_log=20,i_miss_percentage=0,i_out_of_range_percentage=0,i_range_query_hit_count_log=0,i_exponent_bias=0,i_force_single_anyhit=1,i_perpendicular_rays=1,i_start_ray_at_zero=0,i_compaction=1,i_large_keys=0,i_closest_hit=0,i_skip_probing=0,i_num_rays_per_thread_log=0,i_decomposition_bits=14,i_debug=0,uncompacted_size=1902656640,final_size=946428416,update_temp_buffer_size=0,convert_time_ms=5.3225278854370117188,build_time_ms=78.65753936767578125,convert_build_time_ms=83.980067253112792969,convert_build_compact_time_ms=87.277347326278686523,compact_time_ms=3.2972800731658935547,update_time_ms=0,convert_and_update_time_ms=0,sort_time_ms=0,total_probe_time_ms=0.83931520581245422363
i_primitive=triangle,i_key_mode=3d,i_build_mode=b_sfl,i_probe_mode=p_sfl,i_num_build_keys_log=25,i_key_offset=0,i_key_stride_log=0,i_key_replication_log=0,i_reserve_keys_for_misses=0,i_local_updates=0,i_num_updates_log=0,i_num_probe_keys_log=20,i_miss_percentage=0,i_out_of_range_percentage=0,i_range_query_hit_count_log=0,i_exponent_bias=0,i_force_single_anyhit=1,i_perpendicular_rays=1,i_start_ray_at_zero=0,i_compaction=1,i_large_keys=0,i_closest_hit=0,i_skip_probing=0,i_num_rays_per_thread_log=0,i_decomposition_bits=12,i_debug=0,uncompacted_size=1902656640,final_size=937664768,update_temp_buffer_size=0,convert_time_ms=5.3288321495056152344,build_time_ms=78.600189208984375,convert_build_time_ms=83.929021358489990234,convert_build_compact_time_ms=87.198653459548950195,compact_time_ms=3.2696321010589599609,update_time_ms=0,convert_and_update_time_ms=0,sort_time_ms=0,total_probe_time_ms=1.1899456024169920987
i_primitive=triangle,i_key_mode=3d,i_build_mode=b_sfl,i_probe_mode=p_sfl,i_num_build_keys_log=25,i_key_offset=0,i_key_stride_log=0,i_key_replication_log=0,i_reserve_keys_for_misses=0,i_local_updates=0,i_num_updates_log=0,i_num_probe_keys_log=20,i_miss_percentage=0,i_out_of_range_percentage=0,i_range_query_hit_count_log=0,i_exponent_bias=0,i_force_single_anyhit=1,i_perpendicular_rays=1,i_start_ray_at_zero=0,i_compaction=1,i_large_keys=0,i_closest_hit=0,i_skip_probing=0,i_num_rays_per_thread_log=0,i_decomposition_bits=10,i_debug=0,uncompacted_size=1902656640,final_size=995668608,update_temp_buffer_size=0,convert_time_ms=5.3239040374755859375,build_time_ms=82.986785888671875,convert_build_time_ms=88.310689926147460938,convert_build_compact_time_ms=91.772833824157714844,compact_time_ms=3.4621438980102539062,update_time_ms=0,convert_and_update_time_ms=0,sort_time_ms=0,total_probe_time_ms=0.99529600143432617188
i_primitive=triangle,i_key_mode=3d,i_build_mode=b_sfl,i_probe_mode=p_sfl,i_num_build_keys_log=25,i_key_offset=0,i_key_stride_log=0,i_key_replication_log=0,i_reserve_keys_for_misses=0,i_local_updates=0,i_num_updates_log=0,i_num_probe_keys_log=27,i_miss_percentage=0,i_out_of_range_percentage=0,i_range_query_hit_count_log=0,i_exponent_bias=0,i_force_single_anyhit=1,i_perpendicular_rays=1,i_start_ray_at_zero=0,i_compaction=1,i_large_keys=0,i_closest_hit=0,i_skip_probing=0,i_num_rays_per_thread_log=0,i_decomposition_bits=22,i_debug=0,uncompacted_size=1902656640,final_size=1092122624,update_temp_buffer_size=0,convert_time_ms=5.3680319786071777344,build_time_ms=81.7756195068359375,convert_build_time_ms=87.143651485443115234,convert_build_compact_time_ms=90.947811603546142578,compact_time_ms=3.8041601181030273438,update_time_ms=0,convert_and_update_time_ms=0,sort_time_ms=0,total_probe_time_ms=98.027270507812502842
i_primitive=triangle,i_key_mode=3d,i_build_mode=b_sfl,i_probe_mode=p_sfl,i_num_build_keys_log=25,i_key_offset=0,i_key_stride_log=0,i_key_replication_log=0,i_reserve_keys_for_misses=0,i_local_updates=0,i_num_updates_log=0,i_num_probe_keys_log=27,i_miss_percentage=0,i_out_of_range_percentage=0,i_range_query_hit_count_log=0,i_exponent_bias=0,i_force_single_anyhit=1,i_perpendicular_rays=1,i_start_ray_at_zero=0,i_compaction=1,i_large_keys=0,i_closest_hit=0,i_skip_probing=0,i_num_rays_per_thread_log=0,i_decomposition_bits=20,i_debug=0,uncompacted_size=1902656640,final_size=984932736,update_temp_buffer_size=0,convert_time_ms=5.3711361885070800781,build_time_ms=80.4812774658203125,convert_build_time_ms=85.852413654327392578,convert_build_compact_time_ms=89.284861564636230469,compact_time_ms=3.4324479103088378906,update_time_ms=0,convert_and_update_time_ms=0,sort_time_ms=0,total_probe_time_ms=97.817140197753900566
i_primitive=triangle,i_key_mode=3d,i_build_mode=b_sfl,i_probe_mode=p_sfl,i_num_build_keys_log=25,i_key_offset=0,i_key_stride_log=0,i_key_replication_log=0,i_reserve_keys_for_misses=0,i_local_updates=0,i_num_updates_log=0,i_num_probe_keys_log=27,i_miss_percentage=0,i_out_of_range_percentage=0,i_range_query_hit_count_log=0,i_exponent_bias=0,i_force_single_anyhit=1,i_perpendicular_rays=1,i_start_ray_at_zero=0,i_compaction=1,i_large_keys=0,i_closest_hit=0,i_skip_probing=0,i_num_rays_per_thread_log=0,i_decomposition_bits=18,i_debug=0,uncompacted_size=1902656640,final_size=949916544,update_temp_buffer_size=0,convert_time_ms=5.374752044677734375,build_time_ms=79.92809295654296875,convert_build_time_ms=85.302845001220703125,convert_build_compact_time_ms=88.604221105575561523,compact_time_ms=3.3013761043548583984,update_time_ms=0,convert_and_update_time_ms=0,sort_time_ms=0,total_probe_time_ms=98.663257598876953125
i_primitive=triangle,i_key_mode=3d,i_build_mode=b_sfl,i_probe_mode=p_sfl,i_num_build_keys_log=25,i_key_offset=0,i_key_stride_log=0,i_key_replication_log=0,i_reserve_keys_for_misses=0,i_local_updates=0,i_num_updates_log=0,i_num_probe_keys_log=27,i_miss_percentage=0,i_out_of_range_percentage=0,i_range_query_hit_count_log=0,i_exponent_bias=0,i_force_single_anyhit=1,i_perpendicular_rays=1,i_start_ray_at_zero=0,i_compaction=1,i_large_keys=0,i_closest_hit=0,i_skip_probing=0,i_num_rays_per_thread_log=0,i_decomposition_bits=16,i_debug=0,uncompacted_size=1902656640,final_size=946640384,update_temp_buffer_size=0,convert_time_ms=5.3716797828674316406,build_time_ms=79.4931182861328125,convert_build_time_ms=84.864798069000244141,convert_build_compact_time_ms=88.141597986221313477,compact_time_ms=3.2767999172210693359,update_time_ms=0,convert_and_update_time_ms=0,sort_time_ms=0,total_probe_time_ms=98.492311859130865059
i_primitive=triangle,i_key_mode=3d,i_build_mode=b_sfl,i_probe_mode=p_sfl,i_num_build_keys_log=25,i_key_offset=0,i_key_stride_log=0,i_key_replication_log=0,i_reserve_keys_for_misses=0,i_local_updates=0,i_num_updates_log=0,i_num_probe_keys_log=27,i_miss_percentage=0,i_out_of_range_percentage=0,i_range_query_hit_count_log=0,i_exponent_bias=0,i_force_single_anyhit=1,i_perpendicular_rays=1,i_start_ray_at_zero=0,i_compaction=1,i_large_keys=0,i_closest_hit=0,i_skip_probing=0,i_num_rays_per_thread_log=0,i_decomposition_bits=14,i_debug=0,uncompacted_size=1902656640,final_size=946512768,update_temp_buffer_size=0,convert_time_ms=5.3299517631530761719,build_time_ms=79.608734130859375,convert_build_time_ms=84.938685894012451172,convert_build_compact_time_ms=88.223677873611450195,compact_time_ms=3.2849919795989990234,update_time_ms=0,convert_and_update_time_ms=0,sort_time_ms=0,total_probe_time_ms=98.615144348144525566
i_primitive=triangle,i_key_mode=3d,i_build_mode=b_sfl,i_probe_mode=p_sfl,i_num_build_keys_log=25,i_key_offset=0,i_key_stride_log=0,i_key_replication_log=0,i_reserve_keys_for_misses=0,i_local_updates=0,i_num_updates_log=0,i_num_probe_keys_log=27,i_miss_percentage=0,i_out_of_range_percentage=0,i_range_query_hit_count_log=0,i_exponent_bias=0,i_force_single_anyhit=1,i_perpendicular_rays=1,i_start_ray_at_zero=0,i_compaction=1,i_large_keys=0,i_closest_hit=0,i_skip_probing=0,i_num_rays_per_thread_log=0,i_decomposition_bits=12,i_debug=0,uncompacted_size=1902656640,final_size=938662400,update_temp_buffer_size=0,convert_time_ms=5.3308801651000976562,build_time_ms=79.889404296875,convert_build_time_ms=85.220284461975097656,convert_build_compact_time_ms=88.445884466171264648,compact_time_ms=3.2256000041961669922,update_time_ms=0,convert_and_update_time_ms=0,sort_time_ms=0,total_probe_time_ms=140.72692413330076988
i_primitive=triangle,i_key_mode=3d,i_build_mode=b_sfl,i_probe_mode=p_sfl,i_num_build_keys_log=25,i_key_offset=0,i_key_stride_log=0,i_key_replication_log=0,i_reserve_keys_for_misses=0,i_local_updates=0,i_num_updates_log=0,i_num_probe_keys_log=27,i_miss_percentage=0,i_out_of_range_percentage=0,i_range_query_hit_count_log=0,i_exponent_bias=0,i_force_single_anyhit=1,i_perpendicular_rays=1,i_start_ray_at_zero=0,i_compaction=1,i_large_keys=0,i_closest_hit=0,i_skip_probing=0,i_num_rays_per_thread_log=0,i_decomposition_bits=10,i_debug=0,uncompacted_size=1902656640,final_size=994957952,update_temp_buffer_size=0,convert_time_ms=5.3313279151916503906,build_time_ms=84.19942474365234375,convert_build_time_ms=89.530752658843994141,convert_build_compact_time_ms=92.987776756286621094,compact_time_ms=3.4570240974426269531,update_time_ms=0,convert_and_update_time_ms=0,sort_time_ms=0,total_probe_time_ms=116.96462402343749432
i_primitive=triangle,i_key_mode=3d,i_build_mode=b_sfl,i_probe_mode=p_sfl,i_num_build_keys_log=26,i_key_offset=0,i_key_stride_log=0,i_key_replication_log=0,i_reserve_keys_for_misses=0,i_local_updates=0,i_num_updates_log=0,i_num_probe_keys_log=20,i_miss_percentage=0,i_out_of_range_percentage=0,i_range_query_hit_count_log=0,i_exponent_bias=0,i_force_single_anyhit=1,i_perpendicular_rays=1,i_start_ray_at_zero=0,i_compaction=1,i_large_keys=0,i_closest_hit=0,i_skip_probing=0,i_num_rays_per_thread_log=0,i_decomposition_bits=22,i_debug=0,uncompacted_size=3805310464,final_size=2126649600,update_temp_buffer_size=0,convert_time_ms=10.714367866516113281,build_time_ms=166.984710693359375,convert_build_time_ms=177.69907855987548828,convert_build_compact_time_ms=185.15584659576416016,compact_time_ms=7.456768035888671875,update_time_ms=0,convert_and_update_time_ms=0,sort_time_ms=0,total_probe_time_ms=0.89678401350975034401
i_primitive=triangle,i_key_mode=3d,i_build_mode=b_sfl,i_probe_mode=p_sfl,i_num_build_keys_log=26,i_key_offset=0,i_key_stride_log=0,i_key_replication_log=0,i_reserve_keys_for_misses=0,i_local_updates=0,i_num_updates_log=0,i_num_probe_keys_log=20,i_miss_percentage=0,i_out_of_range_percentage=0,i_range_query_hit_count_log=0,i_exponent_bias=0,i_force_single_anyhit=1,i_perpendicular_rays=1,i_start_ray_at_zero=0,i_compaction=1,i_large_keys=0,i_closest_hit=0,i_skip_probing=0,i_num_rays_per_thread_log=0,i_decomposition_bits=20,i_debug=0,uncompacted_size=3805310464,final_size=1932512640,update_temp_buffer_size=0,convert_time_ms=10.707712173461914062,build_time_ms=163.0195770263671875,convert_build_time_ms=173.72728919982910156,convert_build_compact_time_ms=180.41810512542724609,compact_time_ms=6.6908159255981445312,update_time_ms=0,convert_and_update_time_ms=0,sort_time_ms=0,total_probe_time_ms=0.90200960040092470482
i_primitive=triangle,i_key_mode=3d,i_build_mode=b_sfl,i_probe_mode=p_sfl,i_num_build_keys_log=26,i_key_offset=0,i_key_stride_log=0,i_key_replication_log=0,i_reserve_keys_for_misses=0,i_local_updates=0,i_num_updates_log=0,i_num_probe_keys_log=20,i_miss_percentage=0,i_out_of_range_percentage=0,i_range_query_hit_count_log=0,i_exponent_bias=0,i_force_single_anyhit=1,i_perpendicular_rays=1,i_start_ray_at_zero=0,i_compaction=1,i_large_keys=0,i_closest_hit=0,i_skip_probing=0,i_num_rays_per_thread_log=0,i_decomposition_bits=18,i_debug=0,uncompacted_size=3805310464,final_size=1879326592,update_temp_buffer_size=0,convert_time_ms=10.70998382568359375,build_time_ms=162.8559417724609375,convert_build_time_ms=173.56592559814453125,convert_build_compact_time_ms=180.12362146377563477,compact_time_ms=6.5576958656311035156,update_time_ms=0,convert_and_update_time_ms=0,sort_time_ms=0,total_probe_time_ms=0.90290560722351076439
i_primitive=triangle,i_key_mode=3d,i_build_mode=b_sfl,i_probe_mode=p_sfl,i_num_build_keys_log=26,i_key_offset=0,i_key_stride_log=0,i_key_replication_log=0,i_reserve_keys_for_misses=0,i_local_updates=0,i_num_updates_log=0,i_num_probe_keys_log=20,i_miss_percentage=0,i_out_of_range_percentage=0,i_range_query_hit_count_log=0,i_exponent_bias=0,i_force_single_anyhit=1,i_perpendicular_rays=1,i_start_ray_at_zero=0,i_compaction=1,i_large_keys=0,i_closest_hit=0,i_skip_probing=0,i_num_rays_per_thread_log=0,i_decomposition_bits=16,i_debug=0,uncompacted_size=3805310464,final_size=1874878976,update_temp_buffer_size=0,convert_time_ms=10.707936286926269531,build_time_ms=162.0623321533203125,convert_build_time_ms=172.77026844024658203,convert_build_compact_time_ms=179.25628423690795898,compact_time_ms=6.4860157966613769531,update_time_ms=0,convert_and_update_time_ms=0,sort_time_ms=0,total_probe_time_ms=0.90324801206588745117
i_primitive=triangle,i_key_mode=3d,i_build_mode=b_sfl,i_probe_mode=p_sfl,i_num_build_keys_log=26,i_key_offset=0,i_key_stride_log=0,i_key_replication_log=0,i_reserve_keys_for_misses=0,i_local_updates=0,i_num_updates_log=0,i_num_probe_keys_log=20,i_miss_percentage=0,i_out_of_range_percentage=0,i_range_query_hit_count_log=0,i_exponent_bias=0,i_force_single_anyhit=1,i_perpendicular_rays=1,i_start_ray_at_zero=0,i_compaction=1,i_large_keys=0,i_closest_hit=0,i_skip_probing=0,i_num_rays_per_thread_log=0,i_decomposition_bits=14,i_debug=0,uncompacted_size=3805310464,final_size=1875014656,update_temp_buffer_size=0,convert_time_ms=10.622112274169921875,build_time_ms=163.108795166015625,convert_build_time_ms=173.73090744018554688,convert_build_compact_time_ms=180.27938747406005859,compact_time_ms=6.5484800338745117188,update_time_ms=0,convert_and_update_time_ms=0,sort_time_ms=0,total_probe_time_ms=0.90181120038032536179
i_primitive=triangle,i_key_mode=3d,i_build_mode=b_sfl,i_probe_mode=p_sfl,i_num_build_keys_log=26,i_key_offset=0,i_key_stride_log=0,i_key_replication_log=0,i_reserve_keys_for_misses=0,i_local_updates=0,i_num_updates_log=0,i_num_probe_keys_log=20,i_miss_percentage=0,i_out_of_range_percentage=0,i_range_query_hit_count_log=0,i_exponent_bias=0,i_force_single_anyhit=1,i_perpendicular_rays=1,i_start_ray_at_zero=0,i_compaction=1,i_large_keys=0,i_closest_hit=0,i_skip_probing=0,i_num_rays_per_thread_log=0,i_decomposition_bits=12,i_debug=0,uncompacted_size=3805310464,final_size=2010252928,update_temp_buffer_size=0,convert_time_ms=10.624352455139160156,build_time_ms=172.9574737548828125,convert_build_time_ms=183.58182621002197266,convert_build_compact_time_ms=190.59417819976806641,compact_time_ms=7.01235198974609375,update_time_ms=0,convert_and_update_time_ms=0,sort_time_ms=0,total_probe_time_ms=1.0716000318527221236
i_primitive=triangle,i_key_mode=3d,i_build_mode=b_sfl,i_probe_mode=p_sfl,i_num_build_keys_log=26,i_key_offset=0,i_key_stride_log=0,i_key_replication_log=0,i_reserve_keys_for_misses=0,i_local_updates=0,i_num_updates_log=0,i_num_probe_keys_log=20,i_miss_percentage=0,i_out_of_range_percentage=0,i_range_query_hit_count_log=0,i_exponent_bias=0,i_force_single_anyhit=1,i_perpendicular_rays=1,i_start_ray_at_zero=0,i_compaction=1,i_large_keys=0,i_closest_hit=0,i_skip_probing=0,i_num_rays_per_thread_log=0,i_decomposition_bits=10,i_debug=0,uncompacted_size=3805310464,final_size=1987103744,update_temp_buffer_size=0,convert_time_ms=10.622591972351074219,build_time_ms=171.943939208984375,convert_build_time_ms=182.56653118133544922,convert_build_compact_time_ms=189.43859529495239258,compact_time_ms=6.8720641136169433594,update_time_ms=0,convert_and_update_time_ms=0,sort_time_ms=0,total_probe_time_ms=1.0755775690078734907
i_primitive=triangle,i_key_mode=3d,i_build_mode=b_sfl,i_probe_mode=p_sfl,i_num_build_keys_log=26,i_key_offset=0,i_key_stride_log=0,i_key_replication_log=0,i_reserve_keys_for_misses=0,i_local_updates=0,i_num_updates_log=0,i_num_probe_keys_log=27,i_miss_percentage=0,i_out_of_range_percentage=0,i_range_query_hit_count_log=0,i_exponent_bias=0,i_force_single_anyhit=1,i_perpendicular_rays=1,i_start_ray_at_zero=0,i_compaction=1,i_large_keys=0,i_closest_hit=0,i_skip_probing=0,i_num_rays_per_thread_log=0,i_decomposition_bits=22,i_debug=0,uncompacted_size=3805310464,final_size=2127108736,update_temp_buffer_size=0,convert_time_ms=10.706656455993652344,build_time_ms=165.472259521484375,convert_build_time_ms=176.17891597747802734,convert_build_compact_time_ms=183.55683612823486328,compact_time_ms=7.3779201507568359375,update_time_ms=0,convert_and_update_time_ms=0,sort_time_ms=0,total_probe_time_ms=105.27648010253906818
i_primitive=triangle,i_key_mode=3d,i_build_mode=b_sfl,i_probe_mode=p_sfl,i_num_build_keys_log=26,i_key_offset=0,i_key_stride_log=0,i_key_replication_log=0,i_reserve_keys_for_misses=0,i_local_updates=0,i_num_updates_log=0,i_num_probe_keys_log=27,i_miss_percentage=0,i_out_of_range_percentage=0,i_range_query_hit_count_log=0,i_exponent_bias=0,i_force_single_anyhit=1,i_perpendicular_rays=1,i_start_ray_at_zero=0,i_compaction=1,i_large_keys=0,i_closest_hit=0,i_skip_probing=0,i_num_rays_per_thread_log=0,i_decomposition_bits=20,i_debug=0,uncompacted_size=3805310464,final_size=1928253824,update_temp_buffer_size=0,convert_time_ms=10.712479591369628906,build_time_ms=162.0437164306640625,convert_build_time_ms=172.75619602203369141,convert_build_compact_time_ms=179.42346000671386719,compact_time_ms=6.6672639846801757812,update_time_ms=0,convert_and_update_time_ms=0,sort_time_ms=0,total_probe_time_ms=105.55683441162109659
i_primitive=triangle,i_key_mode=3d,i_build_mode=b_sfl,i_probe_mode=p_sfl,i_num_build_keys_log=26,i_key_offset=0,i_key_stride_log=0,i_key_replication_log=0,i_reserve_keys_for_misses=0,i_local_updates=0,i_num_updates_log=0,i_num_probe_keys_log=27,i_miss_percentage=0,i_out_of_range_percentage=0,i_range_query_hit_count_log=0,i_exponent_bias=0,i_force_single_anyhit=1,i_perpendicular_rays=1,i_start_ray_at_zero=0,i_compaction=1,i_large_keys=0,i_closest_hit=0,i_skip_probing=0,i_num_rays_per_thread_log=0,i_decomposition_bits=18,i_debug=0,uncompacted_size=3805310464,final_size=1878595456,update_temp_buffer_size=0,convert_time_ms=10.710176467895507812,build_time_ms=161.5327606201171875,convert_build_time_ms=172.24293708801269531,convert_build_compact_time_ms=178.78629732131958008,compact_time_ms=6.5433602333068847656,update_time_ms=0,convert_and_update_time_ms=0,sort_time_ms=0,total_probe_time_ms=105.89021377563476278
i_primitive=triangle,i_key_mode=3d,i_build_mode=b_sfl,i_probe_mode=p_sfl,i_num_build_keys_log=26,i_key_offset=0,i_key_stride_log=0,i_key_replication_log=0,i_reserve_keys_for_misses=0,i_local_updates=0,i_num_updates_log=0,i_num_probe_keys_log=27,i_miss_percentage=0,i_out_of_range_percentage=0,i_range_query_hit_count_log=0,i_exponent_bias=0,i_force_single_anyhit=1,i_perpendicular_rays=1,i_start_ray_at_zero=0,i_compaction=1,i_large_keys=0,i_closest_hit=0,i_skip_probing=0,i_num_rays_per_thread_log=0,i_decomposition_bits=16,i_debug=0,uncompacted_size=3805310464,final_size=1874739456,update_temp_buffer_size=0,convert_time_ms=10.711647987365722656,build_time_ms=160.728057861328125,convert_build_time_ms=171.43970584869384766,convert_build_compact_time_ms=177.93084192276000977,compact_time_ms=6.4911360740661621094,update_time_ms=0,convert_and_update_time_ms=0,sort_time_ms=0,total_probe_time_ms=105.86598663330077841
i_primitive=triangle,i_key_mode=3d,i_build_mode=b_sfl,i_probe_mode=p_sfl,i_num_build_keys_log=26,i_key_offset=0,i_key_stride_log=0,i_key_replication_log=0,i_reserve_keys_for_misses=0,i_local_updates=0,i_num_updates_log=0,i_num_probe_keys_log=27,i_miss_percentage=0,i_out_of_range_percentage=0,i_range_query_hit_count_log=0,i_exponent_bias=0,i_force_single_anyhit=1,i_perpendicular_rays=1,i_start_ray_at_zero=0,i_compaction=1,i_large_keys=0,i_closest_hit=0,i_skip_probing=0,i_num_rays_per_thread_log=0,i_decomposition_bits=14,i_debug=0,uncompacted_size=3805310464,final_size=1874345856,update_temp_buffer_size=0,convert_time_ms=10.634943962097167969,build_time_ms=160.8968048095703125,convert_build_time_ms=171.53174877166748047,convert_build_compact_time_ms=178.02902889251708984,compact_time_ms=6.497280120849609375,update_time_ms=0,convert_and_update_time_ms=0,sort_time_ms=0,total_probe_time_ms=106.00383377075195312
i_primitive=triangle,i_key_mode=3d,i_build_mode=b_sfl,i_probe_mode=p_sfl,i_num_build_keys_log=26,i_key_offset=0,i_key_stride_log=0,i_key_replication_log=0,i_reserve_keys_for_misses=0,i_local_updates=0,i_num_updates_log=0,i_num_probe_keys_log=27,i_miss_percentage=0,i_out_of_range_percentage=0,i_range_query_hit_count_log=0,i_exponent_bias=0,i_force_single_anyhit=1,i_perpendicular_rays=1,i_start_ray_at_zero=0,i_compaction=1,i_large_keys=0,i_closest_hit=0,i_skip_probing=0,i_num_rays_per_thread_log=0,i_decomposition_bits=12,i_debug=0,uncompacted_size=3805310464,final_size=2007015808,update_temp_buffer_size=0,convert_time_ms=10.633088111877441406,build_time_ms=171.4971771240234375,convert_build_time_ms=182.13026523590087891,convert_build_compact_time_ms=189.11372137069702148,compact_time_ms=6.9834561347961425781,update_time_ms=0,convert_and_update_time_ms=0,sort_time_ms=0,total_probe_time_ms=125.77930908203124716
i_primitive=triangle,i_key_mode=3d,i_build_mode=b_sfl,i_probe_mode=p_sfl,i_num_build_keys_log=26,i_key_offset=0,i_key_stride_log=0,i_key_replication_log=0,i_reserve_keys_for_misses=0,i_local_updates=0,i_num_updates_log=0,i_num_probe_keys_log=27,i_miss_percentage=0,i_out_of_range_percentage=0,i_range_query_hit_count_log=0,i_exponent_bias=0,i_force_single_anyhit=1,i_perpendicular_rays=1,i_start_ray_at_zero=0,i_compaction=1,i_large_keys=0,i_closest_hit=0,i_skip_probing=0,i_num_rays_per_thread_log=0,i_decomposition_bits=10,i_debug=0,uncompacted_size=3805310464,final_size=1986769920,update_temp_buffer_size=0,convert_time_ms=10.624575614929199219,build_time_ms=170.2520599365234375,convert_build_time_ms=180.87663555145263672,convert_build_compact_time_ms=187.86031532287597656,compact_time_ms=6.9836797714233398438,update_time_ms=0,convert_and_update_time_ms=0,sort_time_ms=0,total_probe_time_ms=126.00096588134765341
