i_primitive=triangle,i_key_mode=3d,i_build_mode=b_sfl,i_probe_mode=p_sfl,i_update_type=global,i_num_build_keys_log=20,i_key_offset=0,i_key_stride_log=0,i_key_replication_log=0,i_reserve_keys_for_misses=0,i_num_updates_log=0,i_local_update_batch_size_log=1,i_num_probe_keys_log=27,i_miss_percentage=0,i_out_of_range_percentage=0,i_range_query_hit_count_log=0,i_exponent_bias=0,i_force_single_anyhit=1,i_perpendicular_rays=1,i_start_ray_at_zero=0,i_compaction=1,i_large_keys=0,i_closest_hit=0,i_skip_probing=0,i_num_rays_per_thread_log=0,i_force_uniform_keys=0,i_x_bits=23,i_y_bits=9,i_z_bits=0,i_debug=0,uncompacted_size=59460736,final_size=40972928,update_temp_buffer_size=0,convert_time_ms=0.1895039975643157959,build_time_ms=2.9245440959930419922,convert_build_time_ms=3.1140480935573577881,convert_build_compact_time_ms=3.2584320902824401855,compact_time_ms=0.14438399672508239746,update_time_ms=0,convert_and_update_time_ms=0,sort_time_ms=0,total_probe_time_ms=50.99119682312012003
i_primitive=triangle,i_key_mode=3d,i_build_mode=b_sfl,i_probe_mode=p_sfl,i_update_type=global,i_num_build_keys_log=20,i_key_offset=0,i_key_stride_log=0,i_key_replication_log=0,i_reserve_keys_for_misses=0,i_num_updates_log=0,i_local_update_batch_size_log=1,i_num_probe_keys_log=27,i_miss_percentage=0,i_out_of_range_percentage=0,i_range_query_hit_count_log=0,i_exponent_bias=0,i_force_single_anyhit=1,i_perpendicular_rays=1,i_start_ray_at_zero=0,i_compaction=1,i_large_keys=0,i_closest_hit=0,i_skip_probing=0,i_num_rays_per_thread_log=0,i_force_uniform_keys=0,i_x_bits=22,i_y_bits=10,i_z_bits=0,i_debug=0,uncompacted_size=59460736,final_size=41000576,update_temp_buffer_size=0,convert_time_ms=0.18678399920463562012,build_time_ms=2.9317119121551513672,convert_build_time_ms=3.1184959113597869873,convert_build_compact_time_ms=3.2659519165754318237,compact_time_ms=0.14745600521564483643,update_time_ms=0,convert_and_update_time_ms=0,sort_time_ms=0,total_probe_time_ms=50.97655372619628622
i_primitive=triangle,i_key_mode=3d,i_build_mode=b_sfl,i_probe_mode=p_sfl,i_update_type=global,i_num_build_keys_log=20,i_key_offset=0,i_key_stride_log=0,i_key_replication_log=0,i_reserve_keys_for_misses=0,i_num_updates_log=0,i_local_update_batch_size_log=1,i_num_probe_keys_log=27,i_miss_percentage=0,i_out_of_range_percentage=0,i_range_query_hit_count_log=0,i_exponent_bias=0,i_force_single_anyhit=1,i_perpendicular_rays=1,i_start_ray_at_zero=0,i_compaction=1,i_large_keys=0,i_closest_hit=0,i_skip_probing=0,i_num_rays_per_thread_log=0,i_force_uniform_keys=0,i_x_bits=21,i_y_bits=11,i_z_bits=0,i_debug=0,uncompacted_size=59460736,final_size=40976768,update_temp_buffer_size=0,convert_time_ms=0.18918399512767791748,build_time_ms=2.9272959232330322266,convert_build_time_ms=3.116479918360710144,convert_build_compact_time_ms=3.2618879228830337524,compact_time_ms=0.1454080045223236084,update_time_ms=0,convert_and_update_time_ms=0,sort_time_ms=0,total_probe_time_ms=51.202441787719727984
i_primitive=triangle,i_key_mode=3d,i_build_mode=b_sfl,i_probe_mode=p_sfl,i_update_type=global,i_num_build_keys_log=20,i_key_offset=0,i_key_stride_log=0,i_key_replication_log=0,i_reserve_keys_for_misses=0,i_num_updates_log=0,i_local_update_batch_size_log=1,i_num_probe_keys_log=27,i_miss_percentage=0,i_out_of_range_percentage=0,i_range_query_hit_count_log=0,i_exponent_bias=0,i_force_single_anyhit=1,i_perpendicular_rays=1,i_start_ray_at_zero=0,i_compaction=1,i_large_keys=0,i_closest_hit=0,i_skip_probing=0,i_num_rays_per_thread_log=0,i_force_uniform_keys=0,i_x_bits=20,i_y_bits=12,i_z_bits=0,i_debug=0,uncompacted_size=59460736,final_size=40972416,update_temp_buffer_size=0,convert_time_ms=0.18960000574588775635,build_time_ms=2.9153280258178710938,convert_build_time_ms=3.1049280315637588501,convert_build_compact_time_ms=3.2523840367794036865,compact_time_ms=0.14745600521564483643,update_time_ms=0,convert_and_update_time_ms=0,sort_time_ms=0,total_probe_time_ms=50.913164901733395595
i_primitive=triangle,i_key_mode=3d,i_build_mode=b_sfl,i_probe_mode=p_sfl,i_update_type=global,i_num_build_keys_log=20,i_key_offset=0,i_key_stride_log=0,i_key_replication_log=0,i_reserve_keys_for_misses=0,i_num_updates_log=0,i_local_update_batch_size_log=1,i_num_probe_keys_log=27,i_miss_percentage=0,i_out_of_range_percentage=0,i_range_query_hit_count_log=0,i_exponent_bias=0,i_force_single_anyhit=1,i_perpendicular_rays=1,i_start_ray_at_zero=0,i_compaction=1,i_large_keys=0,i_closest_hit=0,i_skip_probing=0,i_num_rays_per_thread_log=0,i_force_uniform_keys=0,i_x_bits=19,i_y_bits=13,i_z_bits=0,i_debug=0,uncompacted_size=59460736,final_size=40389888,update_temp_buffer_size=0,convert_time_ms=0.18985599279403686523,build_time_ms=2.8743679523468017578,convert_build_time_ms=3.064223945140838623,convert_build_compact_time_ms=3.2065599411725997925,compact_time_ms=0.14233599603176116943,update_time_ms=0,convert_and_update_time_ms=0,sort_time_ms=0,total_probe_time_ms=52.286800384521484375
i_primitive=triangle,i_key_mode=3d,i_build_mode=b_sfl,i_probe_mode=p_sfl,i_update_type=global,i_num_build_keys_log=20,i_key_offset=0,i_key_stride_log=0,i_key_replication_log=0,i_reserve_keys_for_misses=0,i_num_updates_log=0,i_local_update_batch_size_log=1,i_num_probe_keys_log=27,i_miss_percentage=0,i_out_of_range_percentage=0,i_range_query_hit_count_log=0,i_exponent_bias=0,i_force_single_anyhit=1,i_perpendicular_rays=1,i_start_ray_at_zero=0,i_compaction=1,i_large_keys=0,i_closest_hit=0,i_skip_probing=0,i_num_rays_per_thread_log=0,i_force_uniform_keys=0,i_x_bits=18,i_y_bits=14,i_z_bits=0,i_debug=0,uncompacted_size=59460736,final_size=32794752,update_temp_buffer_size=0,convert_time_ms=0.18956799805164337158,build_time_ms=2.7494399547576904297,convert_build_time_ms=2.9390079528093338013,convert_build_compact_time_ms=3.0584959536790847778,compact_time_ms=0.11948800086975097656,update_time_ms=0,convert_and_update_time_ms=0,sort_time_ms=0,total_probe_time_ms=52.351744079589842329
i_primitive=triangle,i_key_mode=3d,i_build_mode=b_sfl,i_probe_mode=p_sfl,i_update_type=global,i_num_build_keys_log=20,i_key_offset=0,i_key_stride_log=0,i_key_replication_log=0,i_reserve_keys_for_misses=0,i_num_updates_log=0,i_local_update_batch_size_log=1,i_num_probe_keys_log=27,i_miss_percentage=0,i_out_of_range_percentage=0,i_range_query_hit_count_log=0,i_exponent_bias=0,i_force_single_anyhit=1,i_perpendicular_rays=1,i_start_ray_at_zero=0,i_compaction=1,i_large_keys=0,i_closest_hit=0,i_skip_probing=0,i_num_rays_per_thread_log=0,i_force_uniform_keys=0,i_x_bits=17,i_y_bits=15,i_z_bits=0,i_debug=0,uncompacted_size=59460736,final_size=31357312,update_temp_buffer_size=0,convert_time_ms=0.18956799805164337158,build_time_ms=2.7480959892272949219,convert_build_time_ms=2.9376639872789382935,convert_build_compact_time_ms=3.0513279885053634644,compact_time_ms=0.1136640012264251709,update_time_ms=0,convert_and_update_time_ms=0,sort_time_ms=0,total_probe_time_ms=53.844348526000977984
i_primitive=triangle,i_key_mode=3d,i_build_mode=b_sfl,i_probe_mode=p_sfl,i_update_type=global,i_num_build_keys_log=20,i_key_offset=0,i_key_stride_log=0,i_key_replication_log=0,i_reserve_keys_for_misses=0,i_num_updates_log=0,i_local_update_batch_size_log=1,i_num_probe_keys_log=27,i_miss_percentage=0,i_out_of_range_percentage=0,i_range_query_hit_count_log=0,i_exponent_bias=0,i_force_single_anyhit=1,i_perpendicular_rays=1,i_start_ray_at_zero=0,i_compaction=1,i_large_keys=0,i_closest_hit=0,i_skip_probing=0,i_num_rays_per_thread_log=0,i_force_uniform_keys=0,i_x_bits=16,i_y_bits=16,i_z_bits=0,i_debug=0,uncompacted_size=59460736,final_size=30262528,update_temp_buffer_size=0,convert_time_ms=0.18947200477123260498,build_time_ms=2.7320320606231689453,convert_build_time_ms=2.9215040653944015503,convert_build_compact_time_ms=3.0307520627975463867,compact_time_ms=0.10924799740314483643,update_time_ms=0,convert_and_update_time_ms=0,sort_time_ms=0,total_probe_time_ms=53.17414093017578125
i_primitive=triangle,i_key_mode=3d,i_build_mode=b_sfl,i_probe_mode=p_sfl,i_update_type=global,i_num_build_keys_log=20,i_key_offset=0,i_key_stride_log=0,i_key_replication_log=0,i_reserve_keys_for_misses=0,i_num_updates_log=0,i_local_update_batch_size_log=1,i_num_probe_keys_log=27,i_miss_percentage=0,i_out_of_range_percentage=0,i_range_query_hit_count_log=0,i_exponent_bias=0,i_force_single_anyhit=1,i_perpendicular_rays=1,i_start_ray_at_zero=0,i_compaction=1,i_large_keys=0,i_closest_hit=0,i_skip_probing=0,i_num_rays_per_thread_log=0,i_force_uniform_keys=1,i_x_bits=23,i_y_bits=9,i_z_bits=0,i_debug=0,uncompacted_size=59460736,final_size=45848064,update_temp_buffer_size=0,convert_time_ms=0.1890240013599395752,build_time_ms=3.2348160743713378906,convert_build_time_ms=3.4238400757312774658,convert_build_compact_time_ms=3.5856320708990097046,compact_time_ms=0.16179199516773223877,update_time_ms=0,convert_and_update_time_ms=0,sort_time_ms=0,total_probe_time_ms=58.405820083618166905
i_primitive=triangle,i_key_mode=3d,i_build_mode=b_sfl,i_probe_mode=p_sfl,i_update_type=global,i_num_build_keys_log=20,i_key_offset=0,i_key_stride_log=0,i_key_replication_log=0,i_reserve_keys_for_misses=0,i_num_updates_log=0,i_local_update_batch_size_log=1,i_num_probe_keys_log=27,i_miss_percentage=0,i_out_of_range_percentage=0,i_range_query_hit_count_log=0,i_exponent_bias=0,i_force_single_anyhit=1,i_perpendicular_rays=1,i_start_ray_at_zero=0,i_compaction=1,i_large_keys=0,i_closest_hit=0,i_skip_probing=0,i_num_rays_per_thread_log=0,i_force_uniform_keys=1,i_x_bits=22,i_y_bits=10,i_z_bits=0,i_debug=0,uncompacted_size=59460736,final_size=45190656,update_temp_buffer_size=0,convert_time_ms=0.18934400379657745361,build_time_ms=3.2471039295196533203,convert_build_time_ms=3.4364479333162307739,convert_build_compact_time_ms=3.5982399284839630127,compact_time_ms=0.16179199516773223877,update_time_ms=0,convert_and_update_time_ms=0,sort_time_ms=0,total_probe_time_ms=58.26984291076659872
i_primitive=triangle,i_key_mode=3d,i_build_mode=b_sfl,i_probe_mode=p_sfl,i_update_type=global,i_num_build_keys_log=20,i_key_offset=0,i_key_stride_log=0,i_key_replication_log=0,i_reserve_keys_for_misses=0,i_num_updates_log=0,i_local_update_batch_size_log=1,i_num_probe_keys_log=27,i_miss_percentage=0,i_out_of_range_percentage=0,i_range_query_hit_count_log=0,i_exponent_bias=0,i_force_single_anyhit=1,i_perpendicular_rays=1,i_start_ray_at_zero=0,i_compaction=1,i_large_keys=0,i_closest_hit=0,i_skip_probing=0,i_num_rays_per_thread_log=0,i_force_uniform_keys=1,i_x_bits=21,i_y_bits=11,i_z_bits=0,i_debug=0,uncompacted_size=59460736,final_size=43466240,update_temp_buffer_size=0,convert_time_ms=0.19014400243759155273,build_time_ms=3.2000000476837158203,convert_build_time_ms=3.390144050121307373,convert_build_compact_time_ms=3.5498880445957183838,compact_time_ms=0.15974399447441101074,update_time_ms=0,convert_and_update_time_ms=0,sort_time_ms=0,total_probe_time_ms=57.873072052001951704
i_primitive=triangle,i_key_mode=3d,i_build_mode=b_sfl,i_probe_mode=p_sfl,i_update_type=global,i_num_build_keys_log=20,i_key_offset=0,i_key_stride_log=0,i_key_replication_log=0,i_reserve_keys_for_misses=0,i_num_updates_log=0,i_local_update_batch_size_log=1,i_num_probe_keys_log=27,i_miss_percentage=0,i_out_of_range_percentage=0,i_range_query_hit_count_log=0,i_exponent_bias=0,i_force_single_anyhit=1,i_perpendicular_rays=1,i_start_ray_at_zero=0,i_compaction=1,i_large_keys=0,i_closest_hit=0,i_skip_probing=0,i_num_rays_per_thread_log=0,i_force_uniform_keys=1,i_x_bits=20,i_y_bits=12,i_z_bits=0,i_debug=0,uncompacted_size=59460736,final_size=40672640,update_temp_buffer_size=0,convert_time_ms=0.18745599687099456787,build_time_ms=3.1713280677795410156,convert_build_time_ms=3.3587840646505355835,convert_build_compact_time_ms=3.5041600614786148071,compact_time_ms=0.14537599682807922363,update_time_ms=0,convert_and_update_time_ms=0,sort_time_ms=0,total_probe_time_ms=57.251385498046872158
i_primitive=triangle,i_key_mode=3d,i_build_mode=b_sfl,i_probe_mode=p_sfl,i_update_type=global,i_num_build_keys_log=20,i_key_offset=0,i_key_stride_log=0,i_key_replication_log=0,i_reserve_keys_for_misses=0,i_num_updates_log=0,i_local_update_batch_size_log=1,i_num_probe_keys_log=27,i_miss_percentage=0,i_out_of_range_percentage=0,i_range_query_hit_count_log=0,i_exponent_bias=0,i_force_single_anyhit=1,i_perpendicular_rays=1,i_start_ray_at_zero=0,i_compaction=1,i_large_keys=0,i_closest_hit=0,i_skip_probing=0,i_num_rays_per_thread_log=0,i_force_uniform_keys=1,i_x_bits=19,i_y_bits=13,i_z_bits=0,i_debug=0,uncompacted_size=59460736,final_size=39843840,update_temp_buffer_size=0,convert_time_ms=0.18796800076961517334,build_time_ms=3.1498239040374755859,convert_build_time_ms=3.3377919048070907593,convert_build_compact_time_ms=3.4831999093294143677,compact_time_ms=0.1454080045223236084,update_time_ms=0,convert_and_update_time_ms=0,sort_time_ms=0,total_probe_time_ms=56.898281478881834516
i_primitive=triangle,i_key_mode=3d,i_build_mode=b_sfl,i_probe_mode=p_sfl,i_update_type=global,i_num_build_keys_log=20,i_key_offset=0,i_key_stride_log=0,i_key_replication_log=0,i_reserve_keys_for_misses=0,i_num_updates_log=0,i_local_update_batch_size_log=1,i_num_probe_keys_log=27,i_miss_percentage=0,i_out_of_range_percentage=0,i_range_query_hit_count_log=0,i_exponent_bias=0,i_force_single_anyhit=1,i_perpendicular_rays=1,i_start_ray_at_zero=0,i_compaction=1,i_large_keys=0,i_closest_hit=0,i_skip_probing=0,i_num_rays_per_thread_log=0,i_force_uniform_keys=1,i_x_bits=18,i_y_bits=14,i_z_bits=0,i_debug=0,uncompacted_size=59460736,final_size=39665024,update_temp_buffer_size=0,convert_time_ms=0.18924799561500549316,build_time_ms=3.1321918964385986328,convert_build_time_ms=3.321439892053604126,convert_build_compact_time_ms=3.4655358940362930298,compact_time_ms=0.14409600198268890381,update_time_ms=0,convert_and_update_time_ms=0,sort_time_ms=0,total_probe_time_ms=56.781990432739256391
i_primitive=triangle,i_key_mode=3d,i_build_mode=b_sfl,i_probe_mode=p_sfl,i_update_type=global,i_num_build_keys_log=20,i_key_offset=0,i_key_stride_log=0,i_key_replication_log=0,i_reserve_keys_for_misses=0,i_num_updates_log=0,i_local_update_batch_size_log=1,i_num_probe_keys_log=27,i_miss_percentage=0,i_out_of_range_percentage=0,i_range_query_hit_count_log=0,i_exponent_bias=0,i_force_single_anyhit=1,i_perpendicular_rays=1,i_start_ray_at_zero=0,i_compaction=1,i_large_keys=0,i_closest_hit=0,i_skip_probing=0,i_num_rays_per_thread_log=0,i_force_uniform_keys=1,i_x_bits=17,i_y_bits=15,i_z_bits=0,i_debug=0,uncompacted_size=59460736,final_size=39650944,update_temp_buffer_size=0,convert_time_ms=0.18969599902629852295,build_time_ms=3.1580159664154052734,convert_build_time_ms=3.3477119654417037964,convert_build_compact_time_ms=3.4900479614734649658,compact_time_ms=0.14233599603176116943,update_time_ms=0,convert_and_update_time_ms=0,sort_time_ms=0,total_probe_time_ms=56.904518508911131391
i_primitive=triangle,i_key_mode=3d,i_build_mode=b_sfl,i_probe_mode=p_sfl,i_update_type=global,i_num_build_keys_log=20,i_key_offset=0,i_key_stride_log=0,i_key_replication_log=0,i_reserve_keys_for_misses=0,i_num_updates_log=0,i_local_update_batch_size_log=1,i_num_probe_keys_log=27,i_miss_percentage=0,i_out_of_range_percentage=0,i_range_query_hit_count_log=0,i_exponent_bias=0,i_force_single_anyhit=1,i_perpendicular_rays=1,i_start_ray_at_zero=0,i_compaction=1,i_large_keys=0,i_closest_hit=0,i_skip_probing=0,i_num_rays_per_thread_log=0,i_force_uniform_keys=1,i_x_bits=16,i_y_bits=16,i_z_bits=0,i_debug=0,uncompacted_size=59460736,final_size=39629568,update_temp_buffer_size=0,convert_time_ms=0.18863999843597412109,build_time_ms=3.1300480365753173828,convert_build_time_ms=3.3186880350112915039,convert_build_compact_time_ms=3.4600000381469726562,compact_time_ms=0.14131200313568115234,update_time_ms=0,convert_and_update_time_ms=0,sort_time_ms=0,total_probe_time_ms=56.825855636596678266
i_primitive=triangle,i_key_mode=3d,i_build_mode=b_sfl,i_probe_mode=p_sfl,i_update_type=global,i_num_build_keys_log=25,i_key_offset=0,i_key_stride_log=0,i_key_replication_log=0,i_reserve_keys_for_misses=0,i_num_updates_log=0,i_local_update_batch_size_log=1,i_num_probe_keys_log=27,i_miss_percentage=0,i_out_of_range_percentage=0,i_range_query_hit_count_log=0,i_exponent_bias=0,i_force_single_anyhit=1,i_perpendicular_rays=1,i_start_ray_at_zero=0,i_compaction=1,i_large_keys=0,i_closest_hit=0,i_skip_probing=0,i_num_rays_per_thread_log=0,i_force_uniform_keys=0,i_x_bits=23,i_y_bits=9,i_z_bits=0,i_debug=0,uncompacted_size=1902656640,final_size=1227810432,update_temp_buffer_size=0,convert_time_ms=5.4079999923706054688,build_time_ms=84.61708831787109375,convert_build_time_ms=90.025088310241699219,convert_build_compact_time_ms=94.324864387512207031,compact_time_ms=4.2997760772705078125,update_time_ms=0,convert_and_update_time_ms=0,sort_time_ms=0,total_probe_time_ms=96.869193267822268467
i_primitive=triangle,i_key_mode=3d,i_build_mode=b_sfl,i_probe_mode=p_sfl,i_update_type=global,i_num_build_keys_log=25,i_key_offset=0,i_key_stride_log=0,i_key_replication_log=0,i_reserve_keys_for_misses=0,i_num_updates_log=0,i_local_update_batch_size_log=1,i_num_probe_keys_log=27,i_miss_percentage=0,i_out_of_range_percentage=0,i_range_query_hit_count_log=0,i_exponent_bias=0,i_force_single_anyhit=1,i_perpendicular_rays=1,i_start_ray_at_zero=0,i_compaction=1,i_large_keys=0,i_closest_hit=0,i_skip_probing=0,i_num_rays_per_thread_log=0,i_force_uniform_keys=0,i_x_bits=22,i_y_bits=10,i_z_bits=0,i_debug=0,uncompacted_size=1902656640,final_size=1175903616,update_temp_buffer_size=0,convert_time_ms=5.3923840522766113281,build_time_ms=83.8408966064453125,convert_build_time_ms=89.233280658721923828,convert_build_compact_time_ms=93.347712516784667969,compact_time_ms=4.1144318580627441406,update_time_ms=0,convert_and_update_time_ms=0,sort_time_ms=0,total_probe_time_ms=98.984332275390627842
i_primitive=triangle,i_key_mode=3d,i_build_mode=b_sfl,i_probe_mode=p_sfl,i_update_type=global,i_num_build_keys_log=25,i_key_offset=0,i_key_stride_log=0,i_key_replication_log=0,i_reserve_keys_for_misses=0,i_num_updates_log=0,i_local_update_batch_size_log=1,i_num_probe_keys_log=27,i_miss_percentage=0,i_out_of_range_percentage=0,i_range_query_hit_count_log=0,i_exponent_bias=0,i_force_single_anyhit=1,i_perpendicular_rays=1,i_start_ray_at_zero=0,i_compaction=1,i_large_keys=0,i_closest_hit=0,i_skip_probing=0,i_num_rays_per_thread_log=0,i_force_uniform_keys=0,i_x_bits=21,i_y_bits=11,i_z_bits=0,i_debug=0,uncompacted_size=1902656640,final_size=1109706496,update_temp_buffer_size=0,convert_time_ms=5.4044480323791503906,build_time_ms=83.21126556396484375,convert_build_time_ms=88.615713596343994141,convert_build_compact_time_ms=92.522273540496826172,compact_time_ms=3.9065599441528320312,update_time_ms=0,convert_and_update_time_ms=0,sort_time_ms=0,total_probe_time_ms=98.616678619384771309
i_primitive=triangle,i_key_mode=3d,i_build_mode=b_sfl,i_probe_mode=p_sfl,i_update_type=global,i_num_build_keys_log=25,i_key_offset=0,i_key_stride_log=0,i_key_replication_log=0,i_reserve_keys_for_misses=0,i_num_updates_log=0,i_local_update_batch_size_log=1,i_num_probe_keys_log=27,i_miss_percentage=0,i_out_of_range_percentage=0,i_range_query_hit_count_log=0,i_exponent_bias=0,i_force_single_anyhit=1,i_perpendicular_rays=1,i_start_ray_at_zero=0,i_compaction=1,i_large_keys=0,i_closest_hit=0,i_skip_probing=0,i_num_rays_per_thread_log=0,i_force_uniform_keys=0,i_x_bits=20,i_y_bits=12,i_z_bits=0,i_debug=0,uncompacted_size=1902656640,final_size=1044512000,update_temp_buffer_size=0,convert_time_ms=5.392864227294921875,build_time_ms=81.5984649658203125,convert_build_time_ms=86.991329193115234375,convert_build_compact_time_ms=90.622433185577392578,compact_time_ms=3.6311039924621582031,update_time_ms=0,convert_and_update_time_ms=0,sort_time_ms=0,total_probe_time_ms=97.523741912841799717
i_primitive=triangle,i_key_mode=3d,i_build_mode=b_sfl,i_probe_mode=p_sfl,i_update_type=global,i_num_build_keys_log=25,i_key_offset=0,i_key_stride_log=0,i_key_replication_log=0,i_reserve_keys_for_misses=0,i_num_updates_log=0,i_local_update_batch_size_log=1,i_num_probe_keys_log=27,i_miss_percentage=0,i_out_of_range_percentage=0,i_range_query_hit_count_log=0,i_exponent_bias=0,i_force_single_anyhit=1,i_perpendicular_rays=1,i_start_ray_at_zero=0,i_compaction=1,i_large_keys=0,i_closest_hit=0,i_skip_probing=0,i_num_rays_per_thread_log=0,i_force_uniform_keys=0,i_x_bits=19,i_y_bits=13,i_z_bits=0,i_debug=0,uncompacted_size=1902656640,final_size=1010777856,update_temp_buffer_size=0,convert_time_ms=5.4050879478454589844,build_time_ms=81.16121673583984375,convert_build_time_ms=86.566304683685302734,convert_build_compact_time_ms=90.138016700744628906,compact_time_ms=3.5717120170593261719,update_time_ms=0,convert_and_update_time_ms=0,sort_time_ms=0,total_probe_time_ms=96.870870971679693184
i_primitive=triangle,i_key_mode=3d,i_build_mode=b_sfl,i_probe_mode=p_sfl,i_update_type=global,i_num_build_keys_log=25,i_key_offset=0,i_key_stride_log=0,i_key_replication_log=0,i_reserve_keys_for_misses=0,i_num_updates_log=0,i_local_update_batch_size_log=1,i_num_probe_keys_log=27,i_miss_percentage=0,i_out_of_range_percentage=0,i_range_query_hit_count_log=0,i_exponent_bias=0,i_force_single_anyhit=1,i_perpendicular_rays=1,i_start_ray_at_zero=0,i_compaction=1,i_large_keys=0,i_closest_hit=0,i_skip_probing=0,i_num_rays_per_thread_log=0,i_force_uniform_keys=0,i_x_bits=18,i_y_bits=14,i_z_bits=0,i_debug=0,uncompacted_size=1902656640,final_size=984355200,update_temp_buffer_size=0,convert_time_ms=5.3883838653564453125,build_time_ms=79.39654541015625,convert_build_time_ms=84.784929275512695312,convert_build_compact_time_ms=88.217377185821533203,compact_time_ms=3.4324479103088378906,update_time_ms=0,convert_and_update_time_ms=0,sort_time_ms=0,total_probe_time_ms=98.11798095703125
i_primitive=triangle,i_key_mode=3d,i_build_mode=b_sfl,i_probe_mode=p_sfl,i_update_type=global,i_num_build_keys_log=25,i_key_offset=0,i_key_stride_log=0,i_key_replication_log=0,i_reserve_keys_for_misses=0,i_num_updates_log=0,i_local_update_batch_size_log=1,i_num_probe_keys_log=27,i_miss_percentage=0,i_out_of_range_percentage=0,i_range_query_hit_count_log=0,i_exponent_bias=0,i_force_single_anyhit=1,i_perpendicular_rays=1,i_start_ray_at_zero=0,i_compaction=1,i_large_keys=0,i_closest_hit=0,i_skip_probing=0,i_num_rays_per_thread_log=0,i_force_uniform_keys=0,i_x_bits=17,i_y_bits=15,i_z_bits=0,i_debug=0,uncompacted_size=1902656640,final_size=954262528,update_temp_buffer_size=0,convert_time_ms=5.3959040641784667969,build_time_ms=79.8883819580078125,convert_build_time_ms=85.284286022186279297,convert_build_compact_time_ms=88.575294017791748047,compact_time_ms=3.29100799560546875,update_time_ms=0,convert_and_update_time_ms=0,sort_time_ms=0,total_probe_time_ms=98.357980346679681816
i_primitive=triangle,i_key_mode=3d,i_build_mode=b_sfl,i_probe_mode=p_sfl,i_update_type=global,i_num_build_keys_log=25,i_key_offset=0,i_key_stride_log=0,i_key_replication_log=0,i_reserve_keys_for_misses=0,i_num_updates_log=0,i_local_update_batch_size_log=1,i_num_probe_keys_log=27,i_miss_percentage=0,i_out_of_range_percentage=0,i_range_query_hit_count_log=0,i_exponent_bias=0,i_force_single_anyhit=1,i_perpendicular_rays=1,i_start_ray_at_zero=0,i_compaction=1,i_large_keys=0,i_closest_hit=0,i_skip_probing=0,i_num_rays_per_thread_log=0,i_force_uniform_keys=0,i_x_bits=16,i_y_bits=16,i_z_bits=0,i_debug=0,uncompacted_size=1902656640,final_size=948468096,update_temp_buffer_size=0,convert_time_ms=5.3701119422912597656,build_time_ms=79.49993896484375,convert_build_time_ms=84.870050907135009766,convert_build_compact_time_ms=88.209314823150634766,compact_time_ms=3.339263916015625,update_time_ms=0,convert_and_update_time_ms=0,sort_time_ms=0,total_probe_time_ms=98.491510772705083809
i_primitive=triangle,i_key_mode=3d,i_build_mode=b_sfl,i_probe_mode=p_sfl,i_update_type=global,i_num_build_keys_log=25,i_key_offset=0,i_key_stride_log=0,i_key_replication_log=0,i_reserve_keys_for_misses=0,i_num_updates_log=0,i_local_update_batch_size_log=1,i_num_probe_keys_log=27,i_miss_percentage=0,i_out_of_range_percentage=0,i_range_query_hit_count_log=0,i_exponent_bias=0,i_force_single_anyhit=1,i_perpendicular_rays=1,i_start_ray_at_zero=0,i_compaction=1,i_large_keys=0,i_closest_hit=0,i_skip_probing=0,i_num_rays_per_thread_log=0,i_force_uniform_keys=1,i_x_bits=23,i_y_bits=9,i_z_bits=0,i_debug=0,uncompacted_size=1902656640,final_size=1415912448,update_temp_buffer_size=0,convert_time_ms=5.4533438682556152344,build_time_ms=95.76416015625,convert_build_time_ms=101.21750402450561523,convert_build_compact_time_ms=106.24019193649291992,compact_time_ms=5.0226879119873046875,update_time_ms=0,convert_and_update_time_ms=0,sort_time_ms=0,total_probe_time_ms=101.14699478149414347
i_primitive=triangle,i_key_mode=3d,i_build_mode=b_sfl,i_probe_mode=p_sfl,i_update_type=global,i_num_build_keys_log=25,i_key_offset=0,i_key_stride_log=0,i_key_replication_log=0,i_reserve_keys_for_misses=0,i_num_updates_log=0,i_local_update_batch_size_log=1,i_num_probe_keys_log=27,i_miss_percentage=0,i_out_of_range_percentage=0,i_range_query_hit_count_log=0,i_exponent_bias=0,i_force_single_anyhit=1,i_perpendicular_rays=1,i_start_ray_at_zero=0,i_compaction=1,i_large_keys=0,i_closest_hit=0,i_skip_probing=0,i_num_rays_per_thread_log=0,i_force_uniform_keys=1,i_x_bits=22,i_y_bits=10,i_z_bits=0,i_debug=0,uncompacted_size=1902656640,final_size=1345017088,update_temp_buffer_size=0,convert_time_ms=5.6363840103149414062,build_time_ms=94.98931121826171875,convert_build_time_ms=100.62569522857666016,convert_build_compact_time_ms=105.39641523361206055,compact_time_ms=4.7707200050354003906,update_time_ms=0,convert_and_update_time_ms=0,sort_time_ms=0,total_probe_time_ms=100.67022705078125
i_primitive=triangle,i_key_mode=3d,i_build_mode=b_sfl,i_probe_mode=p_sfl,i_update_type=global,i_num_build_keys_log=25,i_key_offset=0,i_key_stride_log=0,i_key_replication_log=0,i_reserve_keys_for_misses=0,i_num_updates_log=0,i_local_update_batch_size_log=1,i_num_probe_keys_log=27,i_miss_percentage=0,i_out_of_range_percentage=0,i_range_query_hit_count_log=0,i_exponent_bias=0,i_force_single_anyhit=1,i_perpendicular_rays=1,i_start_ray_at_zero=0,i_compaction=1,i_large_keys=0,i_closest_hit=0,i_skip_probing=0,i_num_rays_per_thread_log=0,i_force_uniform_keys=1,i_x_bits=21,i_y_bits=11,i_z_bits=0,i_debug=0,uncompacted_size=1902656640,final_size=1273911936,update_temp_buffer_size=0,convert_time_ms=5.6236162185668945312,build_time_ms=93.34169769287109375,convert_build_time_ms=98.965313911437988281,convert_build_compact_time_ms=103.48832178115844727,compact_time_ms=4.5230078697204589844,update_time_ms=0,convert_and_update_time_ms=0,sort_time_ms=0,total_probe_time_ms=100.66047363281249716
i_primitive=triangle,i_key_mode=3d,i_build_mode=b_sfl,i_probe_mode=p_sfl,i_update_type=global,i_num_build_keys_log=25,i_key_offset=0,i_key_stride_log=0,i_key_replication_log=0,i_reserve_keys_for_misses=0,i_num_updates_log=0,i_local_update_batch_size_log=1,i_num_probe_keys_log=27,i_miss_percentage=0,i_out_of_range_percentage=0,i_range_query_hit_count_log=0,i_exponent_bias=0,i_force_single_anyhit=1,i_perpendicular_rays=1,i_start_ray_at_zero=0,i_compaction=1,i_large_keys=0,i_closest_hit=0,i_skip_probing=0,i_num_rays_per_thread_log=0,i_force_uniform_keys=1,i_x_bits=20,i_y_bits=12,i_z_bits=0,i_debug=0,uncompacted_size=1902656640,final_size=1252593792,update_temp_buffer_size=0,convert_time_ms=6.2267198562622070312,build_time_ms=91.86815643310546875,convert_build_time_ms=98.094876289367675781,convert_build_compact_time_ms=102.50729227066040039,compact_time_ms=4.4124159812927246094,update_time_ms=0,convert_and_update_time_ms=0,sort_time_ms=0,total_probe_time_ms=100.35164794921874432
i_primitive=triangle,i_key_mode=3d,i_build_mode=b_sfl,i_probe_mode=p_sfl,i_update_type=global,i_num_build_keys_log=25,i_key_offset=0,i_key_stride_log=0,i_key_replication_log=0,i_reserve_keys_for_misses=0,i_num_updates_log=0,i_local_update_batch_size_log=1,i_num_probe_keys_log=27,i_miss_percentage=0,i_out_of_range_percentage=0,i_range_query_hit_count_log=0,i_exponent_bias=0,i_force_single_anyhit=1,i_perpendicular_rays=1,i_start_ray_at_zero=0,i_compaction=1,i_large_keys=0,i_closest_hit=0,i_skip_probing=0,i_num_rays_per_thread_log=0,i_force_uniform_keys=1,i_x_bits=19,i_y_bits=13,i_z_bits=0,i_debug=0,uncompacted_size=1902656640,final_size=1248455040,update_temp_buffer_size=0,convert_time_ms=5.6399359703063964844,build_time_ms=92.9719390869140625,convert_build_time_ms=98.611875057220458984,convert_build_compact_time_ms=103.02429103851318359,compact_time_ms=4.4124159812927246094,update_time_ms=0,convert_and_update_time_ms=0,sort_time_ms=0,total_probe_time_ms=100.51127319335937216
i_primitive=triangle,i_key_mode=3d,i_build_mode=b_sfl,i_probe_mode=p_sfl,i_update_type=global,i_num_build_keys_log=25,i_key_offset=0,i_key_stride_log=0,i_key_replication_log=0,i_reserve_keys_for_misses=0,i_num_updates_log=0,i_local_update_batch_size_log=1,i_num_probe_keys_log=27,i_miss_percentage=0,i_out_of_range_percentage=0,i_range_query_hit_count_log=0,i_exponent_bias=0,i_force_single_anyhit=1,i_perpendicular_rays=1,i_start_ray_at_zero=0,i_compaction=1,i_large_keys=0,i_closest_hit=0,i_skip_probing=0,i_num_rays_per_thread_log=0,i_force_uniform_keys=1,i_x_bits=18,i_y_bits=14,i_z_bits=0,i_debug=0,uncompacted_size=1902656640,final_size=1247553152,update_temp_buffer_size=0,convert_time_ms=5.4537920951843261719,build_time_ms=92.18662261962890625,convert_build_time_ms=97.640414714813232422,convert_build_compact_time_ms=102.0405426025390625,compact_time_ms=4.4001278877258300781,update_time_ms=0,convert_and_update_time_ms=0,sort_time_ms=0,total_probe_time_ms=100.56419219970703693
i_primitive=triangle,i_key_mode=3d,i_build_mode=b_sfl,i_probe_mode=p_sfl,i_update_type=global,i_num_build_keys_log=25,i_key_offset=0,i_key_stride_log=0,i_key_replication_log=0,i_reserve_keys_for_misses=0,i_num_updates_log=0,i_local_update_batch_size_log=1,i_num_probe_keys_log=27,i_miss_percentage=0,i_out_of_range_percentage=0,i_range_query_hit_count_log=0,i_exponent_bias=0,i_force_single_anyhit=1,i_perpendicular_rays=1,i_start_ray_at_zero=0,i_compaction=1,i_large_keys=0,i_closest_hit=0,i_skip_probing=0,i_num_rays_per_thread_log=0,i_force_uniform_keys=1,i_x_bits=17,i_y_bits=15,i_z_bits=0,i_debug=0,uncompacted_size=1902656640,final_size=1247309696,update_temp_buffer_size=0,convert_time_ms=5.6885762214660644531,build_time_ms=92.71193695068359375,convert_build_time_ms=98.400513172149658203,convert_build_compact_time_ms=102.81702518463134766,compact_time_ms=4.4165120124816894531,update_time_ms=0,convert_and_update_time_ms=0,sort_time_ms=0,total_probe_time_ms=100.33422088623046875
i_primitive=triangle,i_key_mode=3d,i_build_mode=b_sfl,i_probe_mode=p_sfl,i_update_type=global,i_num_build_keys_log=25,i_key_offset=0,i_key_stride_log=0,i_key_replication_log=0,i_reserve_keys_for_misses=0,i_num_updates_log=0,i_local_update_batch_size_log=1,i_num_probe_keys_log=27,i_miss_percentage=0,i_out_of_range_percentage=0,i_range_query_hit_count_log=0,i_exponent_bias=0,i_force_single_anyhit=1,i_perpendicular_rays=1,i_start_ray_at_zero=0,i_compaction=1,i_large_keys=0,i_closest_hit=0,i_skip_probing=0,i_num_rays_per_thread_log=0,i_force_uniform_keys=1,i_x_bits=16,i_y_bits=16,i_z_bits=0,i_debug=0,uncompacted_size=1902656640,final_size=1247181824,update_temp_buffer_size=0,convert_time_ms=5.6080641746520996094,build_time_ms=92.57049560546875,convert_build_time_ms=98.178559780120849609,convert_build_compact_time_ms=102.57356786727905273,compact_time_ms=4.395008087158203125,update_time_ms=0,convert_and_update_time_ms=0,sort_time_ms=0,total_probe_time_ms=100.40196914672851847
i_primitive=triangle,i_key_mode=3d,i_build_mode=b_sfl,i_probe_mode=p_sfl,i_update_type=global,i_num_build_keys_log=26,i_key_offset=0,i_key_stride_log=0,i_key_replication_log=0,i_reserve_keys_for_misses=0,i_num_updates_log=0,i_local_update_batch_size_log=1,i_num_probe_keys_log=27,i_miss_percentage=0,i_out_of_range_percentage=0,i_range_query_hit_count_log=0,i_exponent_bias=0,i_force_single_anyhit=1,i_perpendicular_rays=1,i_start_ray_at_zero=0,i_compaction=1,i_large_keys=0,i_closest_hit=0,i_skip_probing=0,i_num_rays_per_thread_log=0,i_force_uniform_keys=0,i_x_bits=23,i_y_bits=9,i_z_bits=0,i_debug=0,uncompacted_size=3805310464,final_size=2379251328,update_temp_buffer_size=0,convert_time_ms=10.788800239562988281,build_time_ms=176.2775115966796875,convert_build_time_ms=187.06631183624267578,convert_build_compact_time_ms=195.42420005798339844,compact_time_ms=8.3578882217407226562,update_time_ms=0,convert_and_update_time_ms=0,sort_time_ms=0,total_probe_time_ms=106.73625946044921875
i_primitive=triangle,i_key_mode=3d,i_build_mode=b_sfl,i_probe_mode=p_sfl,i_update_type=global,i_num_build_keys_log=26,i_key_offset=0,i_key_stride_log=0,i_key_replication_log=0,i_reserve_keys_for_misses=0,i_num_updates_log=0,i_local_update_batch_size_log=1,i_num_probe_keys_log=27,i_miss_percentage=0,i_out_of_range_percentage=0,i_range_query_hit_count_log=0,i_exponent_bias=0,i_force_single_anyhit=1,i_perpendicular_rays=1,i_start_ray_at_zero=0,i_compaction=1,i_large_keys=0,i_closest_hit=0,i_skip_probing=0,i_num_rays_per_thread_log=0,i_force_uniform_keys=0,i_x_bits=22,i_y_bits=10,i_z_bits=0,i_debug=0,uncompacted_size=3805310464,final_size=2288472704,update_temp_buffer_size=0,convert_time_ms=10.795328140258789062,build_time_ms=168.4357147216796875,convert_build_time_ms=179.23104286193847656,convert_build_compact_time_ms=187.26432323455810547,compact_time_ms=8.0332803726196289062,update_time_ms=0,convert_and_update_time_ms=0,sort_time_ms=0,total_probe_time_ms=106.19069824218749432
i_primitive=triangle,i_key_mode=3d,i_build_mode=b_sfl,i_probe_mode=p_sfl,i_update_type=global,i_num_build_keys_log=26,i_key_offset=0,i_key_stride_log=0,i_key_replication_log=0,i_reserve_keys_for_misses=0,i_num_updates_log=0,i_local_update_batch_size_log=1,i_num_probe_keys_log=27,i_miss_percentage=0,i_out_of_range_percentage=0,i_range_query_hit_count_log=0,i_exponent_bias=0,i_force_single_anyhit=1,i_perpendicular_rays=1,i_start_ray_at_zero=0,i_compaction=1,i_large_keys=0,i_closest_hit=0,i_skip_probing=0,i_num_rays_per_thread_log=0,i_force_uniform_keys=0,i_x_bits=21,i_y_bits=11,i_z_bits=0,i_debug=0,uncompacted_size=3805310464,final_size=2187177856,update_temp_buffer_size=0,convert_time_ms=10.785344123840332031,build_time_ms=167.811065673828125,convert_build_time_ms=178.59640979766845703,convert_build_compact_time_ms=186.25285768508911133,compact_time_ms=7.6564478874206542969,update_time_ms=0,convert_and_update_time_ms=0,sort_time_ms=0,total_probe_time_ms=105.98613510131835369
i_primitive=triangle,i_key_mode=3d,i_build_mode=b_sfl,i_probe_mode=p_sfl,i_update_type=global,i_num_build_keys_log=26,i_key_offset=0,i_key_stride_log=0,i_key_replication_log=0,i_reserve_keys_for_misses=0,i_num_updates_log=0,i_local_update_batch_size_log=1,i_num_probe_keys_log=27,i_miss_percentage=0,i_out_of_range_percentage=0,i_range_query_hit_count_log=0,i_exponent_bias=0,i_force_single_anyhit=1,i_perpendicular_rays=1,i_start_ray_at_zero=0,i_compaction=1,i_large_keys=0,i_closest_hit=0,i_skip_probing=0,i_num_rays_per_thread_log=0,i_force_uniform_keys=0,i_x_bits=20,i_y_bits=12,i_z_bits=0,i_debug=0,uncompacted_size=3805310464,final_size=2053756672,update_temp_buffer_size=0,convert_time_ms=10.788991928100585938,build_time_ms=164.9448699951171875,convert_build_time_ms=175.73386192321777344,convert_build_compact_time_ms=182.90391016006469727,compact_time_ms=7.1700482368469238281,update_time_ms=0,convert_and_update_time_ms=0,sort_time_ms=0,total_probe_time_ms=104.84136352539061932
i_primitive=triangle,i_key_mode=3d,i_build_mode=b_sfl,i_probe_mode=p_sfl,i_update_type=global,i_num_build_keys_log=26,i_key_offset=0,i_key_stride_log=0,i_key_replication_log=0,i_reserve_keys_for_misses=0,i_num_updates_log=0,i_local_update_batch_size_log=1,i_num_probe_keys_log=27,i_miss_percentage=0,i_out_of_range_percentage=0,i_range_query_hit_count_log=0,i_exponent_bias=0,i_force_single_anyhit=1,i_perpendicular_rays=1,i_start_ray_at_zero=0,i_compaction=1,i_large_keys=0,i_closest_hit=0,i_skip_probing=0,i_num_rays_per_thread_log=0,i_force_uniform_keys=0,i_x_bits=19,i_y_bits=13,i_z_bits=0,i_debug=0,uncompacted_size=3805310464,final_size=1986660096,update_temp_buffer_size=0,convert_time_ms=10.781760215759277344,build_time_ms=159.9805450439453125,convert_build_time_ms=170.76230525970458984,convert_build_compact_time_ms=177.64153718948364258,compact_time_ms=6.8792319297790527344,update_time_ms=0,convert_and_update_time_ms=0,sort_time_ms=0,total_probe_time_ms=104.88840942382812216
i_primitive=triangle,i_key_mode=3d,i_build_mode=b_sfl,i_probe_mode=p_sfl,i_update_type=global,i_num_build_keys_log=26,i_key_offset=0,i_key_stride_log=0,i_key_replication_log=0,i_reserve_keys_for_misses=0,i_num_updates_log=0,i_local_update_batch_size_log=1,i_num_probe_keys_log=27,i_miss_percentage=0,i_out_of_range_percentage=0,i_range_query_hit_count_log=0,i_exponent_bias=0,i_force_single_anyhit=1,i_perpendicular_rays=1,i_start_ray_at_zero=0,i_compaction=1,i_large_keys=0,i_closest_hit=0,i_skip_probing=0,i_num_rays_per_thread_log=0,i_force_uniform_keys=0,i_x_bits=18,i_y_bits=14,i_z_bits=0,i_debug=0,uncompacted_size=3805310464,final_size=1930019584,update_temp_buffer_size=0,convert_time_ms=10.785535812377929688,build_time_ms=161.8472900390625,convert_build_time_ms=172.63282585144042969,convert_build_compact_time_ms=179.32671403884887695,compact_time_ms=6.6938881874084472656,update_time_ms=0,convert_and_update_time_ms=0,sort_time_ms=0,total_probe_time_ms=105.65905838012695028
i_primitive=triangle,i_key_mode=3d,i_build_mode=b_sfl,i_probe_mode=p_sfl,i_update_type=global,i_num_build_keys_log=26,i_key_offset=0,i_key_stride_log=0,i_key_replication_log=0,i_reserve_keys_for_misses=0,i_num_updates_log=0,i_local_update_batch_size_log=1,i_num_probe_keys_log=27,i_miss_percentage=0,i_out_of_range_percentage=0,i_range_query_hit_count_log=0,i_exponent_bias=0,i_force_single_anyhit=1,i_perpendicular_rays=1,i_start_ray_at_zero=0,i_compaction=1,i_large_keys=0,i_closest_hit=0,i_skip_probing=0,i_num_rays_per_thread_log=0,i_force_uniform_keys=0,i_x_bits=17,i_y_bits=15,i_z_bits=0,i_debug=0,uncompacted_size=3805310464,final_size=1884881664,update_temp_buffer_size=0,convert_time_ms=10.791839599609375,build_time_ms=161.7592315673828125,convert_build_time_ms=172.5510711669921875,convert_build_compact_time_ms=179.13231897354125977,compact_time_ms=6.5812478065490722656,update_time_ms=0,convert_and_update_time_ms=0,sort_time_ms=0,total_probe_time_ms=105.92581481933594034
i_primitive=triangle,i_key_mode=3d,i_build_mode=b_sfl,i_probe_mode=p_sfl,i_update_type=global,i_num_build_keys_log=26,i_key_offset=0,i_key_stride_log=0,i_key_replication_log=0,i_reserve_keys_for_misses=0,i_num_updates_log=0,i_local_update_batch_size_log=1,i_num_probe_keys_log=27,i_miss_percentage=0,i_out_of_range_percentage=0,i_range_query_hit_count_log=0,i_exponent_bias=0,i_force_single_anyhit=1,i_perpendicular_rays=1,i_start_ray_at_zero=0,i_compaction=1,i_large_keys=0,i_closest_hit=0,i_skip_probing=0,i_num_rays_per_thread_log=0,i_force_uniform_keys=0,i_x_bits=16,i_y_bits=16,i_z_bits=0,i_debug=0,uncompacted_size=3805310464,final_size=1877657472,update_temp_buffer_size=0,convert_time_ms=10.719615936279296875,build_time_ms=161.042205810546875,convert_build_time_ms=171.76182174682617188,convert_build_compact_time_ms=178.29084587097167969,compact_time_ms=6.5290241241455078125,update_time_ms=0,convert_and_update_time_ms=0,sort_time_ms=0,total_probe_time_ms=105.85323562622070881
i_primitive=triangle,i_key_mode=3d,i_build_mode=b_sfl,i_probe_mode=p_sfl,i_update_type=global,i_num_build_keys_log=26,i_key_offset=0,i_key_stride_log=0,i_key_replication_log=0,i_reserve_keys_for_misses=0,i_num_updates_log=0,i_local_update_batch_size_log=1,i_num_probe_keys_log=27,i_miss_percentage=0,i_out_of_range_percentage=0,i_range_query_hit_count_log=0,i_exponent_bias=0,i_force_single_anyhit=1,i_perpendicular_rays=1,i_start_ray_at_zero=0,i_compaction=1,i_large_keys=0,i_closest_hit=0,i_skip_probing=0,i_num_rays_per_thread_log=0,i_force_uniform_keys=1,i_x_bits=23,i_y_bits=9,i_z_bits=0,i_debug=0,uncompacted_size=3805310464,final_size=2780983168,update_temp_buffer_size=0,convert_time_ms=10.821503639221191406,build_time_ms=193.55340576171875,convert_build_time_ms=204.37490940093994141,convert_build_compact_time_ms=214.08959770202636719,compact_time_ms=9.7146883010864257812,update_time_ms=0,convert_and_update_time_ms=0,sort_time_ms=0,total_probe_time_ms=108.44871978759765341
i_primitive=triangle,i_key_mode=3d,i_build_mode=b_sfl,i_probe_mode=p_sfl,i_update_type=global,i_num_build_keys_log=26,i_key_offset=0,i_key_stride_log=0,i_key_replication_log=0,i_reserve_keys_for_misses=0,i_num_updates_log=0,i_local_update_batch_size_log=1,i_num_probe_keys_log=27,i_miss_percentage=0,i_out_of_range_percentage=0,i_range_query_hit_count_log=0,i_exponent_bias=0,i_force_single_anyhit=1,i_perpendicular_rays=1,i_start_ray_at_zero=0,i_compaction=1,i_large_keys=0,i_closest_hit=0,i_skip_probing=0,i_num_rays_per_thread_log=0,i_force_uniform_keys=1,i_x_bits=22,i_y_bits=10,i_z_bits=0,i_debug=0,uncompacted_size=3805310464,final_size=2622192896,update_temp_buffer_size=0,convert_time_ms=10.838175773620605469,build_time_ms=191.579132080078125,convert_build_time_ms=202.41730785369873047,convert_build_compact_time_ms=211.66607570648193359,compact_time_ms=9.248767852783203125,update_time_ms=0,convert_and_update_time_ms=0,sort_time_ms=0,total_probe_time_ms=108.02566452026367472
i_primitive=triangle,i_key_mode=3d,i_build_mode=b_sfl,i_probe_mode=p_sfl,i_update_type=global,i_num_build_keys_log=26,i_key_offset=0,i_key_stride_log=0,i_key_replication_log=0,i_reserve_keys_for_misses=0,i_num_updates_log=0,i_local_update_batch_size_log=1,i_num_probe_keys_log=27,i_miss_percentage=0,i_out_of_range_percentage=0,i_range_query_hit_count_log=0,i_exponent_bias=0,i_force_single_anyhit=1,i_perpendicular_rays=1,i_start_ray_at_zero=0,i_compaction=1,i_large_keys=0,i_closest_hit=0,i_skip_probing=0,i_num_rays_per_thread_log=0,i_force_uniform_keys=1,i_x_bits=21,i_y_bits=11,i_z_bits=0,i_debug=0,uncompacted_size=3805310464,final_size=2515421952,update_temp_buffer_size=0,convert_time_ms=10.82361602783203125,build_time_ms=188.5675506591796875,convert_build_time_ms=199.39116668701171875,convert_build_compact_time_ms=208.27231884002685547,compact_time_ms=8.8811521530151367188,update_time_ms=0,convert_and_update_time_ms=0,sort_time_ms=0,total_probe_time_ms=107.90642395019531818
i_primitive=triangle,i_key_mode=3d,i_build_mode=b_sfl,i_probe_mode=p_sfl,i_update_type=global,i_num_build_keys_log=26,i_key_offset=0,i_key_stride_log=0,i_key_replication_log=0,i_reserve_keys_for_misses=0,i_num_updates_log=0,i_local_update_batch_size_log=1,i_num_probe_keys_log=27,i_miss_percentage=0,i_out_of_range_percentage=0,i_range_query_hit_count_log=0,i_exponent_bias=0,i_force_single_anyhit=1,i_perpendicular_rays=1,i_start_ray_at_zero=0,i_compaction=1,i_large_keys=0,i_closest_hit=0,i_skip_probing=0,i_num_rays_per_thread_log=0,i_force_uniform_keys=1,i_x_bits=20,i_y_bits=12,i_z_bits=0,i_debug=0,uncompacted_size=3805310464,final_size=2486625792,update_temp_buffer_size=0,convert_time_ms=10.813088417053222656,build_time_ms=188.581787109375,convert_build_time_ms=199.39487552642822266,convert_build_compact_time_ms=208.10399532318115234,compact_time_ms=8.7091197967529296875,update_time_ms=0,convert_and_update_time_ms=0,sort_time_ms=0,total_probe_time_ms=107.85149765014648438
i_primitive=triangle,i_key_mode=3d,i_build_mode=b_sfl,i_probe_mode=p_sfl,i_update_type=global,i_num_build_keys_log=26,i_key_offset=0,i_key_stride_log=0,i_key_replication_log=0,i_reserve_keys_for_misses=0,i_num_updates_log=0,i_local_update_batch_size_log=1,i_num_probe_keys_log=27,i_miss_percentage=0,i_out_of_range_percentage=0,i_range_query_hit_count_log=0,i_exponent_bias=0,i_force_single_anyhit=1,i_perpendicular_rays=1,i_start_ray_at_zero=0,i_compaction=1,i_large_keys=0,i_closest_hit=0,i_skip_probing=0,i_num_rays_per_thread_log=0,i_force_uniform_keys=1,i_x_bits=19,i_y_bits=13,i_z_bits=0,i_debug=0,uncompacted_size=3805310464,final_size=2480361728,update_temp_buffer_size=0,convert_time_ms=10.836895942687988281,build_time_ms=187.8967742919921875,convert_build_time_ms=198.73367023468017578,convert_build_compact_time_ms=207.42743015289306641,compact_time_ms=8.693759918212890625,update_time_ms=0,convert_and_update_time_ms=0,sort_time_ms=0,total_probe_time_ms=107.71286773681640625
i_primitive=triangle,i_key_mode=3d,i_build_mode=b_sfl,i_probe_mode=p_sfl,i_update_type=global,i_num_build_keys_log=26,i_key_offset=0,i_key_stride_log=0,i_key_replication_log=0,i_reserve_keys_for_misses=0,i_num_updates_log=0,i_local_update_batch_size_log=1,i_num_probe_keys_log=27,i_miss_percentage=0,i_out_of_range_percentage=0,i_range_query_hit_count_log=0,i_exponent_bias=0,i_force_single_anyhit=1,i_perpendicular_rays=1,i_start_ray_at_zero=0,i_compaction=1,i_large_keys=0,i_closest_hit=0,i_skip_probing=0,i_num_rays_per_thread_log=0,i_force_uniform_keys=1,i_x_bits=18,i_y_bits=14,i_z_bits=0,i_debug=0,uncompacted_size=3805310464,final_size=2479454080,update_temp_buffer_size=0,convert_time_ms=10.815648078918457031,build_time_ms=188.548095703125,convert_build_time_ms=199.36374378204345703,convert_build_compact_time_ms=207.98275184631347656,compact_time_ms=8.6190080642700195312,update_time_ms=0,convert_and_update_time_ms=0,sort_time_ms=0,total_probe_time_ms=107.80532760620117472
i_primitive=triangle,i_key_mode=3d,i_build_mode=b_sfl,i_probe_mode=p_sfl,i_update_type=global,i_num_build_keys_log=26,i_key_offset=0,i_key_stride_log=0,i_key_replication_log=0,i_reserve_keys_for_misses=0,i_num_updates_log=0,i_local_update_batch_size_log=1,i_num_probe_keys_log=27,i_miss_percentage=0,i_out_of_range_percentage=0,i_range_query_hit_count_log=0,i_exponent_bias=0,i_force_single_anyhit=1,i_perpendicular_rays=1,i_start_ray_at_zero=0,i_compaction=1,i_large_keys=0,i_closest_hit=0,i_skip_probing=0,i_num_rays_per_thread_log=0,i_force_uniform_keys=1,i_x_bits=17,i_y_bits=15,i_z_bits=0,i_debug=0,uncompacted_size=3805310464,final_size=2479066880,update_temp_buffer_size=0,convert_time_ms=10.81702423095703125,build_time_ms=187.5043182373046875,convert_build_time_ms=198.32134246826171875,convert_build_compact_time_ms=206.96799850463867188,compact_time_ms=8.646656036376953125,update_time_ms=0,convert_and_update_time_ms=0,sort_time_ms=0,total_probe_time_ms=107.96581726074218466
i_primitive=triangle,i_key_mode=3d,i_build_mode=b_sfl,i_probe_mode=p_sfl,i_update_type=global,i_num_build_keys_log=26,i_key_offset=0,i_key_stride_log=0,i_key_replication_log=0,i_reserve_keys_for_misses=0,i_num_updates_log=0,i_local_update_batch_size_log=1,i_num_probe_keys_log=27,i_miss_percentage=0,i_out_of_range_percentage=0,i_range_query_hit_count_log=0,i_exponent_bias=0,i_force_single_anyhit=1,i_perpendicular_rays=1,i_start_ray_at_zero=0,i_compaction=1,i_large_keys=0,i_closest_hit=0,i_skip_probing=0,i_num_rays_per_thread_log=0,i_force_uniform_keys=1,i_x_bits=16,i_y_bits=16,i_z_bits=0,i_debug=0,uncompacted_size=3805310464,final_size=2478959488,update_temp_buffer_size=0,convert_time_ms=10.773504257202148438,build_time_ms=188.095428466796875,convert_build_time_ms=198.86893272399902344,convert_build_compact_time_ms=207.56269264221191406,compact_time_ms=8.693759918212890625,update_time_ms=0,convert_and_update_time_ms=0,sort_time_ms=0,total_probe_time_ms=107.70139541625977131
