i_primitive=triangle,i_key_mode=3d,i_build_mode=b_sfl,i_probe_mode=p_sfl,i_num_build_keys_log=25,i_key_offset=0,i_key_stride_log=0,i_key_replication_log=0,i_reserve_keys_for_misses=0,i_local_updates=0,i_num_updates_log=0,i_num_probe_keys_log=27,i_miss_percentage=0,i_out_of_range_percentage=0,i_range_query_hit_count_log=0,i_exponent_bias=0,i_force_single_anyhit=1,i_perpendicular_rays=1,i_start_ray_at_zero=0,i_compaction=1,i_large_keys=0,i_closest_hit=0,i_skip_probing=0,i_num_rays_per_thread_log=0,i_decomposition_bits=22,i_debug=0,uncompacted_size=1902656640,final_size=1092180736,update_temp_buffer_size=0,convert_time_ms=5.3720641136169433594,build_time_ms=81.8718719482421875,convert_build_time_ms=87.243936061859130859,convert_build_compact_time_ms=91.060384035110473633,compact_time_ms=3.8164479732513427734,update_time_ms=0,convert_and_update_time_ms=0,sort_time_ms=0,total_probe_time_ms=98.105345153808599434
i_primitive=triangle,i_key_mode=3d,i_build_mode=b_sfl,i_probe_mode=p_sfl,i_num_build_keys_log=25,i_key_offset=0,i_key_stride_log=0,i_key_replication_log=0,i_reserve_keys_for_misses=0,i_local_updates=0,i_num_updates_log=0,i_num_probe_keys_log=27,i_miss_percentage=0,i_out_of_range_percentage=0,i_range_query_hit_count_log=0,i_exponent_bias=0,i_force_single_anyhit=1,i_perpendicular_rays=1,i_start_ray_at_zero=0,i_compaction=1,i_large_keys=0,i_closest_hit=0,i_skip_probing=0,i_num_rays_per_thread_log=1,i_decomposition_bits=22,i_debug=0,uncompacted_size=1902656640,final_size=1092068352,update_temp_buffer_size=0,convert_time_ms=5.3605442047119140625,build_time_ms=81.418243408203125,convert_build_time_ms=86.778787612915039062,convert_build_compact_time_ms=90.596227645874023438,compact_time_ms=3.817440032958984375,update_time_ms=0,convert_and_update_time_ms=0,sort_time_ms=0,total_probe_time_ms=100.03327026367188068
i_primitive=triangle,i_key_mode=3d,i_build_mode=b_sfl,i_probe_mode=p_sfl,i_num_build_keys_log=25,i_key_offset=0,i_key_stride_log=0,i_key_replication_log=0,i_reserve_keys_for_misses=0,i_local_updates=0,i_num_updates_log=0,i_num_probe_keys_log=27,i_miss_percentage=0,i_out_of_range_percentage=0,i_range_query_hit_count_log=0,i_exponent_bias=0,i_force_single_anyhit=1,i_perpendicular_rays=1,i_start_ray_at_zero=0,i_compaction=1,i_large_keys=0,i_closest_hit=0,i_skip_probing=0,i_num_rays_per_thread_log=2,i_decomposition_bits=22,i_debug=0,uncompacted_size=1902656640,final_size=1092938368,update_temp_buffer_size=0,convert_time_ms=5.3646402359008789062,build_time_ms=82.25484466552734375,convert_build_time_ms=87.619484901428222656,convert_build_compact_time_ms=91.444124937057495117,compact_time_ms=3.8246400356292724609,update_time_ms=0,convert_and_update_time_ms=0,sort_time_ms=0,total_probe_time_ms=103.62442474365234091
i_primitive=triangle,i_key_mode=3d,i_build_mode=b_sfl,i_probe_mode=p_sfl,i_num_build_keys_log=25,i_key_offset=0,i_key_stride_log=0,i_key_replication_log=0,i_reserve_keys_for_misses=0,i_local_updates=0,i_num_updates_log=0,i_num_probe_keys_log=27,i_miss_percentage=0,i_out_of_range_percentage=0,i_range_query_hit_count_log=0,i_exponent_bias=0,i_force_single_anyhit=1,i_perpendicular_rays=1,i_start_ray_at_zero=0,i_compaction=1,i_large_keys=0,i_closest_hit=0,i_skip_probing=0,i_num_rays_per_thread_log=3,i_decomposition_bits=22,i_debug=0,uncompacted_size=1902656640,final_size=1092668416,update_temp_buffer_size=0,convert_time_ms=5.3619518280029296875,build_time_ms=82.12274932861328125,convert_build_time_ms=87.484701156616210938,convert_build_compact_time_ms=91.37999725341796875,compact_time_ms=3.8952960968017578125,update_time_ms=0,convert_and_update_time_ms=0,sort_time_ms=0,total_probe_time_ms=110.68225326538086506
i_primitive=triangle,i_key_mode=3d,i_build_mode=b_sfl,i_probe_mode=p_sfl,i_num_build_keys_log=25,i_key_offset=0,i_key_stride_log=0,i_key_replication_log=0,i_reserve_keys_for_misses=0,i_local_updates=0,i_num_updates_log=0,i_num_probe_keys_log=27,i_miss_percentage=0,i_out_of_range_percentage=0,i_range_query_hit_count_log=0,i_exponent_bias=0,i_force_single_anyhit=1,i_perpendicular_rays=1,i_start_ray_at_zero=0,i_compaction=1,i_large_keys=0,i_closest_hit=0,i_skip_probing=0,i_num_rays_per_thread_log=6,i_decomposition_bits=22,i_debug=0,uncompacted_size=1902656640,final_size=1092696960,update_temp_buffer_size=0,convert_time_ms=5.3637762069702148438,build_time_ms=81.91487884521484375,convert_build_time_ms=87.278655052185058594,convert_build_compact_time_ms=91.105087041854858398,compact_time_ms=3.8264319896697998047,update_time_ms=0,convert_and_update_time_ms=0,sort_time_ms=0,total_probe_time_ms=126.33073196411132244
i_primitive=triangle,i_key_mode=3d,i_build_mode=b_sfl,i_probe_mode=p_sfl,i_num_build_keys_log=25,i_key_offset=0,i_key_stride_log=0,i_key_replication_log=0,i_reserve_keys_for_misses=0,i_local_updates=0,i_num_updates_log=0,i_num_probe_keys_log=27,i_miss_percentage=0,i_out_of_range_percentage=0,i_range_query_hit_count_log=0,i_exponent_bias=0,i_force_single_anyhit=1,i_perpendicular_rays=1,i_start_ray_at_zero=0,i_compaction=1,i_large_keys=0,i_closest_hit=0,i_skip_probing=0,i_num_rays_per_thread_log=9,i_decomposition_bits=22,i_debug=0,uncompacted_size=1902656640,final_size=1092941312,update_temp_buffer_size=0,convert_time_ms=5.3670401573181152344,build_time_ms=82.15427398681640625,convert_build_time_ms=87.521314144134521484,convert_build_compact_time_ms=91.35107421875,compact_time_ms=3.8297600746154785156,update_time_ms=0,convert_and_update_time_ms=0,sort_time_ms=0,total_probe_time_ms=145.98905334472655682
i_primitive=triangle,i_key_mode=3d,i_build_mode=b_sfl,i_probe_mode=p_sfl,i_num_build_keys_log=25,i_key_offset=0,i_key_stride_log=0,i_key_replication_log=0,i_reserve_keys_for_misses=0,i_local_updates=0,i_num_updates_log=0,i_num_probe_keys_log=27,i_miss_percentage=0,i_out_of_range_percentage=0,i_range_query_hit_count_log=0,i_exponent_bias=0,i_force_single_anyhit=1,i_perpendicular_rays=1,i_start_ray_at_zero=0,i_compaction=1,i_large_keys=0,i_closest_hit=0,i_skip_probing=0,i_num_rays_per_thread_log=12,i_decomposition_bits=22,i_debug=0,uncompacted_size=1902656640,final_size=1093145728,update_temp_buffer_size=0,convert_time_ms=5.3617920875549316406,build_time_ms=81.909759521484375,convert_build_time_ms=87.271551609039306641,convert_build_compact_time_ms=91.138175725936889648,compact_time_ms=3.8666241168975830078,update_time_ms=0,convert_and_update_time_ms=0,sort_time_ms=0,total_probe_time_ms=160.89666748046875
i_primitive=triangle,i_key_mode=3d,i_build_mode=b_sfl,i_probe_mode=p_sfl,i_num_build_keys_log=25,i_key_offset=0,i_key_stride_log=0,i_key_replication_log=0,i_reserve_keys_for_misses=0,i_local_updates=0,i_num_updates_log=0,i_num_probe_keys_log=27,i_miss_percentage=0,i_out_of_range_percentage=0,i_range_query_hit_count_log=0,i_exponent_bias=0,i_force_single_anyhit=1,i_perpendicular_rays=1,i_start_ray_at_zero=0,i_compaction=1,i_large_keys=0,i_closest_hit=0,i_skip_probing=0,i_num_rays_per_thread_log=15,i_decomposition_bits=22,i_debug=0,uncompacted_size=1902656640,final_size=1092462336,update_temp_buffer_size=0,convert_time_ms=5.3654718399047851562,build_time_ms=82.37241363525390625,convert_build_time_ms=87.737885475158691406,convert_build_compact_time_ms=91.560477495193481445,compact_time_ms=3.8225920200347900391,update_time_ms=0,convert_and_update_time_ms=0,sort_time_ms=0,total_probe_time_ms=162.31556396484376137
i_primitive=triangle,i_key_mode=3d,i_build_mode=b_sfl,i_probe_mode=p_sfl,i_num_build_keys_log=25,i_key_offset=0,i_key_stride_log=0,i_key_replication_log=0,i_reserve_keys_for_misses=0,i_local_updates=0,i_num_updates_log=0,i_num_probe_keys_log=27,i_miss_percentage=0,i_out_of_range_percentage=0,i_range_query_hit_count_log=0,i_exponent_bias=0,i_force_single_anyhit=1,i_perpendicular_rays=1,i_start_ray_at_zero=0,i_compaction=1,i_large_keys=0,i_closest_hit=0,i_skip_probing=0,i_num_rays_per_thread_log=18,i_decomposition_bits=22,i_debug=0,uncompacted_size=1902656640,final_size=1092485120,update_temp_buffer_size=0,convert_time_ms=5.3715200424194335938,build_time_ms=82.11968231201171875,convert_build_time_ms=87.491202354431152344,convert_build_compact_time_ms=91.342466354370117188,compact_time_ms=3.8512639999389648438,update_time_ms=0,convert_and_update_time_ms=0,sort_time_ms=0,total_probe_time_ms=1046.1348388671874545
i_primitive=triangle,i_key_mode=3d,i_build_mode=b_sfl,i_probe_mode=p_sfl,i_num_build_keys_log=26,i_key_offset=0,i_key_stride_log=0,i_key_replication_log=0,i_reserve_keys_for_misses=0,i_local_updates=0,i_num_updates_log=0,i_num_probe_keys_log=27,i_miss_percentage=0,i_out_of_range_percentage=0,i_range_query_hit_count_log=0,i_exponent_bias=0,i_force_single_anyhit=1,i_perpendicular_rays=1,i_start_ray_at_zero=0,i_compaction=1,i_large_keys=0,i_closest_hit=0,i_skip_probing=0,i_num_rays_per_thread_log=0,i_decomposition_bits=22,i_debug=0,uncompacted_size=3805310464,final_size=2124957824,update_temp_buffer_size=0,convert_time_ms=10.704671859741210938,build_time_ms=165.1189727783203125,convert_build_time_ms=175.82364463806152344,convert_build_compact_time_ms=183.19746875762939453,compact_time_ms=7.3738241195678710938,update_time_ms=0,convert_and_update_time_ms=0,sort_time_ms=0,total_probe_time_ms=105.17968368530273438
i_primitive=triangle,i_key_mode=3d,i_build_mode=b_sfl,i_probe_mode=p_sfl,i_num_build_keys_log=26,i_key_offset=0,i_key_stride_log=0,i_key_replication_log=0,i_reserve_keys_for_misses=0,i_local_updates=0,i_num_updates_log=0,i_num_probe_keys_log=27,i_miss_percentage=0,i_out_of_range_percentage=0,i_range_query_hit_count_log=0,i_exponent_bias=0,i_force_single_anyhit=1,i_perpendicular_rays=1,i_start_ray_at_zero=0,i_compaction=1,i_large_keys=0,i_closest_hit=0,i_skip_probing=0,i_num_rays_per_thread_log=1,i_decomposition_bits=22,i_debug=0,uncompacted_size=3805310464,final_size=2124935936,update_temp_buffer_size=0,convert_time_ms=10.721856117248535156,build_time_ms=164.4943389892578125,convert_build_time_ms=175.21619510650634766,convert_build_compact_time_ms=182.57261133193969727,compact_time_ms=7.3564162254333496094,update_time_ms=0,convert_and_update_time_ms=0,sort_time_ms=0,total_probe_time_ms=106.99748077392578693
i_primitive=triangle,i_key_mode=3d,i_build_mode=b_sfl,i_probe_mode=p_sfl,i_num_build_keys_log=26,i_key_offset=0,i_key_stride_log=0,i_key_replication_log=0,i_reserve_keys_for_misses=0,i_local_updates=0,i_num_updates_log=0,i_num_probe_keys_log=27,i_miss_percentage=0,i_out_of_range_percentage=0,i_range_query_hit_count_log=0,i_exponent_bias=0,i_force_single_anyhit=1,i_perpendicular_rays=1,i_start_ray_at_zero=0,i_compaction=1,i_large_keys=0,i_closest_hit=0,i_skip_probing=0,i_num_rays_per_thread_log=2,i_decomposition_bits=22,i_debug=0,uncompacted_size=3805310464,final_size=2126887424,update_temp_buffer_size=0,convert_time_ms=10.708864212036132812,build_time_ms=164.60595703125,convert_build_time_ms=175.31482124328613281,convert_build_compact_time_ms=182.68746137619018555,compact_time_ms=7.3726401329040527344,update_time_ms=0,convert_and_update_time_ms=0,sort_time_ms=0,total_probe_time_ms=110.63886947631836222
i_primitive=triangle,i_key_mode=3d,i_build_mode=b_sfl,i_probe_mode=p_sfl,i_num_build_keys_log=26,i_key_offset=0,i_key_stride_log=0,i_key_replication_log=0,i_reserve_keys_for_misses=0,i_local_updates=0,i_num_updates_log=0,i_num_probe_keys_log=27,i_miss_percentage=0,i_out_of_range_percentage=0,i_range_query_hit_count_log=0,i_exponent_bias=0,i_force_single_anyhit=1,i_perpendicular_rays=1,i_start_ray_at_zero=0,i_compaction=1,i_large_keys=0,i_closest_hit=0,i_skip_probing=0,i_num_rays_per_thread_log=3,i_decomposition_bits=22,i_debug=0,uncompacted_size=3805310464,final_size=2124021248,update_temp_buffer_size=0,convert_time_ms=10.710240364074707031,build_time_ms=164.7993927001953125,convert_build_time_ms=175.50963306427001953,convert_build_compact_time_ms=182.9561610221862793,compact_time_ms=7.4465279579162597656,update_time_ms=0,convert_and_update_time_ms=0,sort_time_ms=0,total_probe_time_ms=117.49915771484374716
i_primitive=triangle,i_key_mode=3d,i_build_mode=b_sfl,i_probe_mode=p_sfl,i_num_build_keys_log=26,i_key_offset=0,i_key_stride_log=0,i_key_replication_log=0,i_reserve_keys_for_misses=0,i_local_updates=0,i_num_updates_log=0,i_num_probe_keys_log=27,i_miss_percentage=0,i_out_of_range_percentage=0,i_range_query_hit_count_log=0,i_exponent_bias=0,i_force_single_anyhit=1,i_perpendicular_rays=1,i_start_ray_at_zero=0,i_compaction=1,i_large_keys=0,i_closest_hit=0,i_skip_probing=0,i_num_rays_per_thread_log=6,i_decomposition_bits=22,i_debug=0,uncompacted_size=3805310464,final_size=2125776640,update_temp_buffer_size=0,convert_time_ms=10.720128059387207031,build_time_ms=165.4497222900390625,convert_build_time_ms=176.16985034942626953,convert_build_compact_time_ms=183.56210613250732422,compact_time_ms=7.3922557830810546875,update_time_ms=0,convert_and_update_time_ms=0,sort_time_ms=0,total_probe_time_ms=133.07181701660155682
i_primitive=triangle,i_key_mode=3d,i_build_mode=b_sfl,i_probe_mode=p_sfl,i_num_build_keys_log=26,i_key_offset=0,i_key_stride_log=0,i_key_replication_log=0,i_reserve_keys_for_misses=0,i_local_updates=0,i_num_updates_log=0,i_num_probe_keys_log=27,i_miss_percentage=0,i_out_of_range_percentage=0,i_range_query_hit_count_log=0,i_exponent_bias=0,i_force_single_anyhit=1,i_perpendicular_rays=1,i_start_ray_at_zero=0,i_compaction=1,i_large_keys=0,i_closest_hit=0,i_skip_probing=0,i_num_rays_per_thread_log=9,i_decomposition_bits=22,i_debug=0,uncompacted_size=3805310464,final_size=2124445824,update_temp_buffer_size=0,convert_time_ms=10.707776069641113281,build_time_ms=164.30889892578125,convert_build_time_ms=175.01667499542236328,convert_build_compact_time_ms=182.41382694244384766,compact_time_ms=7.397151947021484375,update_time_ms=0,convert_and_update_time_ms=0,sort_time_ms=0,total_probe_time_ms=153.37655181884764488
i_primitive=triangle,i_key_mode=3d,i_build_mode=b_sfl,i_probe_mode=p_sfl,i_num_build_keys_log=26,i_key_offset=0,i_key_stride_log=0,i_key_replication_log=0,i_reserve_keys_for_misses=0,i_local_updates=0,i_num_updates_log=0,i_num_probe_keys_log=27,i_miss_percentage=0,i_out_of_range_percentage=0,i_range_query_hit_count_log=0,i_exponent_bias=0,i_force_single_anyhit=1,i_perpendicular_rays=1,i_start_ray_at_zero=0,i_compaction=1,i_large_keys=0,i_closest_hit=0,i_skip_probing=0,i_num_rays_per_thread_log=12,i_decomposition_bits=22,i_debug=0,uncompacted_size=3805310464,final_size=2126688256,update_temp_buffer_size=0,convert_time_ms=10.726400375366210938,build_time_ms=164.2670135498046875,convert_build_time_ms=174.99341392517089844,convert_build_compact_time_ms=182.41843795776367188,compact_time_ms=7.4250240325927734375,update_time_ms=0,convert_and_update_time_ms=0,sort_time_ms=0,total_probe_time_ms=165.38679962158204262
i_primitive=triangle,i_key_mode=3d,i_build_mode=b_sfl,i_probe_mode=p_sfl,i_num_build_keys_log=26,i_key_offset=0,i_key_stride_log=0,i_key_replication_log=0,i_reserve_keys_for_misses=0,i_local_updates=0,i_num_updates_log=0,i_num_probe_keys_log=27,i_miss_percentage=0,i_out_of_range_percentage=0,i_range_query_hit_count_log=0,i_exponent_bias=0,i_force_single_anyhit=1,i_perpendicular_rays=1,i_start_ray_at_zero=0,i_compaction=1,i_large_keys=0,i_closest_hit=0,i_skip_probing=0,i_num_rays_per_thread_log=15,i_decomposition_bits=22,i_debug=0,uncompacted_size=3805310464,final_size=2125370240,update_temp_buffer_size=0,convert_time_ms=10.723423957824707031,build_time_ms=165.3995513916015625,convert_build_time_ms=176.12297534942626953,convert_build_compact_time_ms=183.54268741607666016,compact_time_ms=7.419712066650390625,update_time_ms=0,convert_and_update_time_ms=0,sort_time_ms=0,total_probe_time_ms=170.72916564941405682
i_primitive=triangle,i_key_mode=3d,i_build_mode=b_sfl,i_probe_mode=p_sfl,i_num_build_keys_log=26,i_key_offset=0,i_key_stride_log=0,i_key_replication_log=0,i_reserve_keys_for_misses=0,i_local_updates=0,i_num_updates_log=0,i_num_probe_keys_log=27,i_miss_percentage=0,i_out_of_range_percentage=0,i_range_query_hit_count_log=0,i_exponent_bias=0,i_force_single_anyhit=1,i_perpendicular_rays=1,i_start_ray_at_zero=0,i_compaction=1,i_large_keys=0,i_closest_hit=0,i_skip_probing=0,i_num_rays_per_thread_log=18,i_decomposition_bits=22,i_debug=0,uncompacted_size=3805310464,final_size=2123956992,update_temp_buffer_size=0,convert_time_ms=10.723903656005859375,build_time_ms=164.469757080078125,convert_build_time_ms=175.19366073608398438,convert_build_compact_time_ms=182.61049270629882812,compact_time_ms=7.41683197021484375,update_time_ms=0,convert_and_update_time_ms=0,sort_time_ms=0,total_probe_time_ms=1082.5978881835937955
i_primitive=triangle,i_key_mode=3d,i_build_mode=b_sfl,i_probe_mode=p_asc,i_num_build_keys_log=25,i_key_offset=0,i_key_stride_log=0,i_key_replication_log=0,i_reserve_keys_for_misses=0,i_local_updates=0,i_num_updates_log=0,i_num_probe_keys_log=27,i_miss_percentage=0,i_out_of_range_percentage=0,i_range_query_hit_count_log=0,i_exponent_bias=0,i_force_single_anyhit=1,i_perpendicular_rays=1,i_start_ray_at_zero=0,i_compaction=1,i_large_keys=0,i_closest_hit=0,i_skip_probing=0,i_num_rays_per_thread_log=0,i_decomposition_bits=22,i_debug=0,uncompacted_size=1902656640,final_size=1093027072,update_temp_buffer_size=0,convert_time_ms=5.4093761444091796875,build_time_ms=82.14937591552734375,convert_build_time_ms=87.558752059936523438,convert_build_compact_time_ms=91.411040067672729492,compact_time_ms=3.8522880077362060547,update_time_ms=0,convert_and_update_time_ms=0,sort_time_ms=0,total_probe_time_ms=18.452342224121093039
i_primitive=triangle,i_key_mode=3d,i_build_mode=b_sfl,i_probe_mode=p_asc,i_num_build_keys_log=25,i_key_offset=0,i_key_stride_log=0,i_key_replication_log=0,i_reserve_keys_for_misses=0,i_local_updates=0,i_num_updates_log=0,i_num_probe_keys_log=27,i_miss_percentage=0,i_out_of_range_percentage=0,i_range_query_hit_count_log=0,i_exponent_bias=0,i_force_single_anyhit=1,i_perpendicular_rays=1,i_start_ray_at_zero=0,i_compaction=1,i_large_keys=0,i_closest_hit=0,i_skip_probing=0,i_num_rays_per_thread_log=1,i_decomposition_bits=22,i_debug=0,uncompacted_size=1902656640,final_size=1092951296,update_temp_buffer_size=0,convert_time_ms=5.6065921783447265625,build_time_ms=81.8513946533203125,convert_build_time_ms=87.457986831665039062,convert_build_compact_time_ms=91.329570770263671875,compact_time_ms=3.8715839385986328125,update_time_ms=0,convert_and_update_time_ms=0,sort_time_ms=0,total_probe_time_ms=17.285983848571778054
i_primitive=triangle,i_key_mode=3d,i_build_mode=b_sfl,i_probe_mode=p_asc,i_num_build_keys_log=25,i_key_offset=0,i_key_stride_log=0,i_key_replication_log=0,i_reserve_keys_for_misses=0,i_local_updates=0,i_num_updates_log=0,i_num_probe_keys_log=27,i_miss_percentage=0,i_out_of_range_percentage=0,i_range_query_hit_count_log=0,i_exponent_bias=0,i_force_single_anyhit=1,i_perpendicular_rays=1,i_start_ray_at_zero=0,i_compaction=1,i_large_keys=0,i_closest_hit=0,i_skip_probing=0,i_num_rays_per_thread_log=2,i_decomposition_bits=22,i_debug=0,uncompacted_size=1902656640,final_size=1092556800,update_temp_buffer_size=0,convert_time_ms=5.4389119148254394531,build_time_ms=82.1247711181640625,convert_build_time_ms=87.563683032989501953,convert_build_compact_time_ms=91.382179021835327148,compact_time_ms=3.8184959888458251953,update_time_ms=0,convert_and_update_time_ms=0,sort_time_ms=0,total_probe_time_ms=25.202076721191406961
i_primitive=triangle,i_key_mode=3d,i_build_mode=b_sfl,i_probe_mode=p_asc,i_num_build_keys_log=25,i_key_offset=0,i_key_stride_log=0,i_key_replication_log=0,i_reserve_keys_for_misses=0,i_local_updates=0,i_num_updates_log=0,i_num_probe_keys_log=27,i_miss_percentage=0,i_out_of_range_percentage=0,i_range_query_hit_count_log=0,i_exponent_bias=0,i_force_single_anyhit=1,i_perpendicular_rays=1,i_start_ray_at_zero=0,i_compaction=1,i_large_keys=0,i_closest_hit=0,i_skip_probing=0,i_num_rays_per_thread_log=3,i_decomposition_bits=22,i_debug=0,uncompacted_size=1902656640,final_size=1092489600,update_temp_buffer_size=0,convert_time_ms=5.74720001220703125,build_time_ms=82.1083221435546875,convert_build_time_ms=87.85552215576171875,convert_build_compact_time_ms=91.666850090026855469,compact_time_ms=3.8113279342651367188,update_time_ms=0,convert_and_update_time_ms=0,sort_time_ms=0,total_probe_time_ms=51.030659866333010655
i_primitive=triangle,i_key_mode=3d,i_build_mode=b_sfl,i_probe_mode=p_asc,i_num_build_keys_log=25,i_key_offset=0,i_key_stride_log=0,i_key_replication_log=0,i_reserve_keys_for_misses=0,i_local_updates=0,i_num_updates_log=0,i_num_probe_keys_log=27,i_miss_percentage=0,i_out_of_range_percentage=0,i_range_query_hit_count_log=0,i_exponent_bias=0,i_force_single_anyhit=1,i_perpendicular_rays=1,i_start_ray_at_zero=0,i_compaction=1,i_large_keys=0,i_closest_hit=0,i_skip_probing=0,i_num_rays_per_thread_log=6,i_decomposition_bits=22,i_debug=0,uncompacted_size=1902656640,final_size=1092370304,update_temp_buffer_size=0,convert_time_ms=5.6098241806030273438,build_time_ms=81.95378875732421875,convert_build_time_ms=87.563612937927246094,convert_build_compact_time_ms=91.385948896408081055,compact_time_ms=3.8223359584808349609,update_time_ms=0,convert_and_update_time_ms=0,sort_time_ms=0,total_probe_time_ms=93.397974395751958809
i_primitive=triangle,i_key_mode=3d,i_build_mode=b_sfl,i_probe_mode=p_asc,i_num_build_keys_log=25,i_key_offset=0,i_key_stride_log=0,i_key_replication_log=0,i_reserve_keys_for_misses=0,i_local_updates=0,i_num_updates_log=0,i_num_probe_keys_log=27,i_miss_percentage=0,i_out_of_range_percentage=0,i_range_query_hit_count_log=0,i_exponent_bias=0,i_force_single_anyhit=1,i_perpendicular_rays=1,i_start_ray_at_zero=0,i_compaction=1,i_large_keys=0,i_closest_hit=0,i_skip_probing=0,i_num_rays_per_thread_log=9,i_decomposition_bits=22,i_debug=0,uncompacted_size=1902656640,final_size=1092769920,update_temp_buffer_size=0,convert_time_ms=5.4146561622619628906,build_time_ms=82.43302154541015625,convert_build_time_ms=87.847677707672119141,convert_build_compact_time_ms=91.663101673126220703,compact_time_ms=3.8154239654541015625,update_time_ms=0,convert_and_update_time_ms=0,sort_time_ms=0,total_probe_time_ms=131.79929199218750568
i_primitive=triangle,i_key_mode=3d,i_build_mode=b_sfl,i_probe_mode=p_asc,i_num_build_keys_log=25,i_key_offset=0,i_key_stride_log=0,i_key_replication_log=0,i_reserve_keys_for_misses=0,i_local_updates=0,i_num_updates_log=0,i_num_probe_keys_log=27,i_miss_percentage=0,i_out_of_range_percentage=0,i_range_query_hit_count_log=0,i_exponent_bias=0,i_force_single_anyhit=1,i_perpendicular_rays=1,i_start_ray_at_zero=0,i_compaction=1,i_large_keys=0,i_closest_hit=0,i_skip_probing=0,i_num_rays_per_thread_log=12,i_decomposition_bits=22,i_debug=0,uncompacted_size=1902656640,final_size=1092624128,update_temp_buffer_size=0,convert_time_ms=5.7015042304992675781,build_time_ms=81.74694061279296875,convert_build_time_ms=87.448444843292236328,convert_build_compact_time_ms=91.293564796447753906,compact_time_ms=3.8451199531555175781,update_time_ms=0,convert_and_update_time_ms=0,sort_time_ms=0,total_probe_time_ms=157.3372650146484375
i_primitive=triangle,i_key_mode=3d,i_build_mode=b_sfl,i_probe_mode=p_asc,i_num_build_keys_log=25,i_key_offset=0,i_key_stride_log=0,i_key_replication_log=0,i_reserve_keys_for_misses=0,i_local_updates=0,i_num_updates_log=0,i_num_probe_keys_log=27,i_miss_percentage=0,i_out_of_range_percentage=0,i_range_query_hit_count_log=0,i_exponent_bias=0,i_force_single_anyhit=1,i_perpendicular_rays=1,i_start_ray_at_zero=0,i_compaction=1,i_large_keys=0,i_closest_hit=0,i_skip_probing=0,i_num_rays_per_thread_log=15,i_decomposition_bits=22,i_debug=0,uncompacted_size=1902656640,final_size=1092249344,update_temp_buffer_size=0,convert_time_ms=5.4231038093566894531,build_time_ms=81.9647979736328125,convert_build_time_ms=87.387901782989501953,convert_build_compact_time_ms=91.235069751739501953,compact_time_ms=3.84716796875,update_time_ms=0,convert_and_update_time_ms=0,sort_time_ms=0,total_probe_time_ms=100.04156188964843466
i_primitive=triangle,i_key_mode=3d,i_build_mode=b_sfl,i_probe_mode=p_asc,i_num_build_keys_log=25,i_key_offset=0,i_key_stride_log=0,i_key_replication_log=0,i_reserve_keys_for_misses=0,i_local_updates=0,i_num_updates_log=0,i_num_probe_keys_log=27,i_miss_percentage=0,i_out_of_range_percentage=0,i_range_query_hit_count_log=0,i_exponent_bias=0,i_force_single_anyhit=1,i_perpendicular_rays=1,i_start_ray_at_zero=0,i_compaction=1,i_large_keys=0,i_closest_hit=0,i_skip_probing=0,i_num_rays_per_thread_log=18,i_decomposition_bits=22,i_debug=0,uncompacted_size=1902656640,final_size=1092899584,update_temp_buffer_size=0,convert_time_ms=5.6502718925476074219,build_time_ms=82.1992645263671875,convert_build_time_ms=87.849536418914794922,convert_build_compact_time_ms=91.692608356475830078,compact_time_ms=3.8430719375610351562,update_time_ms=0,convert_and_update_time_ms=0,sort_time_ms=0,total_probe_time_ms=781.55354614257817047
i_primitive=triangle,i_key_mode=3d,i_build_mode=b_sfl,i_probe_mode=p_asc,i_num_build_keys_log=26,i_key_offset=0,i_key_stride_log=0,i_key_replication_log=0,i_reserve_keys_for_misses=0,i_local_updates=0,i_num_updates_log=0,i_num_probe_keys_log=27,i_miss_percentage=0,i_out_of_range_percentage=0,i_range_query_hit_count_log=0,i_exponent_bias=0,i_force_single_anyhit=1,i_perpendicular_rays=1,i_start_ray_at_zero=0,i_compaction=1,i_large_keys=0,i_closest_hit=0,i_skip_probing=0,i_num_rays_per_thread_log=0,i_decomposition_bits=22,i_debug=0,uncompacted_size=3805310464,final_size=2124495232,update_temp_buffer_size=0,convert_time_ms=10.761280059814453125,build_time_ms=164.2967071533203125,convert_build_time_ms=175.05798721313476562,convert_build_compact_time_ms=182.45229101181030273,compact_time_ms=7.3943037986755371094,update_time_ms=0,convert_and_update_time_ms=0,sort_time_ms=0,total_probe_time_ms=21.874633598327637429
i_primitive=triangle,i_key_mode=3d,i_build_mode=b_sfl,i_probe_mode=p_asc,i_num_build_keys_log=26,i_key_offset=0,i_key_stride_log=0,i_key_replication_log=0,i_reserve_keys_for_misses=0,i_local_updates=0,i_num_updates_log=0,i_num_probe_keys_log=27,i_miss_percentage=0,i_out_of_range_percentage=0,i_range_query_hit_count_log=0,i_exponent_bias=0,i_force_single_anyhit=1,i_perpendicular_rays=1,i_start_ray_at_zero=0,i_compaction=1,i_large_keys=0,i_closest_hit=0,i_skip_probing=0,i_num_rays_per_thread_log=1,i_decomposition_bits=22,i_debug=0,uncompacted_size=3805310464,final_size=2126927872,update_temp_buffer_size=0,convert_time_ms=10.761823654174804688,build_time_ms=163.9575042724609375,convert_build_time_ms=174.71932792663574219,convert_build_compact_time_ms=182.14537572860717773,compact_time_ms=7.4260478019714355469,update_time_ms=0,convert_and_update_time_ms=0,sort_time_ms=0,total_probe_time_ms=27.561724281311036577
i_primitive=triangle,i_key_mode=3d,i_build_mode=b_sfl,i_probe_mode=p_asc,i_num_build_keys_log=26,i_key_offset=0,i_key_stride_log=0,i_key_replication_log=0,i_reserve_keys_for_misses=0,i_local_updates=0,i_num_updates_log=0,i_num_probe_keys_log=27,i_miss_percentage=0,i_out_of_range_percentage=0,i_range_query_hit_count_log=0,i_exponent_bias=0,i_force_single_anyhit=1,i_perpendicular_rays=1,i_start_ray_at_zero=0,i_compaction=1,i_large_keys=0,i_closest_hit=0,i_skip_probing=0,i_num_rays_per_thread_log=2,i_decomposition_bits=22,i_debug=0,uncompacted_size=3805310464,final_size=2126758912,update_temp_buffer_size=0,convert_time_ms=10.768256187438964844,build_time_ms=165.6575927734375,convert_build_time_ms=176.42584896087646484,convert_build_compact_time_ms=183.8058171272277832,compact_time_ms=7.3799681663513183594,update_time_ms=0,convert_and_update_time_ms=0,sort_time_ms=0,total_probe_time_ms=49.244780731201174717
i_primitive=triangle,i_key_mode=3d,i_build_mode=b_sfl,i_probe_mode=p_asc,i_num_build_keys_log=26,i_key_offset=0,i_key_stride_log=0,i_key_replication_log=0,i_reserve_keys_for_misses=0,i_local_updates=0,i_num_updates_log=0,i_num_probe_keys_log=27,i_miss_percentage=0,i_out_of_range_percentage=0,i_range_query_hit_count_log=0,i_exponent_bias=0,i_force_single_anyhit=1,i_perpendicular_rays=1,i_start_ray_at_zero=0,i_compaction=1,i_large_keys=0,i_closest_hit=0,i_skip_probing=0,i_num_rays_per_thread_log=3,i_decomposition_bits=22,i_debug=0,uncompacted_size=3805310464,final_size=2126241792,update_temp_buffer_size=0,convert_time_ms=10.771424293518066406,build_time_ms=165.7733154296875,convert_build_time_ms=176.54473972320556641,convert_build_compact_time_ms=183.97590780258178711,compact_time_ms=7.4311680793762207031,update_time_ms=0,convert_and_update_time_ms=0,sort_time_ms=0,total_probe_time_ms=73.127782440185541191
i_primitive=triangle,i_key_mode=3d,i_build_mode=b_sfl,i_probe_mode=p_asc,i_num_build_keys_log=26,i_key_offset=0,i_key_stride_log=0,i_key_replication_log=0,i_reserve_keys_for_misses=0,i_local_updates=0,i_num_updates_log=0,i_num_probe_keys_log=27,i_miss_percentage=0,i_out_of_range_percentage=0,i_range_query_hit_count_log=0,i_exponent_bias=0,i_force_single_anyhit=1,i_perpendicular_rays=1,i_start_ray_at_zero=0,i_compaction=1,i_large_keys=0,i_closest_hit=0,i_skip_probing=0,i_num_rays_per_thread_log=6,i_decomposition_bits=22,i_debug=0,uncompacted_size=3805310464,final_size=2126567168,update_temp_buffer_size=0,convert_time_ms=10.759200096130371094,build_time_ms=165.936126708984375,convert_build_time_ms=176.69532680511474609,convert_build_compact_time_ms=184.10073471069335938,compact_time_ms=7.4054079055786132812,update_time_ms=0,convert_and_update_time_ms=0,sort_time_ms=0,total_probe_time_ms=107.73314208984375284
i_primitive=triangle,i_key_mode=3d,i_build_mode=b_sfl,i_probe_mode=p_asc,i_num_build_keys_log=26,i_key_offset=0,i_key_stride_log=0,i_key_replication_log=0,i_reserve_keys_for_misses=0,i_local_updates=0,i_num_updates_log=0,i_num_probe_keys_log=27,i_miss_percentage=0,i_out_of_range_percentage=0,i_range_query_hit_count_log=0,i_exponent_bias=0,i_force_single_anyhit=1,i_perpendicular_rays=1,i_start_ray_at_zero=0,i_compaction=1,i_large_keys=0,i_closest_hit=0,i_skip_probing=0,i_num_rays_per_thread_log=9,i_decomposition_bits=22,i_debug=0,uncompacted_size=3805310464,final_size=2126041728,update_temp_buffer_size=0,convert_time_ms=10.758208274841308594,build_time_ms=164.9837493896484375,convert_build_time_ms=175.74195766448974609,convert_build_compact_time_ms=183.15776586532592773,compact_time_ms=7.4158082008361816406,update_time_ms=0,convert_and_update_time_ms=0,sort_time_ms=0,total_probe_time_ms=143.15012054443360512
i_primitive=triangle,i_key_mode=3d,i_build_mode=b_sfl,i_probe_mode=p_asc,i_num_build_keys_log=26,i_key_offset=0,i_key_stride_log=0,i_key_replication_log=0,i_reserve_keys_for_misses=0,i_local_updates=0,i_num_updates_log=0,i_num_probe_keys_log=27,i_miss_percentage=0,i_out_of_range_percentage=0,i_range_query_hit_count_log=0,i_exponent_bias=0,i_force_single_anyhit=1,i_perpendicular_rays=1,i_start_ray_at_zero=0,i_compaction=1,i_large_keys=0,i_closest_hit=0,i_skip_probing=0,i_num_rays_per_thread_log=12,i_decomposition_bits=22,i_debug=0,uncompacted_size=3805310464,final_size=2126349568,update_temp_buffer_size=0,convert_time_ms=10.767423629760742188,build_time_ms=164.4503021240234375,convert_build_time_ms=175.21772575378417969,convert_build_compact_time_ms=182.61276578903198242,compact_time_ms=7.3950400352478027344,update_time_ms=0,convert_and_update_time_ms=0,sort_time_ms=0,total_probe_time_ms=164.13678894042968182
i_primitive=triangle,i_key_mode=3d,i_build_mode=b_sfl,i_probe_mode=p_asc,i_num_build_keys_log=26,i_key_offset=0,i_key_stride_log=0,i_key_replication_log=0,i_reserve_keys_for_misses=0,i_local_updates=0,i_num_updates_log=0,i_num_probe_keys_log=27,i_miss_percentage=0,i_out_of_range_percentage=0,i_range_query_hit_count_log=0,i_exponent_bias=0,i_force_single_anyhit=1,i_perpendicular_rays=1,i_start_ray_at_zero=0,i_compaction=1,i_large_keys=0,i_closest_hit=0,i_skip_probing=0,i_num_rays_per_thread_log=15,i_decomposition_bits=22,i_debug=0,uncompacted_size=3805310464,final_size=2126864640,update_temp_buffer_size=0,convert_time_ms=10.758687973022460938,build_time_ms=164.7841339111328125,convert_build_time_ms=175.54282188415527344,convert_build_compact_time_ms=182.96170186996459961,compact_time_ms=7.4188799858093261719,update_time_ms=0,convert_and_update_time_ms=0,sort_time_ms=0,total_probe_time_ms=109.86857223510742188
i_primitive=triangle,i_key_mode=3d,i_build_mode=b_sfl,i_probe_mode=p_asc,i_num_build_keys_log=26,i_key_offset=0,i_key_stride_log=0,i_key_replication_log=0,i_reserve_keys_for_misses=0,i_local_updates=0,i_num_updates_log=0,i_num_probe_keys_log=27,i_miss_percentage=0,i_out_of_range_percentage=0,i_range_query_hit_count_log=0,i_exponent_bias=0,i_force_single_anyhit=1,i_perpendicular_rays=1,i_start_ray_at_zero=0,i_compaction=1,i_large_keys=0,i_closest_hit=0,i_skip_probing=0,i_num_rays_per_thread_log=18,i_decomposition_bits=22,i_debug=0,uncompacted_size=3805310464,final_size=2125799296,update_temp_buffer_size=0,convert_time_ms=10.758912086486816406,build_time_ms=165.0114593505859375,convert_build_time_ms=175.77037143707275391,convert_build_compact_time_ms=183.15750741958618164,compact_time_ms=7.3871359825134277344,update_time_ms=0,convert_and_update_time_ms=0,sort_time_ms=0,total_probe_time_ms=834.57215576171870453
