i_primitive=triangle,i_key_mode=3d,i_build_mode=b_sfl,i_probe_mode=p_sfl,i_update_type=global,i_num_build_keys_log=21,i_key_offset=0,i_key_stride_log=0,i_key_replication_log=0,i_reserve_keys_for_misses=0,i_num_updates_log=0,i_local_update_batch_size_log=1,i_num_probe_keys_log=27,i_miss_percentage=0,i_out_of_range_percentage=0,i_range_query_hit_count_log=0,i_exponent_bias=0,i_force_single_anyhit=1,i_perpendicular_rays=1,i_start_ray_at_zero=0,i_compaction=0,i_large_keys=0,i_closest_hit=0,i_skip_probing=0,i_num_rays_per_thread_log=0,i_force_uniform_keys=0,i_x_bits=22,i_y_bits=10,i_z_bits=0,i_debug=0,uncompacted_size=118738304,final_size=118738304,update_temp_buffer_size=0,convert_time_ms=0.35622400045394897461,build_time_ms=5.9514241218566894531,convert_build_time_ms=6.3076481223106384277,convert_build_compact_time_ms=6.3076481223106384277,compact_time_ms=0,update_time_ms=0,convert_and_update_time_ms=0,sort_time_ms=0,total_probe_time_ms=60.868630218505856533
i_primitive=sphere,i_key_mode=3d,i_build_mode=b_sfl,i_probe_mode=p_sfl,i_update_type=global,i_num_build_keys_log=21,i_key_offset=0,i_key_stride_log=0,i_key_replication_log=0,i_reserve_keys_for_misses=0,i_num_updates_log=0,i_local_update_batch_size_log=1,i_num_probe_keys_log=27,i_miss_percentage=0,i_out_of_range_percentage=0,i_range_query_hit_count_log=0,i_exponent_bias=0,i_force_single_anyhit=1,i_perpendicular_rays=1,i_start_ray_at_zero=0,i_compaction=0,i_large_keys=0,i_closest_hit=0,i_skip_probing=0,i_num_rays_per_thread_log=0,i_force_uniform_keys=0,i_x_bits=22,i_y_bits=10,i_z_bits=0,i_debug=0,uncompacted_size=112020452,final_size=112020452,update_temp_buffer_size=0,convert_time_ms=0.060479998588562011719,build_time_ms=8.7787199020385742188,convert_build_time_ms=8.8391999006271362305,convert_build_compact_time_ms=8.8391999006271362305,compact_time_ms=0,update_time_ms=0,convert_and_update_time_ms=0,sort_time_ms=0,total_probe_time_ms=113.10266571044921591
i_primitive=aabb,i_key_mode=3d,i_build_mode=b_sfl,i_probe_mode=p_sfl,i_update_type=global,i_num_build_keys_log=21,i_key_offset=0,i_key_stride_log=0,i_key_replication_log=0,i_reserve_keys_for_misses=0,i_num_updates_log=0,i_local_update_batch_size_log=1,i_num_probe_keys_log=27,i_miss_percentage=0,i_out_of_range_percentage=0,i_range_query_hit_count_log=0,i_exponent_bias=0,i_force_single_anyhit=1,i_perpendicular_rays=1,i_start_ray_at_zero=0,i_compaction=0,i_large_keys=0,i_closest_hit=0,i_skip_probing=0,i_num_rays_per_thread_log=0,i_force_uniform_keys=0,i_x_bits=22,i_y_bits=10,i_z_bits=0,i_debug=0,uncompacted_size=78465920,final_size=78465920,update_temp_buffer_size=0,convert_time_ms=0.14847999811172485352,build_time_ms=4.9160318374633789062,convert_build_time_ms=5.0645118355751037598,convert_build_compact_time_ms=5.0645118355751037598,compact_time_ms=0,update_time_ms=0,convert_and_update_time_ms=0,sort_time_ms=0,total_probe_time_ms=106.81555938720703125
i_primitive=triangle,i_key_mode=3d,i_build_mode=b_sfl,i_probe_mode=p_sfl,i_update_type=global,i_num_build_keys_log=21,i_key_offset=0,i_key_stride_log=0,i_key_replication_log=0,i_reserve_keys_for_misses=0,i_num_updates_log=0,i_local_update_batch_size_log=1,i_num_probe_keys_log=27,i_miss_percentage=0,i_out_of_range_percentage=0,i_range_query_hit_count_log=0,i_exponent_bias=0,i_force_single_anyhit=1,i_perpendicular_rays=1,i_start_ray_at_zero=0,i_compaction=1,i_large_keys=0,i_closest_hit=0,i_skip_probing=0,i_num_rays_per_thread_log=0,i_force_uniform_keys=0,i_x_bits=22,i_y_bits=10,i_z_bits=0,i_debug=0,uncompacted_size=118918656,final_size=83117824,update_temp_buffer_size=0,convert_time_ms=0.35353600978851318359,build_time_ms=5.9863038063049316406,convert_build_time_ms=6.3398398160934448242,convert_build_compact_time_ms=6.6388478279113769531,compact_time_ms=0.29900801181793212891,update_time_ms=0,convert_and_update_time_ms=0,sort_time_ms=0,total_probe_time_ms=60.70714569091796875
i_primitive=sphere,i_key_mode=3d,i_build_mode=b_sfl,i_probe_mode=p_sfl,i_update_type=global,i_num_build_keys_log=21,i_key_offset=0,i_key_stride_log=0,i_key_replication_log=0,i_reserve_keys_for_misses=0,i_num_updates_log=0,i_local_update_batch_size_log=1,i_num_probe_keys_log=27,i_miss_percentage=0,i_out_of_range_percentage=0,i_range_query_hit_count_log=0,i_exponent_bias=0,i_force_single_anyhit=1,i_perpendicular_rays=1,i_start_ray_at_zero=0,i_compaction=1,i_large_keys=0,i_closest_hit=0,i_skip_probing=0,i_num_rays_per_thread_log=0,i_force_uniform_keys=0,i_x_bits=22,i_y_bits=10,i_z_bits=0,i_debug=0,uncompacted_size=112020452,final_size=90682084,update_temp_buffer_size=0,convert_time_ms=0.061535999178886413574,build_time_ms=8.9863042831420898438,convert_build_time_ms=9.0478402823209762573,convert_build_compact_time_ms=10.201792284846305847,compact_time_ms=1.1539520025253295898,update_time_ms=0,convert_and_update_time_ms=0,sort_time_ms=0,total_probe_time_ms=111.5580902099609375
i_primitive=aabb,i_key_mode=3d,i_build_mode=b_sfl,i_probe_mode=p_sfl,i_update_type=global,i_num_build_keys_log=21,i_key_offset=0,i_key_stride_log=0,i_key_replication_log=0,i_reserve_keys_for_misses=0,i_num_updates_log=0,i_local_update_batch_size_log=1,i_num_probe_keys_log=27,i_miss_percentage=0,i_out_of_range_percentage=0,i_range_query_hit_count_log=0,i_exponent_bias=0,i_force_single_anyhit=1,i_perpendicular_rays=1,i_start_ray_at_zero=0,i_compaction=1,i_large_keys=0,i_closest_hit=0,i_skip_probing=0,i_num_rays_per_thread_log=0,i_force_uniform_keys=0,i_x_bits=22,i_y_bits=10,i_z_bits=0,i_debug=0,uncompacted_size=78465920,final_size=57125888,update_temp_buffer_size=0,convert_time_ms=0.14742399752140045166,build_time_ms=4.9367041587829589844,convert_build_time_ms=5.084128156304359436,convert_build_compact_time_ms=5.2948161512613296509,compact_time_ms=0.21068799495697021484,update_time_ms=0,convert_and_update_time_ms=0,sort_time_ms=0,total_probe_time_ms=105.85654067993164062
i_primitive=triangle,i_key_mode=3d,i_build_mode=b_sfl,i_probe_mode=p_asc,i_update_type=global,i_num_build_keys_log=21,i_key_offset=0,i_key_stride_log=0,i_key_replication_log=0,i_reserve_keys_for_misses=0,i_num_updates_log=0,i_local_update_batch_size_log=1,i_num_probe_keys_log=27,i_miss_percentage=0,i_out_of_range_percentage=0,i_range_query_hit_count_log=0,i_exponent_bias=0,i_force_single_anyhit=1,i_perpendicular_rays=1,i_start_ray_at_zero=0,i_compaction=0,i_large_keys=0,i_closest_hit=0,i_skip_probing=0,i_num_rays_per_thread_log=0,i_force_uniform_keys=0,i_x_bits=22,i_y_bits=10,i_z_bits=0,i_debug=0,uncompacted_size=118738304,final_size=118738304,update_temp_buffer_size=0,convert_time_ms=0.46499198675155639648,build_time_ms=6.1521921157836914062,convert_build_time_ms=6.6171841025352478027,convert_build_compact_time_ms=6.6171841025352478027,compact_time_ms=0,update_time_ms=0,convert_and_update_time_ms=0,sort_time_ms=0,total_probe_time_ms=15.450089645385741477
i_primitive=sphere,i_key_mode=3d,i_build_mode=b_sfl,i_probe_mode=p_asc,i_update_type=global,i_num_build_keys_log=21,i_key_offset=0,i_key_stride_log=0,i_key_replication_log=0,i_reserve_keys_for_misses=0,i_num_updates_log=0,i_local_update_batch_size_log=1,i_num_probe_keys_log=27,i_miss_percentage=0,i_out_of_range_percentage=0,i_range_query_hit_count_log=0,i_exponent_bias=0,i_force_single_anyhit=1,i_perpendicular_rays=1,i_start_ray_at_zero=0,i_compaction=0,i_large_keys=0,i_closest_hit=0,i_skip_probing=0,i_num_rays_per_thread_log=0,i_force_uniform_keys=0,i_x_bits=22,i_y_bits=10,i_z_bits=0,i_debug=0,uncompacted_size=112020452,final_size=112020452,update_temp_buffer_size=0,convert_time_ms=0.12025599926710128784,build_time_ms=9.2968959808349609375,convert_build_time_ms=9.4171519801020622253,convert_build_compact_time_ms=9.4171519801020622253,compact_time_ms=0,update_time_ms=0,convert_and_update_time_ms=0,sort_time_ms=0,total_probe_time_ms=17.94963512420654439
i_primitive=aabb,i_key_mode=3d,i_build_mode=b_sfl,i_probe_mode=p_asc,i_update_type=global,i_num_build_keys_log=21,i_key_offset=0,i_key_stride_log=0,i_key_replication_log=0,i_reserve_keys_for_misses=0,i_num_updates_log=0,i_local_update_batch_size_log=1,i_num_probe_keys_log=27,i_miss_percentage=0,i_out_of_range_percentage=0,i_range_query_hit_count_log=0,i_exponent_bias=0,i_force_single_anyhit=1,i_perpendicular_rays=1,i_start_ray_at_zero=0,i_compaction=0,i_large_keys=0,i_closest_hit=0,i_skip_probing=0,i_num_rays_per_thread_log=0,i_force_uniform_keys=0,i_x_bits=22,i_y_bits=10,i_z_bits=0,i_debug=0,uncompacted_size=78465920,final_size=78465920,update_temp_buffer_size=0,convert_time_ms=0.23503999412059783936,build_time_ms=5.2582402229309082031,convert_build_time_ms=5.4932802170515060425,convert_build_compact_time_ms=5.4932802170515060425,compact_time_ms=0,update_time_ms=0,convert_and_update_time_ms=0,sort_time_ms=0,total_probe_time_ms=22.702006149291992898
i_primitive=triangle,i_key_mode=3d,i_build_mode=b_sfl,i_probe_mode=p_asc,i_update_type=global,i_num_build_keys_log=21,i_key_offset=0,i_key_stride_log=0,i_key_replication_log=0,i_reserve_keys_for_misses=0,i_num_updates_log=0,i_local_update_batch_size_log=1,i_num_probe_keys_log=27,i_miss_percentage=0,i_out_of_range_percentage=0,i_range_query_hit_count_log=0,i_exponent_bias=0,i_force_single_anyhit=1,i_perpendicular_rays=1,i_start_ray_at_zero=0,i_compaction=1,i_large_keys=0,i_closest_hit=0,i_skip_probing=0,i_num_rays_per_thread_log=0,i_force_uniform_keys=0,i_x_bits=22,i_y_bits=10,i_z_bits=0,i_debug=0,uncompacted_size=118918656,final_size=83116544,update_temp_buffer_size=0,convert_time_ms=0.42144000530242919922,build_time_ms=6.092800140380859375,convert_build_time_ms=6.5142401456832885742,convert_build_compact_time_ms=6.801792144775390625,compact_time_ms=0.28755199909210205078,update_time_ms=0,convert_and_update_time_ms=0,sort_time_ms=0,total_probe_time_ms=14.978556823730468039
i_primitive=sphere,i_key_mode=3d,i_build_mode=b_sfl,i_probe_mode=p_asc,i_update_type=global,i_num_build_keys_log=21,i_key_offset=0,i_key_stride_log=0,i_key_replication_log=0,i_reserve_keys_for_misses=0,i_num_updates_log=0,i_local_update_batch_size_log=1,i_num_probe_keys_log=27,i_miss_percentage=0,i_out_of_range_percentage=0,i_range_query_hit_count_log=0,i_exponent_bias=0,i_force_single_anyhit=1,i_perpendicular_rays=1,i_start_ray_at_zero=0,i_compaction=1,i_large_keys=0,i_closest_hit=0,i_skip_probing=0,i_num_rays_per_thread_log=0,i_force_uniform_keys=0,i_x_bits=22,i_y_bits=10,i_z_bits=0,i_debug=0,uncompacted_size=112020452,final_size=90684772,update_temp_buffer_size=0,convert_time_ms=0.11430399864912033081,build_time_ms=9.1163835525512695312,convert_build_time_ms=9.2306875512003898621,convert_build_compact_time_ms=10.410207562148571014,compact_time_ms=1.1795200109481811523,update_time_ms=0,convert_and_update_time_ms=0,sort_time_ms=0,total_probe_time_ms=17.938419342041015625
i_primitive=aabb,i_key_mode=3d,i_build_mode=b_sfl,i_probe_mode=p_asc,i_update_type=global,i_num_build_keys_log=21,i_key_offset=0,i_key_stride_log=0,i_key_replication_log=0,i_reserve_keys_for_misses=0,i_num_updates_log=0,i_local_update_batch_size_log=1,i_num_probe_keys_log=27,i_miss_percentage=0,i_out_of_range_percentage=0,i_range_query_hit_count_log=0,i_exponent_bias=0,i_force_single_anyhit=1,i_perpendicular_rays=1,i_start_ray_at_zero=0,i_compaction=1,i_large_keys=0,i_closest_hit=0,i_skip_probing=0,i_num_rays_per_thread_log=0,i_force_uniform_keys=0,i_x_bits=22,i_y_bits=10,i_z_bits=0,i_debug=0,uncompacted_size=78465920,final_size=57129600,update_temp_buffer_size=0,convert_time_ms=0.20124800503253936768,build_time_ms=4.93363189697265625,convert_build_time_ms=5.1348799020051956177,convert_build_compact_time_ms=5.3499199002981185913,compact_time_ms=0.21503999829292297363,update_time_ms=0,convert_and_update_time_ms=0,sort_time_ms=0,total_probe_time_ms=22.847974205017088423
i_primitive=triangle,i_key_mode=3d,i_build_mode=b_sfl,i_probe_mode=p_sfl,i_update_type=global,i_num_build_keys_log=22,i_key_offset=0,i_key_stride_log=0,i_key_replication_log=0,i_reserve_keys_for_misses=0,i_num_updates_log=0,i_local_update_batch_size_log=1,i_num_probe_keys_log=27,i_miss_percentage=0,i_out_of_range_percentage=0,i_range_query_hit_count_log=0,i_exponent_bias=0,i_force_single_anyhit=1,i_perpendicular_rays=1,i_start_ray_at_zero=0,i_compaction=0,i_large_keys=0,i_closest_hit=0,i_skip_probing=0,i_num_rays_per_thread_log=0,i_force_uniform_keys=0,i_x_bits=22,i_y_bits=10,i_z_bits=0,i_debug=0,uncompacted_size=237474048,final_size=237474048,update_temp_buffer_size=0,convert_time_ms=0.68886399269104003906,build_time_ms=11.394047737121582031,convert_build_time_ms=12.08291172981262207,convert_build_compact_time_ms=12.08291172981262207,compact_time_ms=0,update_time_ms=0,convert_and_update_time_ms=0,sort_time_ms=0,total_probe_time_ms=70.630227661132806816
i_primitive=sphere,i_key_mode=3d,i_build_mode=b_sfl,i_probe_mode=p_sfl,i_update_type=global,i_num_build_keys_log=22,i_key_offset=0,i_key_stride_log=0,i_key_replication_log=0,i_reserve_keys_for_misses=0,i_num_updates_log=0,i_local_update_batch_size_log=1,i_num_probe_keys_log=27,i_miss_percentage=0,i_out_of_range_percentage=0,i_range_query_hit_count_log=0,i_exponent_bias=0,i_force_single_anyhit=1,i_perpendicular_rays=1,i_start_ray_at_zero=0,i_compaction=0,i_large_keys=0,i_closest_hit=0,i_skip_probing=0,i_num_rays_per_thread_log=0,i_force_uniform_keys=0,i_x_bits=22,i_y_bits=10,i_z_bits=0,i_debug=0,uncompacted_size=224038244,final_size=224038244,update_temp_buffer_size=0,convert_time_ms=0.10831999778747558594,build_time_ms=13.953023910522460938,convert_build_time_ms=14.061343908309936523,convert_build_compact_time_ms=14.061343908309936523,compact_time_ms=0,update_time_ms=0,convert_and_update_time_ms=0,sort_time_ms=0,total_probe_time_ms=125.50734024047851278
i_primitive=aabb,i_key_mode=3d,i_build_mode=b_sfl,i_probe_mode=p_sfl,i_update_type=global,i_num_build_keys_log=22,i_key_offset=0,i_key_stride_log=0,i_key_replication_log=0,i_reserve_keys_for_misses=0,i_num_updates_log=0,i_local_update_batch_size_log=1,i_num_probe_keys_log=27,i_miss_percentage=0,i_out_of_range_percentage=0,i_range_query_hit_count_log=0,i_exponent_bias=0,i_force_single_anyhit=1,i_perpendicular_rays=1,i_start_ray_at_zero=0,i_compaction=0,i_large_keys=0,i_closest_hit=0,i_skip_probing=0,i_num_rays_per_thread_log=0,i_force_uniform_keys=0,i_x_bits=22,i_y_bits=10,i_z_bits=0,i_debug=0,uncompacted_size=156929280,final_size=156929280,update_temp_buffer_size=0,convert_time_ms=0.2844479978084564209,build_time_ms=9.0378236770629882812,convert_build_time_ms=9.3222716748714447021,convert_build_compact_time_ms=9.3222716748714447021,compact_time_ms=0,update_time_ms=0,convert_and_update_time_ms=0,sort_time_ms=0,total_probe_time_ms=128.47988739013672443
i_primitive=triangle,i_key_mode=3d,i_build_mode=b_sfl,i_probe_mode=p_sfl,i_update_type=global,i_num_build_keys_log=22,i_key_offset=0,i_key_stride_log=0,i_key_replication_log=0,i_reserve_keys_for_misses=0,i_num_updates_log=0,i_local_update_batch_size_log=1,i_num_probe_keys_log=27,i_miss_percentage=0,i_out_of_range_percentage=0,i_range_query_hit_count_log=0,i_exponent_bias=0,i_force_single_anyhit=1,i_perpendicular_rays=1,i_start_ray_at_zero=0,i_compaction=1,i_large_keys=0,i_closest_hit=0,i_skip_probing=0,i_num_rays_per_thread_log=0,i_force_uniform_keys=0,i_x_bits=22,i_y_bits=10,i_z_bits=0,i_debug=0,uncompacted_size=237834624,final_size=165377536,update_temp_buffer_size=0,convert_time_ms=0.68777602910995483398,build_time_ms=11.507712364196777344,convert_build_time_ms=12.195488393306732178,convert_build_compact_time_ms=12.788192391395568848,compact_time_ms=0.59270399808883666992,update_time_ms=0,convert_and_update_time_ms=0,sort_time_ms=0,total_probe_time_ms=70.338528442382809658
i_primitive=sphere,i_key_mode=3d,i_build_mode=b_sfl,i_probe_mode=p_sfl,i_update_type=global,i_num_build_keys_log=22,i_key_offset=0,i_key_stride_log=0,i_key_replication_log=0,i_reserve_keys_for_misses=0,i_num_updates_log=0,i_local_update_batch_size_log=1,i_num_probe_keys_log=27,i_miss_percentage=0,i_out_of_range_percentage=0,i_range_query_hit_count_log=0,i_exponent_bias=0,i_force_single_anyhit=1,i_perpendicular_rays=1,i_start_ray_at_zero=0,i_compaction=1,i_large_keys=0,i_closest_hit=0,i_skip_probing=0,i_num_rays_per_thread_log=0,i_force_uniform_keys=0,i_x_bits=22,i_y_bits=10,i_z_bits=0,i_debug=0,uncompacted_size=224038244,final_size=168386532,update_temp_buffer_size=0,convert_time_ms=0.10771200060844421387,build_time_ms=13.993984222412109375,convert_build_time_ms=14.101696223020553589,convert_build_compact_time_ms=16.208064287900924683,compact_time_ms=2.1063680648803710938,update_time_ms=0,convert_and_update_time_ms=0,sort_time_ms=0,total_probe_time_ms=124.90682601928710938
i_primitive=aabb,i_key_mode=3d,i_build_mode=b_sfl,i_probe_mode=p_sfl,i_update_type=global,i_num_build_keys_log=22,i_key_offset=0,i_key_stride_log=0,i_key_replication_log=0,i_reserve_keys_for_misses=0,i_num_updates_log=0,i_local_update_batch_size_log=1,i_num_probe_keys_log=27,i_miss_percentage=0,i_out_of_range_percentage=0,i_range_query_hit_count_log=0,i_exponent_bias=0,i_force_single_anyhit=1,i_perpendicular_rays=1,i_start_ray_at_zero=0,i_compaction=1,i_large_keys=0,i_closest_hit=0,i_skip_probing=0,i_num_rays_per_thread_log=0,i_force_uniform_keys=0,i_x_bits=22,i_y_bits=10,i_z_bits=0,i_debug=0,uncompacted_size=156929280,final_size=101207808,update_temp_buffer_size=0,convert_time_ms=0.28352001309394836426,build_time_ms=9.0908803939819335938,convert_build_time_ms=9.374400407075881958,convert_build_compact_time_ms=9.7491843998432159424,compact_time_ms=0.37478399276733398438,update_time_ms=0,convert_and_update_time_ms=0,sort_time_ms=0,total_probe_time_ms=130.234710693359375
i_primitive=triangle,i_key_mode=3d,i_build_mode=b_sfl,i_probe_mode=p_asc,i_update_type=global,i_num_build_keys_log=22,i_key_offset=0,i_key_stride_log=0,i_key_replication_log=0,i_reserve_keys_for_misses=0,i_num_updates_log=0,i_local_update_batch_size_log=1,i_num_probe_keys_log=27,i_miss_percentage=0,i_out_of_range_percentage=0,i_range_query_hit_count_log=0,i_exponent_bias=0,i_force_single_anyhit=1,i_perpendicular_rays=1,i_start_ray_at_zero=0,i_compaction=0,i_large_keys=0,i_closest_hit=0,i_skip_probing=0,i_num_rays_per_thread_log=0,i_force_uniform_keys=0,i_x_bits=22,i_y_bits=10,i_z_bits=0,i_debug=0,uncompacted_size=237474048,final_size=237474048,update_temp_buffer_size=0,convert_time_ms=0.75520002841949462891,build_time_ms=11.471872329711914062,convert_build_time_ms=12.227072358131408691,convert_build_compact_time_ms=12.227072358131408691,compact_time_ms=0,update_time_ms=0,convert_and_update_time_ms=0,sort_time_ms=0,total_probe_time_ms=15.303475379943847656
i_primitive=sphere,i_key_mode=3d,i_build_mode=b_sfl,i_probe_mode=p_asc,i_update_type=global,i_num_build_keys_log=22,i_key_offset=0,i_key_stride_log=0,i_key_replication_log=0,i_reserve_keys_for_misses=0,i_num_updates_log=0,i_local_update_batch_size_log=1,i_num_probe_keys_log=27,i_miss_percentage=0,i_out_of_range_percentage=0,i_range_query_hit_count_log=0,i_exponent_bias=0,i_force_single_anyhit=1,i_perpendicular_rays=1,i_start_ray_at_zero=0,i_compaction=0,i_large_keys=0,i_closest_hit=0,i_skip_probing=0,i_num_rays_per_thread_log=0,i_force_uniform_keys=0,i_x_bits=22,i_y_bits=10,i_z_bits=0,i_debug=0,uncompacted_size=224038244,final_size=224038244,update_temp_buffer_size=0,convert_time_ms=0.16281600296497344971,build_time_ms=14.15596771240234375,convert_build_time_ms=14.3187837153673172,convert_build_compact_time_ms=14.3187837153673172,compact_time_ms=0,update_time_ms=0,convert_and_update_time_ms=0,sort_time_ms=0,total_probe_time_ms=19.940624046325684304
i_primitive=aabb,i_key_mode=3d,i_build_mode=b_sfl,i_probe_mode=p_asc,i_update_type=global,i_num_build_keys_log=22,i_key_offset=0,i_key_stride_log=0,i_key_replication_log=0,i_reserve_keys_for_misses=0,i_num_updates_log=0,i_local_update_batch_size_log=1,i_num_probe_keys_log=27,i_miss_percentage=0,i_out_of_range_percentage=0,i_range_query_hit_count_log=0,i_exponent_bias=0,i_force_single_anyhit=1,i_perpendicular_rays=1,i_start_ray_at_zero=0,i_compaction=0,i_large_keys=0,i_closest_hit=0,i_skip_probing=0,i_num_rays_per_thread_log=0,i_force_uniform_keys=0,i_x_bits=22,i_y_bits=10,i_z_bits=0,i_debug=0,uncompacted_size=156929280,final_size=156929280,update_temp_buffer_size=0,convert_time_ms=0.38195198774337768555,build_time_ms=9.4658555984497070312,convert_build_time_ms=9.8478075861930847168,convert_build_compact_time_ms=9.8478075861930847168,compact_time_ms=0,update_time_ms=0,convert_and_update_time_ms=0,sort_time_ms=0,total_probe_time_ms=24.463452529907225852
i_primitive=triangle,i_key_mode=3d,i_build_mode=b_sfl,i_probe_mode=p_asc,i_update_type=global,i_num_build_keys_log=22,i_key_offset=0,i_key_stride_log=0,i_key_replication_log=0,i_reserve_keys_for_misses=0,i_num_updates_log=0,i_local_update_batch_size_log=1,i_num_probe_keys_log=27,i_miss_percentage=0,i_out_of_range_percentage=0,i_range_query_hit_count_log=0,i_exponent_bias=0,i_force_single_anyhit=1,i_perpendicular_rays=1,i_start_ray_at_zero=0,i_compaction=1,i_large_keys=0,i_closest_hit=0,i_skip_probing=0,i_num_rays_per_thread_log=0,i_force_uniform_keys=0,i_x_bits=22,i_y_bits=10,i_z_bits=0,i_debug=0,uncompacted_size=237834624,final_size=165501952,update_temp_buffer_size=0,convert_time_ms=0.84310400485992431641,build_time_ms=11.650048255920410156,convert_build_time_ms=12.493152260780334473,convert_build_compact_time_ms=13.098336279392242432,compact_time_ms=0.60518401861190795898,update_time_ms=0,convert_and_update_time_ms=0,sort_time_ms=0,total_probe_time_ms=15.614649581909180398
i_primitive=sphere,i_key_mode=3d,i_build_mode=b_sfl,i_probe_mode=p_asc,i_update_type=global,i_num_build_keys_log=22,i_key_offset=0,i_key_stride_log=0,i_key_replication_log=0,i_reserve_keys_for_misses=0,i_num_updates_log=0,i_local_update_batch_size_log=1,i_num_probe_keys_log=27,i_miss_percentage=0,i_out_of_range_percentage=0,i_range_query_hit_count_log=0,i_exponent_bias=0,i_force_single_anyhit=1,i_perpendicular_rays=1,i_start_ray_at_zero=0,i_compaction=1,i_large_keys=0,i_closest_hit=0,i_skip_probing=0,i_num_rays_per_thread_log=0,i_force_uniform_keys=0,i_x_bits=22,i_y_bits=10,i_z_bits=0,i_debug=0,uncompacted_size=224038244,final_size=168024932,update_temp_buffer_size=0,convert_time_ms=0.16940799355506896973,build_time_ms=14.570431709289550781,convert_build_time_ms=14.739839702844619751,convert_build_compact_time_ms=17.149023681879043579,compact_time_ms=2.4091839790344238281,update_time_ms=0,convert_and_update_time_ms=0,sort_time_ms=0,total_probe_time_ms=19.433625984191895242
i_primitive=aabb,i_key_mode=3d,i_build_mode=b_sfl,i_probe_mode=p_asc,i_update_type=global,i_num_build_keys_log=22,i_key_offset=0,i_key_stride_log=0,i_key_replication_log=0,i_reserve_keys_for_misses=0,i_num_updates_log=0,i_local_update_batch_size_log=1,i_num_probe_keys_log=27,i_miss_percentage=0,i_out_of_range_percentage=0,i_range_query_hit_count_log=0,i_exponent_bias=0,i_force_single_anyhit=1,i_perpendicular_rays=1,i_start_ray_at_zero=0,i_compaction=1,i_large_keys=0,i_closest_hit=0,i_skip_probing=0,i_num_rays_per_thread_log=0,i_force_uniform_keys=0,i_x_bits=22,i_y_bits=10,i_z_bits=0,i_debug=0,uncompacted_size=156929280,final_size=101066752,update_temp_buffer_size=0,convert_time_ms=0.3407999873161315918,build_time_ms=9.1429443359375,convert_build_time_ms=9.4837443232536315918,convert_build_compact_time_ms=9.8677443265914916992,compact_time_ms=0.38400000333786010742,update_time_ms=0,convert_and_update_time_ms=0,sort_time_ms=0,total_probe_time_ms=23.544633483886720171
i_primitive=triangle,i_key_mode=3d,i_build_mode=b_sfl,i_probe_mode=p_sfl,i_update_type=global,i_num_build_keys_log=23,i_key_offset=0,i_key_stride_log=0,i_key_replication_log=0,i_reserve_keys_for_misses=0,i_num_updates_log=0,i_local_update_batch_size_log=1,i_num_probe_keys_log=27,i_miss_percentage=0,i_out_of_range_percentage=0,i_range_query_hit_count_log=0,i_exponent_bias=0,i_force_single_anyhit=1,i_perpendicular_rays=1,i_start_ray_at_zero=0,i_compaction=0,i_large_keys=0,i_closest_hit=0,i_skip_probing=0,i_num_rays_per_thread_log=0,i_force_uniform_keys=0,i_x_bits=22,i_y_bits=10,i_z_bits=0,i_debug=0,uncompacted_size=474945280,final_size=474945280,update_temp_buffer_size=0,convert_time_ms=1.3594880104064941406,build_time_ms=22.524927139282226562,convert_build_time_ms=23.884415149688720703,convert_build_compact_time_ms=23.884415149688720703,compact_time_ms=0,update_time_ms=0,convert_and_update_time_ms=0,sort_time_ms=0,total_probe_time_ms=77.351071929931634941
i_primitive=sphere,i_key_mode=3d,i_build_mode=b_sfl,i_probe_mode=p_sfl,i_update_type=global,i_num_build_keys_log=23,i_key_offset=0,i_key_stride_log=0,i_key_replication_log=0,i_reserve_keys_for_misses=0,i_num_updates_log=0,i_local_update_batch_size_log=1,i_num_probe_keys_log=27,i_miss_percentage=0,i_out_of_range_percentage=0,i_range_query_hit_count_log=0,i_exponent_bias=0,i_force_single_anyhit=1,i_perpendicular_rays=1,i_start_ray_at_zero=0,i_compaction=0,i_large_keys=0,i_closest_hit=0,i_skip_probing=0,i_num_rays_per_thread_log=0,i_force_uniform_keys=0,i_x_bits=22,i_y_bits=10,i_z_bits=0,i_debug=0,uncompacted_size=448073700,final_size=448073700,update_temp_buffer_size=0,convert_time_ms=0.20636799931526184082,build_time_ms=22.96623992919921875,convert_build_time_ms=23.172607928514480591,convert_build_compact_time_ms=23.172607928514480591,compact_time_ms=0,update_time_ms=0,convert_and_update_time_ms=0,sort_time_ms=0,total_probe_time_ms=140.21453399658201988
i_primitive=aabb,i_key_mode=3d,i_build_mode=b_sfl,i_probe_mode=p_sfl,i_update_type=global,i_num_build_keys_log=23,i_key_offset=0,i_key_stride_log=0,i_key_replication_log=0,i_reserve_keys_for_misses=0,i_num_updates_log=0,i_local_update_batch_size_log=1,i_num_probe_keys_log=27,i_miss_percentage=0,i_out_of_range_percentage=0,i_range_query_hit_count_log=0,i_exponent_bias=0,i_force_single_anyhit=1,i_perpendicular_rays=1,i_start_ray_at_zero=0,i_compaction=0,i_large_keys=0,i_closest_hit=0,i_skip_probing=0,i_num_rays_per_thread_log=0,i_force_uniform_keys=0,i_x_bits=22,i_y_bits=10,i_z_bits=0,i_debug=0,uncompacted_size=313855872,final_size=313855872,update_temp_buffer_size=0,convert_time_ms=0.55440002679824829102,build_time_ms=17.430528640747070312,convert_build_time_ms=17.984928667545318604,convert_build_compact_time_ms=17.984928667545318604,compact_time_ms=0,update_time_ms=0,convert_and_update_time_ms=0,sort_time_ms=0,total_probe_time_ms=153.32837371826173012
i_primitive=triangle,i_key_mode=3d,i_build_mode=b_sfl,i_probe_mode=p_sfl,i_update_type=global,i_num_build_keys_log=23,i_key_offset=0,i_key_stride_log=0,i_key_replication_log=0,i_reserve_keys_for_misses=0,i_num_updates_log=0,i_local_update_batch_size_log=1,i_num_probe_keys_log=27,i_miss_percentage=0,i_out_of_range_percentage=0,i_range_query_hit_count_log=0,i_exponent_bias=0,i_force_single_anyhit=1,i_perpendicular_rays=1,i_start_ray_at_zero=0,i_compaction=1,i_large_keys=0,i_closest_hit=0,i_skip_probing=0,i_num_rays_per_thread_log=0,i_force_uniform_keys=0,i_x_bits=22,i_y_bits=10,i_z_bits=0,i_debug=0,uncompacted_size=475666304,final_size=331013760,update_temp_buffer_size=0,convert_time_ms=1.3644160032272338867,build_time_ms=22.515712738037109375,convert_build_time_ms=23.880128741264343262,convert_build_compact_time_ms=25.038272738456726074,compact_time_ms=1.1581439971923828125,update_time_ms=0,convert_and_update_time_ms=0,sort_time_ms=0,total_probe_time_ms=77.384799957275390625
i_primitive=sphere,i_key_mode=3d,i_build_mode=b_sfl,i_probe_mode=p_sfl,i_update_type=global,i_num_build_keys_log=23,i_key_offset=0,i_key_stride_log=0,i_key_replication_log=0,i_reserve_keys_for_misses=0,i_num_updates_log=0,i_local_update_batch_size_log=1,i_num_probe_keys_log=27,i_miss_percentage=0,i_out_of_range_percentage=0,i_range_query_hit_count_log=0,i_exponent_bias=0,i_force_single_anyhit=1,i_perpendicular_rays=1,i_start_ray_at_zero=0,i_compaction=1,i_large_keys=0,i_closest_hit=0,i_skip_probing=0,i_num_rays_per_thread_log=0,i_force_uniform_keys=0,i_x_bits=22,i_y_bits=10,i_z_bits=0,i_debug=0,uncompacted_size=448073700,final_size=337203428,update_temp_buffer_size=0,convert_time_ms=0.20758399367332458496,build_time_ms=22.644735336303710938,convert_build_time_ms=22.852319329977035522,convert_build_compact_time_ms=27.076319307088851929,compact_time_ms=4.2239999771118164062,update_time_ms=0,convert_and_update_time_ms=0,sort_time_ms=0,total_probe_time_ms=140.02008056640625
i_primitive=aabb,i_key_mode=3d,i_build_mode=b_sfl,i_probe_mode=p_sfl,i_update_type=global,i_num_build_keys_log=23,i_key_offset=0,i_key_stride_log=0,i_key_replication_log=0,i_reserve_keys_for_misses=0,i_num_updates_log=0,i_local_update_batch_size_log=1,i_num_probe_keys_log=27,i_miss_percentage=0,i_out_of_range_percentage=0,i_range_query_hit_count_log=0,i_exponent_bias=0,i_force_single_anyhit=1,i_perpendicular_rays=1,i_start_ray_at_zero=0,i_compaction=1,i_large_keys=0,i_closest_hit=0,i_skip_probing=0,i_num_rays_per_thread_log=0,i_force_uniform_keys=0,i_x_bits=22,i_y_bits=10,i_z_bits=0,i_debug=0,uncompacted_size=313855872,final_size=202987648,update_temp_buffer_size=0,convert_time_ms=0.55641597509384155273,build_time_ms=17.282047271728515625,convert_build_time_ms=17.838463246822357178,convert_build_compact_time_ms=18.566463232040405273,compact_time_ms=0.7279999852180480957,update_time_ms=0,convert_and_update_time_ms=0,sort_time_ms=0,total_probe_time_ms=151.78530578613282387
i_primitive=triangle,i_key_mode=3d,i_build_mode=b_sfl,i_probe_mode=p_asc,i_update_type=global,i_num_build_keys_log=23,i_key_offset=0,i_key_stride_log=0,i_key_replication_log=0,i_reserve_keys_for_misses=0,i_num_updates_log=0,i_local_update_batch_size_log=1,i_num_probe_keys_log=27,i_miss_percentage=0,i_out_of_range_percentage=0,i_range_query_hit_count_log=0,i_exponent_bias=0,i_force_single_anyhit=1,i_perpendicular_rays=1,i_start_ray_at_zero=0,i_compaction=0,i_large_keys=0,i_closest_hit=0,i_skip_probing=0,i_num_rays_per_thread_log=0,i_force_uniform_keys=0,i_x_bits=22,i_y_bits=10,i_z_bits=0,i_debug=0,uncompacted_size=474945280,final_size=474945280,update_temp_buffer_size=0,convert_time_ms=1.4594240188598632812,build_time_ms=22.398975372314453125,convert_build_time_ms=23.858399391174316406,convert_build_compact_time_ms=23.858399391174316406,compact_time_ms=0,update_time_ms=0,convert_and_update_time_ms=0,sort_time_ms=0,total_probe_time_ms=16.187609863281249289
i_primitive=sphere,i_key_mode=3d,i_build_mode=b_sfl,i_probe_mode=p_asc,i_update_type=global,i_num_build_keys_log=23,i_key_offset=0,i_key_stride_log=0,i_key_replication_log=0,i_reserve_keys_for_misses=0,i_num_updates_log=0,i_local_update_batch_size_log=1,i_num_probe_keys_log=27,i_miss_percentage=0,i_out_of_range_percentage=0,i_range_query_hit_count_log=0,i_exponent_bias=0,i_force_single_anyhit=1,i_perpendicular_rays=1,i_start_ray_at_zero=0,i_compaction=0,i_large_keys=0,i_closest_hit=0,i_skip_probing=0,i_num_rays_per_thread_log=0,i_force_uniform_keys=0,i_x_bits=22,i_y_bits=10,i_z_bits=0,i_debug=0,uncompacted_size=448073700,final_size=448073700,update_temp_buffer_size=0,convert_time_ms=0.26480001211166381836,build_time_ms=22.618112564086914062,convert_build_time_ms=22.882912576198577881,convert_build_compact_time_ms=22.882912576198577881,compact_time_ms=0,update_time_ms=0,convert_and_update_time_ms=0,sort_time_ms=0,total_probe_time_ms=22.569759750366209516
i_primitive=aabb,i_key_mode=3d,i_build_mode=b_sfl,i_probe_mode=p_asc,i_update_type=global,i_num_build_keys_log=23,i_key_offset=0,i_key_stride_log=0,i_key_replication_log=0,i_reserve_keys_for_misses=0,i_num_updates_log=0,i_local_update_batch_size_log=1,i_num_probe_keys_log=27,i_miss_percentage=0,i_out_of_range_percentage=0,i_range_query_hit_count_log=0,i_exponent_bias=0,i_force_single_anyhit=1,i_perpendicular_rays=1,i_start_ray_at_zero=0,i_compaction=0,i_large_keys=0,i_closest_hit=0,i_skip_probing=0,i_num_rays_per_thread_log=0,i_force_uniform_keys=0,i_x_bits=22,i_y_bits=10,i_z_bits=0,i_debug=0,uncompacted_size=313855872,final_size=313855872,update_temp_buffer_size=0,convert_time_ms=0.62531197071075439453,build_time_ms=17.377279281616210938,convert_build_time_ms=18.002591252326965332,convert_build_compact_time_ms=18.002591252326965332,compact_time_ms=0,update_time_ms=0,convert_and_update_time_ms=0,sort_time_ms=0,total_probe_time_ms=24.923696136474610796
i_primitive=triangle,i_key_mode=3d,i_build_mode=b_sfl,i_probe_mode=p_asc,i_update_type=global,i_num_build_keys_log=23,i_key_offset=0,i_key_stride_log=0,i_key_replication_log=0,i_reserve_keys_for_misses=0,i_num_updates_log=0,i_local_update_batch_size_log=1,i_num_probe_keys_log=27,i_miss_percentage=0,i_out_of_range_percentage=0,i_range_query_hit_count_log=0,i_exponent_bias=0,i_force_single_anyhit=1,i_perpendicular_rays=1,i_start_ray_at_zero=0,i_compaction=1,i_large_keys=0,i_closest_hit=0,i_skip_probing=0,i_num_rays_per_thread_log=0,i_force_uniform_keys=0,i_x_bits=22,i_y_bits=10,i_z_bits=0,i_debug=0,uncompacted_size=475666304,final_size=331013504,update_temp_buffer_size=0,convert_time_ms=1.6044800281524658203,build_time_ms=22.66009521484375,convert_build_time_ms=24.26457524299621582,convert_build_compact_time_ms=25.438079237937927246,compact_time_ms=1.1735039949417114258,update_time_ms=0,convert_and_update_time_ms=0,sort_time_ms=0,total_probe_time_ms=15.678783988952636363
i_primitive=sphere,i_key_mode=3d,i_build_mode=b_sfl,i_probe_mode=p_asc,i_update_type=global,i_num_build_keys_log=23,i_key_offset=0,i_key_stride_log=0,i_key_replication_log=0,i_reserve_keys_for_misses=0,i_num_updates_log=0,i_local_update_batch_size_log=1,i_num_probe_keys_log=27,i_miss_percentage=0,i_out_of_range_percentage=0,i_range_query_hit_count_log=0,i_exponent_bias=0,i_force_single_anyhit=1,i_perpendicular_rays=1,i_start_ray_at_zero=0,i_compaction=1,i_large_keys=0,i_closest_hit=0,i_skip_probing=0,i_num_rays_per_thread_log=0,i_force_uniform_keys=0,i_x_bits=22,i_y_bits=10,i_z_bits=0,i_debug=0,uncompacted_size=448073700,final_size=337204324,update_temp_buffer_size=0,convert_time_ms=0.26364800333976745605,build_time_ms=22.84339141845703125,convert_build_time_ms=23.107039421796798706,convert_build_compact_time_ms=27.366879433393478394,compact_time_ms=4.2598400115966796875,update_time_ms=0,convert_and_update_time_ms=0,sort_time_ms=0,total_probe_time_ms=22.474915313720703836
i_primitive=aabb,i_key_mode=3d,i_build_mode=b_sfl,i_probe_mode=p_asc,i_update_type=global,i_num_build_keys_log=23,i_key_offset=0,i_key_stride_log=0,i_key_replication_log=0,i_reserve_keys_for_misses=0,i_num_updates_log=0,i_local_update_batch_size_log=1,i_num_probe_keys_log=27,i_miss_percentage=0,i_out_of_range_percentage=0,i_range_query_hit_count_log=0,i_exponent_bias=0,i_force_single_anyhit=1,i_perpendicular_rays=1,i_start_ray_at_zero=0,i_compaction=1,i_large_keys=0,i_closest_hit=0,i_skip_probing=0,i_num_rays_per_thread_log=0,i_force_uniform_keys=0,i_x_bits=22,i_y_bits=10,i_z_bits=0,i_debug=0,uncompacted_size=313855872,final_size=202987008,update_temp_buffer_size=0,convert_time_ms=0.71283197402954101562,build_time_ms=17.40070343017578125,convert_build_time_ms=18.113535404205322266,convert_build_compact_time_ms=18.851839423179626465,compact_time_ms=0.73830401897430419922,update_time_ms=0,convert_and_update_time_ms=0,sort_time_ms=0,total_probe_time_ms=25.45843830108642436
i_primitive=triangle,i_key_mode=3d,i_build_mode=b_sfl,i_probe_mode=p_sfl,i_update_type=global,i_num_build_keys_log=24,i_key_offset=0,i_key_stride_log=0,i_key_replication_log=0,i_reserve_keys_for_misses=0,i_num_updates_log=0,i_local_update_batch_size_log=1,i_num_probe_keys_log=27,i_miss_percentage=0,i_out_of_range_percentage=0,i_range_query_hit_count_log=0,i_exponent_bias=0,i_force_single_anyhit=1,i_perpendicular_rays=1,i_start_ray_at_zero=0,i_compaction=0,i_large_keys=0,i_closest_hit=0,i_skip_probing=0,i_num_rays_per_thread_log=0,i_force_uniform_keys=0,i_x_bits=22,i_y_bits=10,i_z_bits=0,i_debug=0,uncompacted_size=949887872,final_size=949887872,update_temp_buffer_size=0,convert_time_ms=2.7047998905181884766,build_time_ms=42.21952056884765625,convert_build_time_ms=44.924320459365844727,convert_build_compact_time_ms=44.924320459365844727,compact_time_ms=0,update_time_ms=0,convert_and_update_time_ms=0,sort_time_ms=0,total_probe_time_ms=91.512931060791018467
i_primitive=sphere,i_key_mode=3d,i_build_mode=b_sfl,i_probe_mode=p_sfl,i_update_type=global,i_num_build_keys_log=24,i_key_offset=0,i_key_stride_log=0,i_key_replication_log=0,i_reserve_keys_for_misses=0,i_num_updates_log=0,i_local_update_batch_size_log=1,i_num_probe_keys_log=27,i_miss_percentage=0,i_out_of_range_percentage=0,i_range_query_hit_count_log=0,i_exponent_bias=0,i_force_single_anyhit=1,i_perpendicular_rays=1,i_start_ray_at_zero=0,i_compaction=0,i_large_keys=0,i_closest_hit=0,i_skip_probing=0,i_num_rays_per_thread_log=0,i_force_uniform_keys=0,i_x_bits=22,i_y_bits=10,i_z_bits=0,i_debug=0,uncompacted_size=896144484,final_size=896144484,update_temp_buffer_size=0,convert_time_ms=0.40191999077796936035,build_time_ms=41.03049468994140625,convert_build_time_ms=41.43241468071937561,convert_build_compact_time_ms=41.43241468071937561,compact_time_ms=0,update_time_ms=0,convert_and_update_time_ms=0,sort_time_ms=0,total_probe_time_ms=139.75476684570313068
i_primitive=aabb,i_key_mode=3d,i_build_mode=b_sfl,i_probe_mode=p_sfl,i_update_type=global,i_num_build_keys_log=24,i_key_offset=0,i_key_stride_log=0,i_key_replication_log=0,i_reserve_keys_for_misses=0,i_num_updates_log=0,i_local_update_batch_size_log=1,i_num_probe_keys_log=27,i_miss_percentage=0,i_out_of_range_percentage=0,i_range_query_hit_count_log=0,i_exponent_bias=0,i_force_single_anyhit=1,i_perpendicular_rays=1,i_start_ray_at_zero=0,i_compaction=0,i_large_keys=0,i_closest_hit=0,i_skip_probing=0,i_num_rays_per_thread_log=0,i_force_uniform_keys=0,i_x_bits=22,i_y_bits=10,i_z_bits=0,i_debug=0,uncompacted_size=627708928,final_size=627708928,update_temp_buffer_size=0,convert_time_ms=1.0938880443572998047,build_time_ms=34.245632171630859375,convert_build_time_ms=35.33952021598815918,convert_build_compact_time_ms=35.33952021598815918,compact_time_ms=0,update_time_ms=0,convert_and_update_time_ms=0,sort_time_ms=0,total_probe_time_ms=143.07836608886719887
i_primitive=triangle,i_key_mode=3d,i_build_mode=b_sfl,i_probe_mode=p_sfl,i_update_type=global,i_num_build_keys_log=24,i_key_offset=0,i_key_stride_log=0,i_key_replication_log=0,i_reserve_keys_for_misses=0,i_num_updates_log=0,i_local_update_batch_size_log=1,i_num_probe_keys_log=27,i_miss_percentage=0,i_out_of_range_percentage=0,i_range_query_hit_count_log=0,i_exponent_bias=0,i_force_single_anyhit=1,i_perpendicular_rays=1,i_start_ray_at_zero=0,i_compaction=1,i_large_keys=0,i_closest_hit=0,i_skip_probing=0,i_num_rays_per_thread_log=0,i_force_uniform_keys=0,i_x_bits=22,i_y_bits=10,i_z_bits=0,i_debug=0,uncompacted_size=951329792,final_size=601345280,update_temp_buffer_size=0,convert_time_ms=2.7097599506378173828,build_time_ms=42.78771209716796875,convert_build_time_ms=45.497472047805786133,convert_build_compact_time_ms=47.62928009033203125,compact_time_ms=2.1318080425262451172,update_time_ms=0,convert_and_update_time_ms=0,sort_time_ms=0,total_probe_time_ms=91.409147644042974434
i_primitive=sphere,i_key_mode=3d,i_build_mode=b_sfl,i_probe_mode=p_sfl,i_update_type=global,i_num_build_keys_log=24,i_key_offset=0,i_key_stride_log=0,i_key_replication_log=0,i_reserve_keys_for_misses=0,i_num_updates_log=0,i_local_update_batch_size_log=1,i_num_probe_keys_log=27,i_miss_percentage=0,i_out_of_range_percentage=0,i_range_query_hit_count_log=0,i_exponent_bias=0,i_force_single_anyhit=1,i_perpendicular_rays=1,i_start_ray_at_zero=0,i_compaction=1,i_large_keys=0,i_closest_hit=0,i_skip_probing=0,i_num_rays_per_thread_log=0,i_force_uniform_keys=0,i_x_bits=22,i_y_bits=10,i_z_bits=0,i_debug=0,uncompacted_size=896144484,final_size=761728740,update_temp_buffer_size=0,convert_time_ms=0.40272000432014465332,build_time_ms=40.974334716796875,convert_build_time_ms=41.377054721117019653,convert_build_compact_time_ms=51.16035035252571106,compact_time_ms=9.7832956314086914062,update_time_ms=0,convert_and_update_time_ms=0,sort_time_ms=0,total_probe_time_ms=140.45402221679688637
i_primitive=aabb,i_key_mode=3d,i_build_mode=b_sfl,i_probe_mode=p_sfl,i_update_type=global,i_num_build_keys_log=24,i_key_offset=0,i_key_stride_log=0,i_key_replication_log=0,i_reserve_keys_for_misses=0,i_num_updates_log=0,i_local_update_batch_size_log=1,i_num_probe_keys_log=27,i_miss_percentage=0,i_out_of_range_percentage=0,i_range_query_hit_count_log=0,i_exponent_bias=0,i_force_single_anyhit=1,i_perpendicular_rays=1,i_start_ray_at_zero=0,i_compaction=1,i_large_keys=0,i_closest_hit=0,i_skip_probing=0,i_num_rays_per_thread_log=0,i_force_uniform_keys=0,i_x_bits=22,i_y_bits=10,i_z_bits=0,i_debug=0,uncompacted_size=627708928,final_size=493291904,update_temp_buffer_size=0,convert_time_ms=1.0938240289688110352,build_time_ms=34.146305084228515625,convert_build_time_ms=35.24012911319732666,convert_build_compact_time_ms=36.993025064468383789,compact_time_ms=1.7528959512710571289,update_time_ms=0,convert_and_update_time_ms=0,sort_time_ms=0,total_probe_time_ms=141.46301574707030113
i_primitive=triangle,i_key_mode=3d,i_build_mode=b_sfl,i_probe_mode=p_asc,i_update_type=global,i_num_build_keys_log=24,i_key_offset=0,i_key_stride_log=0,i_key_replication_log=0,i_reserve_keys_for_misses=0,i_num_updates_log=0,i_local_update_batch_size_log=1,i_num_probe_keys_log=27,i_miss_percentage=0,i_out_of_range_percentage=0,i_range_query_hit_count_log=0,i_exponent_bias=0,i_force_single_anyhit=1,i_perpendicular_rays=1,i_start_ray_at_zero=0,i_compaction=0,i_large_keys=0,i_closest_hit=0,i_skip_probing=0,i_num_rays_per_thread_log=0,i_force_uniform_keys=0,i_x_bits=22,i_y_bits=10,i_z_bits=0,i_debug=0,uncompacted_size=949887872,final_size=949887872,update_temp_buffer_size=0,convert_time_ms=2.8151040077209472656,build_time_ms=42.124286651611328125,convert_build_time_ms=44.939390659332275391,convert_build_compact_time_ms=44.939390659332275391,compact_time_ms=0,update_time_ms=0,convert_and_update_time_ms=0,sort_time_ms=0,total_probe_time_ms=16.647714996337889204
i_primitive=sphere,i_key_mode=3d,i_build_mode=b_sfl,i_probe_mode=p_asc,i_update_type=global,i_num_build_keys_log=24,i_key_offset=0,i_key_stride_log=0,i_key_replication_log=0,i_reserve_keys_for_misses=0,i_num_updates_log=0,i_local_update_batch_size_log=1,i_num_probe_keys_log=27,i_miss_percentage=0,i_out_of_range_percentage=0,i_range_query_hit_count_log=0,i_exponent_bias=0,i_force_single_anyhit=1,i_perpendicular_rays=1,i_start_ray_at_zero=0,i_compaction=0,i_large_keys=0,i_closest_hit=0,i_skip_probing=0,i_num_rays_per_thread_log=0,i_force_uniform_keys=0,i_x_bits=22,i_y_bits=10,i_z_bits=0,i_debug=0,uncompacted_size=896144484,final_size=896144484,update_temp_buffer_size=0,convert_time_ms=0.46028798818588256836,build_time_ms=41.099262237548828125,convert_build_time_ms=41.559550225734710693,convert_build_compact_time_ms=41.559550225734710693,compact_time_ms=0,update_time_ms=0,convert_and_update_time_ms=0,sort_time_ms=0,total_probe_time_ms=24.04219493865966939
i_primitive=aabb,i_key_mode=3d,i_build_mode=b_sfl,i_probe_mode=p_asc,i_update_type=global,i_num_build_keys_log=24,i_key_offset=0,i_key_stride_log=0,i_key_replication_log=0,i_reserve_keys_for_misses=0,i_num_updates_log=0,i_local_update_batch_size_log=1,i_num_probe_keys_log=27,i_miss_percentage=0,i_out_of_range_percentage=0,i_range_query_hit_count_log=0,i_exponent_bias=0,i_force_single_anyhit=1,i_perpendicular_rays=1,i_start_ray_at_zero=0,i_compaction=0,i_large_keys=0,i_closest_hit=0,i_skip_probing=0,i_num_rays_per_thread_log=0,i_force_uniform_keys=0,i_x_bits=22,i_y_bits=10,i_z_bits=0,i_debug=0,uncompacted_size=627708928,final_size=627708928,update_temp_buffer_size=0,convert_time_ms=1.184864044189453125,build_time_ms=34.3264007568359375,convert_build_time_ms=35.511264801025390625,convert_build_compact_time_ms=35.511264801025390625,compact_time_ms=0,update_time_ms=0,convert_and_update_time_ms=0,sort_time_ms=0,total_probe_time_ms=26.712310409545899859
i_primitive=triangle,i_key_mode=3d,i_build_mode=b_sfl,i_probe_mode=p_asc,i_update_type=global,i_num_build_keys_log=24,i_key_offset=0,i_key_stride_log=0,i_key_replication_log=0,i_reserve_keys_for_misses=0,i_num_updates_log=0,i_local_update_batch_size_log=1,i_num_probe_keys_log=27,i_miss_percentage=0,i_out_of_range_percentage=0,i_range_query_hit_count_log=0,i_exponent_bias=0,i_force_single_anyhit=1,i_perpendicular_rays=1,i_start_ray_at_zero=0,i_compaction=1,i_large_keys=0,i_closest_hit=0,i_skip_probing=0,i_num_rays_per_thread_log=0,i_force_uniform_keys=0,i_x_bits=22,i_y_bits=10,i_z_bits=0,i_debug=0,uncompacted_size=951329792,final_size=601389056,update_temp_buffer_size=0,convert_time_ms=2.8808639049530029297,build_time_ms=42.80086517333984375,convert_build_time_ms=45.68172907829284668,convert_build_compact_time_ms=47.786049127578735352,compact_time_ms=2.1043200492858886719,update_time_ms=0,convert_and_update_time_ms=0,sort_time_ms=0,total_probe_time_ms=16.660554122924803977
i_primitive=sphere,i_key_mode=3d,i_build_mode=b_sfl,i_probe_mode=p_asc,i_update_type=global,i_num_build_keys_log=24,i_key_offset=0,i_key_stride_log=0,i_key_replication_log=0,i_reserve_keys_for_misses=0,i_num_updates_log=0,i_local_update_batch_size_log=1,i_num_probe_keys_log=27,i_miss_percentage=0,i_out_of_range_percentage=0,i_range_query_hit_count_log=0,i_exponent_bias=0,i_force_single_anyhit=1,i_perpendicular_rays=1,i_start_ray_at_zero=0,i_compaction=1,i_large_keys=0,i_closest_hit=0,i_skip_probing=0,i_num_rays_per_thread_log=0,i_force_uniform_keys=0,i_x_bits=22,i_y_bits=10,i_z_bits=0,i_debug=0,uncompacted_size=896144484,final_size=761728740,update_temp_buffer_size=0,convert_time_ms=0.4616959989070892334,build_time_ms=40.85555267333984375,convert_build_time_ms=41.317248672246932983,convert_build_compact_time_ms=51.045248359441757202,compact_time_ms=9.7279996871948242188,update_time_ms=0,convert_and_update_time_ms=0,sort_time_ms=0,total_probe_time_ms=24.307708740234375
i_primitive=aabb,i_key_mode=3d,i_build_mode=b_sfl,i_probe_mode=p_asc,i_update_type=global,i_num_build_keys_log=24,i_key_offset=0,i_key_stride_log=0,i_key_replication_log=0,i_reserve_keys_for_misses=0,i_num_updates_log=0,i_local_update_batch_size_log=1,i_num_probe_keys_log=27,i_miss_percentage=0,i_out_of_range_percentage=0,i_range_query_hit_count_log=0,i_exponent_bias=0,i_force_single_anyhit=1,i_perpendicular_rays=1,i_start_ray_at_zero=0,i_compaction=1,i_large_keys=0,i_closest_hit=0,i_skip_probing=0,i_num_rays_per_thread_log=0,i_force_uniform_keys=0,i_x_bits=22,i_y_bits=10,i_z_bits=0,i_debug=0,uncompacted_size=627708928,final_size=493294592,update_temp_buffer_size=0,convert_time_ms=1.314911961555480957,build_time_ms=34.575359344482421875,convert_build_time_ms=35.890271306037902832,convert_build_compact_time_ms=37.645407319068908691,compact_time_ms=1.7551360130310058594,update_time_ms=0,convert_and_update_time_ms=0,sort_time_ms=0,total_probe_time_ms=26.601331138610838423
i_primitive=triangle,i_key_mode=3d,i_build_mode=b_sfl,i_probe_mode=p_sfl,i_update_type=global,i_num_build_keys_log=25,i_key_offset=0,i_key_stride_log=0,i_key_replication_log=0,i_reserve_keys_for_misses=0,i_num_updates_log=0,i_local_update_batch_size_log=1,i_num_probe_keys_log=27,i_miss_percentage=0,i_out_of_range_percentage=0,i_range_query_hit_count_log=0,i_exponent_bias=0,i_force_single_anyhit=1,i_perpendicular_rays=1,i_start_ray_at_zero=0,i_compaction=0,i_large_keys=0,i_closest_hit=0,i_skip_probing=0,i_num_rays_per_thread_log=0,i_force_uniform_keys=0,i_x_bits=22,i_y_bits=10,i_z_bits=0,i_debug=0,uncompacted_size=1899772928,final_size=1899772928,update_temp_buffer_size=0,convert_time_ms=5.3942718505859375,build_time_ms=82.42278289794921875,convert_build_time_ms=87.81705474853515625,convert_build_compact_time_ms=87.81705474853515625,compact_time_ms=0,update_time_ms=0,convert_and_update_time_ms=0,sort_time_ms=0,total_probe_time_ms=98.95709991455078125
i_primitive=sphere,i_key_mode=3d,i_build_mode=b_sfl,i_probe_mode=p_sfl,i_update_type=global,i_num_build_keys_log=25,i_key_offset=0,i_key_stride_log=0,i_key_replication_log=0,i_reserve_keys_for_misses=0,i_num_updates_log=0,i_local_update_batch_size_log=1,i_num_probe_keys_log=27,i_miss_percentage=0,i_out_of_range_percentage=0,i_range_query_hit_count_log=0,i_exponent_bias=0,i_force_single_anyhit=1,i_perpendicular_rays=1,i_start_ray_at_zero=0,i_compaction=0,i_large_keys=0,i_closest_hit=0,i_skip_probing=0,i_num_rays_per_thread_log=0,i_force_uniform_keys=0,i_x_bits=22,i_y_bits=10,i_z_bits=0,i_debug=0,uncompacted_size=1792286180,final_size=1792286180,update_temp_buffer_size=0,convert_time_ms=0.79651200771331787109,build_time_ms=77.69366455078125,convert_build_time_ms=78.490176558494567871,convert_build_compact_time_ms=78.490176558494567871,compact_time_ms=0,update_time_ms=0,convert_and_update_time_ms=0,sort_time_ms=0,total_probe_time_ms=152.19295196533204262
i_primitive=aabb,i_key_mode=3d,i_build_mode=b_sfl,i_probe_mode=p_sfl,i_update_type=global,i_num_build_keys_log=25,i_key_offset=0,i_key_stride_log=0,i_key_replication_log=0,i_reserve_keys_for_misses=0,i_num_updates_log=0,i_local_update_batch_size_log=1,i_num_probe_keys_log=27,i_miss_percentage=0,i_out_of_range_percentage=0,i_range_query_hit_count_log=0,i_exponent_bias=0,i_force_single_anyhit=1,i_perpendicular_rays=1,i_start_ray_at_zero=0,i_compaction=0,i_large_keys=0,i_closest_hit=0,i_skip_probing=0,i_num_rays_per_thread_log=0,i_force_uniform_keys=0,i_x_bits=22,i_y_bits=10,i_z_bits=0,i_debug=0,uncompacted_size=1255415168,final_size=1255415168,update_temp_buffer_size=0,convert_time_ms=2.1723520755767822266,build_time_ms=70.6874847412109375,convert_build_time_ms=72.859836816787719727,convert_build_compact_time_ms=72.859836816787719727,compact_time_ms=0,update_time_ms=0,convert_and_update_time_ms=0,sort_time_ms=0,total_probe_time_ms=163.09960479736326988
i_primitive=triangle,i_key_mode=3d,i_build_mode=b_sfl,i_probe_mode=p_sfl,i_update_type=global,i_num_build_keys_log=25,i_key_offset=0,i_key_stride_log=0,i_key_replication_log=0,i_reserve_keys_for_misses=0,i_num_updates_log=0,i_local_update_batch_size_log=1,i_num_probe_keys_log=27,i_miss_percentage=0,i_out_of_range_percentage=0,i_range_query_hit_count_log=0,i_exponent_bias=0,i_force_single_anyhit=1,i_perpendicular_rays=1,i_start_ray_at_zero=0,i_compaction=1,i_large_keys=0,i_closest_hit=0,i_skip_probing=0,i_num_rays_per_thread_log=0,i_force_uniform_keys=0,i_x_bits=22,i_y_bits=10,i_z_bits=0,i_debug=0,uncompacted_size=1902656640,final_size=1176711168,update_temp_buffer_size=0,convert_time_ms=5.3988800048828125,build_time_ms=84.18595123291015625,convert_build_time_ms=89.58483123779296875,convert_build_compact_time_ms=93.724863052368164062,compact_time_ms=4.1400318145751953125,update_time_ms=0,convert_and_update_time_ms=0,sort_time_ms=0,total_probe_time_ms=99.0054779052734375
i_primitive=sphere,i_key_mode=3d,i_build_mode=b_sfl,i_probe_mode=p_sfl,i_update_type=global,i_num_build_keys_log=25,i_key_offset=0,i_key_stride_log=0,i_key_replication_log=0,i_reserve_keys_for_misses=0,i_num_updates_log=0,i_local_update_batch_size_log=1,i_num_probe_keys_log=27,i_miss_percentage=0,i_out_of_range_percentage=0,i_range_query_hit_count_log=0,i_exponent_bias=0,i_force_single_anyhit=1,i_perpendicular_rays=1,i_start_ray_at_zero=0,i_compaction=1,i_large_keys=0,i_closest_hit=0,i_skip_probing=0,i_num_rays_per_thread_log=0,i_force_uniform_keys=0,i_x_bits=22,i_y_bits=10,i_z_bits=0,i_debug=0,uncompacted_size=1792286180,final_size=1357764836,update_temp_buffer_size=0,convert_time_ms=0.79606401920318603516,build_time_ms=76.8283843994140625,convert_build_time_ms=77.624448418617248535,convert_build_compact_time_ms=94.79795229434967041,compact_time_ms=17.173503875732421875,update_time_ms=0,convert_and_update_time_ms=0,sort_time_ms=0,total_probe_time_ms=150.96048583984375568
i_primitive=aabb,i_key_mode=3d,i_build_mode=b_sfl,i_probe_mode=p_sfl,i_update_type=global,i_num_build_keys_log=25,i_key_offset=0,i_key_stride_log=0,i_key_replication_log=0,i_reserve_keys_for_misses=0,i_num_updates_log=0,i_local_update_batch_size_log=1,i_num_probe_keys_log=27,i_miss_percentage=0,i_out_of_range_percentage=0,i_range_query_hit_count_log=0,i_exponent_bias=0,i_force_single_anyhit=1,i_perpendicular_rays=1,i_start_ray_at_zero=0,i_compaction=1,i_large_keys=0,i_closest_hit=0,i_skip_probing=0,i_num_rays_per_thread_log=0,i_force_uniform_keys=0,i_x_bits=22,i_y_bits=10,i_z_bits=0,i_debug=0,uncompacted_size=1255415168,final_size=820891264,update_temp_buffer_size=0,convert_time_ms=2.1749439239501953125,build_time_ms=70.4983062744140625,convert_build_time_ms=72.673250198364257812,convert_build_compact_time_ms=75.617250204086303711,compact_time_ms=2.9440000057220458984,update_time_ms=0,convert_and_update_time_ms=0,sort_time_ms=0,total_probe_time_ms=159.44547576904295738
i_primitive=triangle,i_key_mode=3d,i_build_mode=b_sfl,i_probe_mode=p_asc,i_update_type=global,i_num_build_keys_log=25,i_key_offset=0,i_key_stride_log=0,i_key_replication_log=0,i_reserve_keys_for_misses=0,i_num_updates_log=0,i_local_update_batch_size_log=1,i_num_probe_keys_log=27,i_miss_percentage=0,i_out_of_range_percentage=0,i_range_query_hit_count_log=0,i_exponent_bias=0,i_force_single_anyhit=1,i_perpendicular_rays=1,i_start_ray_at_zero=0,i_compaction=0,i_large_keys=0,i_closest_hit=0,i_skip_probing=0,i_num_rays_per_thread_log=0,i_force_uniform_keys=0,i_x_bits=22,i_y_bits=10,i_z_bits=0,i_debug=0,uncompacted_size=1899772928,final_size=1899772928,update_temp_buffer_size=0,convert_time_ms=5.4455361366271972656,build_time_ms=82.9990692138671875,convert_build_time_ms=88.444605350494384766,convert_build_compact_time_ms=88.444605350494384766,compact_time_ms=0,update_time_ms=0,convert_and_update_time_ms=0,sort_time_ms=0,total_probe_time_ms=18.483257484436034446
i_primitive=sphere,i_key_mode=3d,i_build_mode=b_sfl,i_probe_mode=p_asc,i_update_type=global,i_num_build_keys_log=25,i_key_offset=0,i_key_stride_log=0,i_key_replication_log=0,i_reserve_keys_for_misses=0,i_num_updates_log=0,i_local_update_batch_size_log=1,i_num_probe_keys_log=27,i_miss_percentage=0,i_out_of_range_percentage=0,i_range_query_hit_count_log=0,i_exponent_bias=0,i_force_single_anyhit=1,i_perpendicular_rays=1,i_start_ray_at_zero=0,i_compaction=0,i_large_keys=0,i_closest_hit=0,i_skip_probing=0,i_num_rays_per_thread_log=0,i_force_uniform_keys=0,i_x_bits=22,i_y_bits=10,i_z_bits=0,i_debug=0,uncompacted_size=1792286180,final_size=1792286180,update_temp_buffer_size=0,convert_time_ms=0.85161602497100830078,build_time_ms=76.80614471435546875,convert_build_time_ms=77.657760739326477051,convert_build_compact_time_ms=77.657760739326477051,compact_time_ms=0,update_time_ms=0,convert_and_update_time_ms=0,sort_time_ms=0,total_probe_time_ms=33.177849197387693891
i_primitive=aabb,i_key_mode=3d,i_build_mode=b_sfl,i_probe_mode=p_asc,i_update_type=global,i_num_build_keys_log=25,i_key_offset=0,i_key_stride_log=0,i_key_replication_log=0,i_reserve_keys_for_misses=0,i_num_updates_log=0,i_local_update_batch_size_log=1,i_num_probe_keys_log=27,i_miss_percentage=0,i_out_of_range_percentage=0,i_range_query_hit_count_log=0,i_exponent_bias=0,i_force_single_anyhit=1,i_perpendicular_rays=1,i_start_ray_at_zero=0,i_compaction=0,i_large_keys=0,i_closest_hit=0,i_skip_probing=0,i_num_rays_per_thread_log=0,i_force_uniform_keys=0,i_x_bits=22,i_y_bits=10,i_z_bits=0,i_debug=0,uncompacted_size=1255415168,final_size=1255415168,update_temp_buffer_size=0,convert_time_ms=2.3447039127349853516,build_time_ms=70.2566375732421875,convert_build_time_ms=72.601341485977172852,convert_build_compact_time_ms=72.601341485977172852,compact_time_ms=0,update_time_ms=0,convert_and_update_time_ms=0,sort_time_ms=0,total_probe_time_ms=32.654402923583987217
i_primitive=triangle,i_key_mode=3d,i_build_mode=b_sfl,i_probe_mode=p_asc,i_update_type=global,i_num_build_keys_log=25,i_key_offset=0,i_key_stride_log=0,i_key_replication_log=0,i_reserve_keys_for_misses=0,i_num_updates_log=0,i_local_update_batch_size_log=1,i_num_probe_keys_log=27,i_miss_percentage=0,i_out_of_range_percentage=0,i_range_query_hit_count_log=0,i_exponent_bias=0,i_force_single_anyhit=1,i_perpendicular_rays=1,i_start_ray_at_zero=0,i_compaction=1,i_large_keys=0,i_closest_hit=0,i_skip_probing=0,i_num_rays_per_thread_log=0,i_force_uniform_keys=0,i_x_bits=22,i_y_bits=10,i_z_bits=0,i_debug=0,uncompacted_size=1902656640,final_size=1176048256,update_temp_buffer_size=0,convert_time_ms=5.4465918540954589844,build_time_ms=83.66681671142578125,convert_build_time_ms=89.113408565521240234,convert_build_compact_time_ms=93.272896766662597656,compact_time_ms=4.1594882011413574219,update_time_ms=0,convert_and_update_time_ms=0,sort_time_ms=0,total_probe_time_ms=18.488057518005369673
i_primitive=sphere,i_key_mode=3d,i_build_mode=b_sfl,i_probe_mode=p_asc,i_update_type=global,i_num_build_keys_log=25,i_key_offset=0,i_key_stride_log=0,i_key_replication_log=0,i_reserve_keys_for_misses=0,i_num_updates_log=0,i_local_update_batch_size_log=1,i_num_probe_keys_log=27,i_miss_percentage=0,i_out_of_range_percentage=0,i_range_query_hit_count_log=0,i_exponent_bias=0,i_force_single_anyhit=1,i_perpendicular_rays=1,i_start_ray_at_zero=0,i_compaction=1,i_large_keys=0,i_closest_hit=0,i_skip_probing=0,i_num_rays_per_thread_log=0,i_force_uniform_keys=0,i_x_bits=22,i_y_bits=10,i_z_bits=0,i_debug=0,uncompacted_size=1792286180,final_size=1357763300,update_temp_buffer_size=0,convert_time_ms=0.8472639918327331543,build_time_ms=76.734466552734375,convert_build_time_ms=77.581730544567108154,convert_build_compact_time_ms=94.650786101818084717,compact_time_ms=17.069055557250976562,update_time_ms=0,convert_and_update_time_ms=0,sort_time_ms=0,total_probe_time_ms=33.40984344482421875
i_primitive=aabb,i_key_mode=3d,i_build_mode=b_sfl,i_probe_mode=p_asc,i_update_type=global,i_num_build_keys_log=25,i_key_offset=0,i_key_stride_log=0,i_key_replication_log=0,i_reserve_keys_for_misses=0,i_num_updates_log=0,i_local_update_batch_size_log=1,i_num_probe_keys_log=27,i_miss_percentage=0,i_out_of_range_percentage=0,i_range_query_hit_count_log=0,i_exponent_bias=0,i_force_single_anyhit=1,i_perpendicular_rays=1,i_start_ray_at_zero=0,i_compaction=1,i_large_keys=0,i_closest_hit=0,i_skip_probing=0,i_num_rays_per_thread_log=0,i_force_uniform_keys=0,i_x_bits=22,i_y_bits=10,i_z_bits=0,i_debug=0,uncompacted_size=1255415168,final_size=820893440,update_temp_buffer_size=0,convert_time_ms=2.2235839366912841797,build_time_ms=70.951934814453125,convert_build_time_ms=73.17551875114440918,convert_build_compact_time_ms=76.125662803649902344,compact_time_ms=2.9501440525054931641,update_time_ms=0,convert_and_update_time_ms=0,sort_time_ms=0,total_probe_time_ms=32.619507598876950283
i_primitive=triangle,i_key_mode=3d,i_build_mode=b_sfl,i_probe_mode=p_sfl,i_update_type=global,i_num_build_keys_log=26,i_key_offset=0,i_key_stride_log=0,i_key_replication_log=0,i_reserve_keys_for_misses=0,i_num_updates_log=0,i_local_update_batch_size_log=1,i_num_probe_keys_log=27,i_miss_percentage=0,i_out_of_range_percentage=0,i_range_query_hit_count_log=0,i_exponent_bias=0,i_force_single_anyhit=1,i_perpendicular_rays=1,i_start_ray_at_zero=0,i_compaction=0,i_large_keys=0,i_closest_hit=0,i_skip_probing=0,i_num_rays_per_thread_log=0,i_force_uniform_keys=0,i_x_bits=22,i_y_bits=10,i_z_bits=0,i_debug=0,uncompacted_size=3799543168,final_size=3799543168,update_temp_buffer_size=0,convert_time_ms=10.767775535583496094,build_time_ms=170.635162353515625,convert_build_time_ms=181.40293788909912109,convert_build_compact_time_ms=181.40293788909912109,compact_time_ms=0,update_time_ms=0,convert_and_update_time_ms=0,sort_time_ms=0,total_probe_time_ms=106.28364181518554688
i_primitive=sphere,i_key_mode=3d,i_build_mode=b_sfl,i_probe_mode=p_sfl,i_update_type=global,i_num_build_keys_log=26,i_key_offset=0,i_key_stride_log=0,i_key_replication_log=0,i_reserve_keys_for_misses=0,i_num_updates_log=0,i_local_update_batch_size_log=1,i_num_probe_keys_log=27,i_miss_percentage=0,i_out_of_range_percentage=0,i_range_query_hit_count_log=0,i_exponent_bias=0,i_force_single_anyhit=1,i_perpendicular_rays=1,i_start_ray_at_zero=0,i_compaction=0,i_large_keys=0,i_closest_hit=0,i_skip_probing=0,i_num_rays_per_thread_log=0,i_force_uniform_keys=0,i_x_bits=22,i_y_bits=10,i_z_bits=0,i_debug=0,uncompacted_size=3584569700,final_size=3584569700,update_temp_buffer_size=0,convert_time_ms=1.5798079967498779297,build_time_ms=155.033599853515625,convert_build_time_ms=156.61340785026550293,convert_build_compact_time_ms=156.61340785026550293,compact_time_ms=0,update_time_ms=0,convert_and_update_time_ms=0,sort_time_ms=0,total_probe_time_ms=159.94381256103514488
i_primitive=aabb,i_key_mode=3d,i_build_mode=b_sfl,i_probe_mode=p_sfl,i_update_type=global,i_num_build_keys_log=26,i_key_offset=0,i_key_stride_log=0,i_key_replication_log=0,i_reserve_keys_for_misses=0,i_num_updates_log=0,i_local_update_batch_size_log=1,i_num_probe_keys_log=27,i_miss_percentage=0,i_out_of_range_percentage=0,i_range_query_hit_count_log=0,i_exponent_bias=0,i_force_single_anyhit=1,i_perpendicular_rays=1,i_start_ray_at_zero=0,i_compaction=0,i_large_keys=0,i_closest_hit=0,i_skip_probing=0,i_num_rays_per_thread_log=0,i_force_uniform_keys=0,i_x_bits=22,i_y_bits=10,i_z_bits=0,i_debug=0,uncompacted_size=2510827776,final_size=2510827776,update_temp_buffer_size=0,convert_time_ms=4.329792022705078125,build_time_ms=142.301177978515625,convert_build_time_ms=146.63097000122070312,convert_build_compact_time_ms=146.63097000122070312,compact_time_ms=0,update_time_ms=0,convert_and_update_time_ms=0,sort_time_ms=0,total_probe_time_ms=176.74033203125000568
i_primitive=triangle,i_key_mode=3d,i_build_mode=b_sfl,i_probe_mode=p_sfl,i_update_type=global,i_num_build_keys_log=26,i_key_offset=0,i_key_stride_log=0,i_key_replication_log=0,i_reserve_keys_for_misses=0,i_num_updates_log=0,i_local_update_batch_size_log=1,i_num_probe_keys_log=27,i_miss_percentage=0,i_out_of_range_percentage=0,i_range_query_hit_count_log=0,i_exponent_bias=0,i_force_single_anyhit=1,i_perpendicular_rays=1,i_start_ray_at_zero=0,i_compaction=1,i_large_keys=0,i_closest_hit=0,i_skip_probing=0,i_num_rays_per_thread_log=0,i_force_uniform_keys=0,i_x_bits=22,i_y_bits=10,i_z_bits=0,i_debug=0,uncompacted_size=3805310464,final_size=2288813440,update_temp_buffer_size=0,convert_time_ms=10.767487525939941406,build_time_ms=168.965118408203125,convert_build_time_ms=179.73260593414306641,convert_build_compact_time_ms=187.755645751953125,compact_time_ms=8.0230398178100585938,update_time_ms=0,convert_and_update_time_ms=0,sort_time_ms=0,total_probe_time_ms=106.15881118774413494
i_primitive=sphere,i_key_mode=3d,i_build_mode=b_sfl,i_probe_mode=p_sfl,i_update_type=global,i_num_build_keys_log=26,i_key_offset=0,i_key_stride_log=0,i_key_replication_log=0,i_reserve_keys_for_misses=0,i_num_updates_log=0,i_local_update_batch_size_log=1,i_num_probe_keys_log=27,i_miss_percentage=0,i_out_of_range_percentage=0,i_range_query_hit_count_log=0,i_exponent_bias=0,i_force_single_anyhit=1,i_perpendicular_rays=1,i_start_ray_at_zero=0,i_compaction=1,i_large_keys=0,i_closest_hit=0,i_skip_probing=0,i_num_rays_per_thread_log=0,i_force_uniform_keys=0,i_x_bits=22,i_y_bits=10,i_z_bits=0,i_debug=0,uncompacted_size=3584569700,final_size=2595784548,update_temp_buffer_size=0,convert_time_ms=1.5804159641265869141,build_time_ms=154.8421173095703125,convert_build_time_ms=156.42253327369689941,convert_build_compact_time_ms=188.51568436622619629,compact_time_ms=32.093151092529296875,update_time_ms=0,convert_and_update_time_ms=0,sort_time_ms=0,total_probe_time_ms=162.52475585937500568
i_primitive=aabb,i_key_mode=3d,i_build_mode=b_sfl,i_probe_mode=p_sfl,i_update_type=global,i_num_build_keys_log=26,i_key_offset=0,i_key_stride_log=0,i_key_replication_log=0,i_reserve_keys_for_misses=0,i_num_updates_log=0,i_local_update_batch_size_log=1,i_num_probe_keys_log=27,i_miss_percentage=0,i_out_of_range_percentage=0,i_range_query_hit_count_log=0,i_exponent_bias=0,i_force_single_anyhit=1,i_perpendicular_rays=1,i_start_ray_at_zero=0,i_compaction=1,i_large_keys=0,i_closest_hit=0,i_skip_probing=0,i_num_rays_per_thread_log=0,i_force_uniform_keys=0,i_x_bits=22,i_y_bits=10,i_z_bits=0,i_debug=0,uncompacted_size=2510827776,final_size=1522039680,update_temp_buffer_size=0,convert_time_ms=4.3337597846984863281,build_time_ms=140.430084228515625,convert_build_time_ms=144.76384401321411133,convert_build_compact_time_ms=150.19206809997558594,compact_time_ms=5.4282240867614746094,update_time_ms=0,convert_and_update_time_ms=0,sort_time_ms=0,total_probe_time_ms=173.74176940917968182
i_primitive=triangle,i_key_mode=3d,i_build_mode=b_sfl,i_probe_mode=p_asc,i_update_type=global,i_num_build_keys_log=26,i_key_offset=0,i_key_stride_log=0,i_key_replication_log=0,i_reserve_keys_for_misses=0,i_num_updates_log=0,i_local_update_batch_size_log=1,i_num_probe_keys_log=27,i_miss_percentage=0,i_out_of_range_percentage=0,i_range_query_hit_count_log=0,i_exponent_bias=0,i_force_single_anyhit=1,i_perpendicular_rays=1,i_start_ray_at_zero=0,i_compaction=0,i_large_keys=0,i_closest_hit=0,i_skip_probing=0,i_num_rays_per_thread_log=0,i_force_uniform_keys=0,i_x_bits=22,i_y_bits=10,i_z_bits=0,i_debug=0,uncompacted_size=3799543168,final_size=3799543168,update_temp_buffer_size=0,convert_time_ms=10.826080322265625,build_time_ms=170.3065643310546875,convert_build_time_ms=181.1326446533203125,convert_build_compact_time_ms=181.1326446533203125,compact_time_ms=0,update_time_ms=0,convert_and_update_time_ms=0,sort_time_ms=0,total_probe_time_ms=22.099945831298828836
i_primitive=sphere,i_key_mode=3d,i_build_mode=b_sfl,i_probe_mode=p_asc,i_update_type=global,i_num_build_keys_log=26,i_key_offset=0,i_key_stride_log=0,i_key_replication_log=0,i_reserve_keys_for_misses=0,i_num_updates_log=0,i_local_update_batch_size_log=1,i_num_probe_keys_log=27,i_miss_percentage=0,i_out_of_range_percentage=0,i_range_query_hit_count_log=0,i_exponent_bias=0,i_force_single_anyhit=1,i_perpendicular_rays=1,i_start_ray_at_zero=0,i_compaction=0,i_large_keys=0,i_closest_hit=0,i_skip_probing=0,i_num_rays_per_thread_log=0,i_force_uniform_keys=0,i_x_bits=22,i_y_bits=10,i_z_bits=0,i_debug=0,uncompacted_size=3584569700,final_size=3584569700,update_temp_buffer_size=0,convert_time_ms=1.6323839426040649414,build_time_ms=154.5594940185546875,convert_build_time_ms=156.19187796115875244,convert_build_compact_time_ms=156.19187796115875244,compact_time_ms=0,update_time_ms=0,convert_and_update_time_ms=0,sort_time_ms=0,total_probe_time_ms=42.363261032104489345
i_primitive=aabb,i_key_mode=3d,i_build_mode=b_sfl,i_probe_mode=p_asc,i_update_type=global,i_num_build_keys_log=26,i_key_offset=0,i_key_stride_log=0,i_key_replication_log=0,i_reserve_keys_for_misses=0,i_num_updates_log=0,i_local_update_batch_size_log=1,i_num_probe_keys_log=27,i_miss_percentage=0,i_out_of_range_percentage=0,i_range_query_hit_count_log=0,i_exponent_bias=0,i_force_single_anyhit=1,i_perpendicular_rays=1,i_start_ray_at_zero=0,i_compaction=0,i_large_keys=0,i_closest_hit=0,i_skip_probing=0,i_num_rays_per_thread_log=0,i_force_uniform_keys=0,i_x_bits=22,i_y_bits=10,i_z_bits=0,i_debug=0,uncompacted_size=2510827776,final_size=2510827776,update_temp_buffer_size=0,convert_time_ms=4.3870720863342285156,build_time_ms=143.4501190185546875,convert_build_time_ms=147.83719110488891602,convert_build_compact_time_ms=147.83719110488891602,compact_time_ms=0,update_time_ms=0,convert_and_update_time_ms=0,sort_time_ms=0,total_probe_time_ms=40.783360290527340908
i_primitive=triangle,i_key_mode=3d,i_build_mode=b_sfl,i_probe_mode=p_asc,i_update_type=global,i_num_build_keys_log=26,i_key_offset=0,i_key_stride_log=0,i_key_replication_log=0,i_reserve_keys_for_misses=0,i_num_updates_log=0,i_local_update_batch_size_log=1,i_num_probe_keys_log=27,i_miss_percentage=0,i_out_of_range_percentage=0,i_range_query_hit_count_log=0,i_exponent_bias=0,i_force_single_anyhit=1,i_perpendicular_rays=1,i_start_ray_at_zero=0,i_compaction=1,i_large_keys=0,i_closest_hit=0,i_skip_probing=0,i_num_rays_per_thread_log=0,i_force_uniform_keys=0,i_x_bits=22,i_y_bits=10,i_z_bits=0,i_debug=0,uncompacted_size=3805310464,final_size=2288816256,update_temp_buffer_size=0,convert_time_ms=10.84073638916015625,build_time_ms=169.2948455810546875,convert_build_time_ms=180.13558197021484375,convert_build_compact_time_ms=188.13711833953857422,compact_time_ms=8.0015363693237304688,update_time_ms=0,convert_and_update_time_ms=0,sort_time_ms=0,total_probe_time_ms=21.975334358215331321
i_primitive=sphere,i_key_mode=3d,i_build_mode=b_sfl,i_probe_mode=p_asc,i_update_type=global,i_num_build_keys_log=26,i_key_offset=0,i_key_stride_log=0,i_key_replication_log=0,i_reserve_keys_for_misses=0,i_num_updates_log=0,i_local_update_batch_size_log=1,i_num_probe_keys_log=27,i_miss_percentage=0,i_out_of_range_percentage=0,i_range_query_hit_count_log=0,i_exponent_bias=0,i_force_single_anyhit=1,i_perpendicular_rays=1,i_start_ray_at_zero=0,i_compaction=1,i_large_keys=0,i_closest_hit=0,i_skip_probing=0,i_num_rays_per_thread_log=0,i_force_uniform_keys=0,i_x_bits=22,i_y_bits=10,i_z_bits=0,i_debug=0,uncompacted_size=3584569700,final_size=2595777252,update_temp_buffer_size=0,convert_time_ms=1.6319680213928222656,build_time_ms=153.449432373046875,convert_build_time_ms=155.08140039443969727,convert_build_compact_time_ms=186.99743318557739258,compact_time_ms=31.916032791137695312,update_time_ms=0,convert_and_update_time_ms=0,sort_time_ms=0,total_probe_time_ms=42.288592147827145595
i_primitive=aabb,i_key_mode=3d,i_build_mode=b_sfl,i_probe_mode=p_asc,i_update_type=global,i_num_build_keys_log=26,i_key_offset=0,i_key_stride_log=0,i_key_replication_log=0,i_reserve_keys_for_misses=0,i_num_updates_log=0,i_local_update_batch_size_log=1,i_num_probe_keys_log=27,i_miss_percentage=0,i_out_of_range_percentage=0,i_range_query_hit_count_log=0,i_exponent_bias=0,i_force_single_anyhit=1,i_perpendicular_rays=1,i_start_ray_at_zero=0,i_compaction=1,i_large_keys=0,i_closest_hit=0,i_skip_probing=0,i_num_rays_per_thread_log=0,i_force_uniform_keys=0,i_x_bits=22,i_y_bits=10,i_z_bits=0,i_debug=0,uncompacted_size=2510827776,final_size=1522041728,update_temp_buffer_size=0,convert_time_ms=4.3818559646606445312,build_time_ms=140.5951995849609375,convert_build_time_ms=144.97705554962158203,convert_build_compact_time_ms=150.43497562408447266,compact_time_ms=5.457920074462890625,update_time_ms=0,convert_and_update_time_ms=0,sort_time_ms=0,total_probe_time_ms=40.040264892578122158
