i_primitive=triangle,i_key_mode=3d,i_build_mode=b_sfl,i_probe_mode=p_sfl,i_num_build_keys_log=20,i_key_offset=0,i_key_stride_log=0,i_key_replication_log=0,i_reserve_keys_for_misses=0,i_local_updates=0,i_num_updates_log=0,i_num_probe_keys_log=27,i_miss_percentage=0,i_out_of_range_percentage=0,i_range_query_hit_count_log=0,i_exponent_bias=0,i_force_single_anyhit=1,i_perpendicular_rays=1,i_start_ray_at_zero=0,i_compaction=1,i_large_keys=0,i_closest_hit=0,i_skip_probing=0,i_num_rays_per_thread_log=0,i_decomposition_bits=22,i_debug=0,uncompacted_size=59460736,final_size=35766016,update_temp_buffer_size=0,convert_time_ms=0.18870399892330169678,build_time_ms=2.8211200237274169922,convert_build_time_ms=3.009824022650718689,convert_build_compact_time_ms=3.1398720294237136841,compact_time_ms=0.13004800677299499512,update_time_ms=0,convert_and_update_time_ms=0,sort_time_ms=0,total_probe_time_ms=54.879986953735354405
i_primitive=triangle,i_key_mode=3d,i_build_mode=b_sfl,i_probe_mode=p_sfl,i_num_build_keys_log=20,i_key_offset=0,i_key_stride_log=0,i_key_replication_log=0,i_reserve_keys_for_misses=0,i_local_updates=0,i_num_updates_log=0,i_num_probe_keys_log=27,i_miss_percentage=0,i_out_of_range_percentage=0,i_range_query_hit_count_log=0,i_exponent_bias=0,i_force_single_anyhit=1,i_perpendicular_rays=1,i_start_ray_at_zero=0,i_compaction=1,i_large_keys=0,i_closest_hit=0,i_skip_probing=0,i_num_rays_per_thread_log=0,i_decomposition_bits=20,i_debug=0,uncompacted_size=59460736,final_size=35765632,update_temp_buffer_size=0,convert_time_ms=0.19091199338436126709,build_time_ms=2.8159999847412109375,convert_build_time_ms=3.0069119781255722046,convert_build_compact_time_ms=3.1359359771013259888,compact_time_ms=0.12902399897575378418,update_time_ms=0,convert_and_update_time_ms=0,sort_time_ms=0,total_probe_time_ms=54.710134506225585938
i_primitive=triangle,i_key_mode=3d,i_build_mode=b_sfl,i_probe_mode=p_sfl,i_num_build_keys_log=20,i_key_offset=0,i_key_stride_log=0,i_key_replication_log=0,i_reserve_keys_for_misses=0,i_local_updates=0,i_num_updates_log=0,i_num_probe_keys_log=27,i_miss_percentage=0,i_out_of_range_percentage=0,i_range_query_hit_count_log=0,i_exponent_bias=0,i_force_single_anyhit=1,i_perpendicular_rays=1,i_start_ray_at_zero=0,i_compaction=1,i_large_keys=0,i_closest_hit=0,i_skip_probing=0,i_num_rays_per_thread_log=0,i_decomposition_bits=18,i_debug=0,uncompacted_size=59460736,final_size=31267456,update_temp_buffer_size=0,convert_time_ms=0.18828800320625305176,build_time_ms=2.7258880138397216797,convert_build_time_ms=2.9141760170459747314,convert_build_compact_time_ms=3.0247680172324180603,compact_time_ms=0.11059200018644332886,update_time_ms=0,convert_and_update_time_ms=0,sort_time_ms=0,total_probe_time_ms=50.95060844421387003
i_primitive=triangle,i_key_mode=3d,i_build_mode=b_sfl,i_probe_mode=p_sfl,i_num_build_keys_log=20,i_key_offset=0,i_key_stride_log=0,i_key_replication_log=0,i_reserve_keys_for_misses=0,i_local_updates=0,i_num_updates_log=0,i_num_probe_keys_log=27,i_miss_percentage=0,i_out_of_range_percentage=0,i_range_query_hit_count_log=0,i_exponent_bias=0,i_force_single_anyhit=1,i_perpendicular_rays=1,i_start_ray_at_zero=0,i_compaction=1,i_large_keys=0,i_closest_hit=0,i_skip_probing=0,i_num_rays_per_thread_log=0,i_decomposition_bits=16,i_debug=0,uncompacted_size=59460736,final_size=29476736,update_temp_buffer_size=0,convert_time_ms=0.18896000087261199951,build_time_ms=2.7095038890838623047,convert_build_time_ms=2.8984638899564743042,convert_build_compact_time_ms=3.0038718879222869873,compact_time_ms=0.10540799796581268311,update_time_ms=0,convert_and_update_time_ms=0,sort_time_ms=0,total_probe_time_ms=53.419984436035157671
i_primitive=triangle,i_key_mode=3d,i_build_mode=b_sfl,i_probe_mode=p_sfl,i_num_build_keys_log=20,i_key_offset=0,i_key_stride_log=0,i_key_replication_log=0,i_reserve_keys_for_misses=0,i_local_updates=0,i_num_updates_log=0,i_num_probe_keys_log=27,i_miss_percentage=0,i_out_of_range_percentage=0,i_range_query_hit_count_log=0,i_exponent_bias=0,i_force_single_anyhit=1,i_perpendicular_rays=1,i_start_ray_at_zero=0,i_compaction=1,i_large_keys=0,i_closest_hit=0,i_skip_probing=0,i_num_rays_per_thread_log=0,i_decomposition_bits=14,i_debug=0,uncompacted_size=59460736,final_size=29503872,update_temp_buffer_size=0,convert_time_ms=0.18425600230693817139,build_time_ms=2.7074561119079589844,convert_build_time_ms=2.8917121142148971558,convert_build_compact_time_ms=2.9988801106810569763,compact_time_ms=0.10716799646615982056,update_time_ms=0,convert_and_update_time_ms=0,sort_time_ms=0,total_probe_time_ms=53.433605957031247158
i_primitive=triangle,i_key_mode=3d,i_build_mode=b_sfl,i_probe_mode=p_sfl,i_num_build_keys_log=20,i_key_offset=0,i_key_stride_log=0,i_key_replication_log=0,i_reserve_keys_for_misses=0,i_local_updates=0,i_num_updates_log=0,i_num_probe_keys_log=27,i_miss_percentage=0,i_out_of_range_percentage=0,i_range_query_hit_count_log=0,i_exponent_bias=0,i_force_single_anyhit=1,i_perpendicular_rays=1,i_start_ray_at_zero=0,i_compaction=1,i_large_keys=0,i_closest_hit=0,i_skip_probing=0,i_num_rays_per_thread_log=0,i_decomposition_bits=12,i_debug=0,uncompacted_size=59460736,final_size=29499264,update_temp_buffer_size=0,convert_time_ms=0.18751999735832214355,build_time_ms=2.7402238845825195312,convert_build_time_ms=2.9277438819408416748,convert_build_compact_time_ms=3.0352638810873031616,compact_time_ms=0.10751999914646148682,update_time_ms=0,convert_and_update_time_ms=0,sort_time_ms=0,total_probe_time_ms=53.543983840942381391
i_primitive=triangle,i_key_mode=3d,i_build_mode=b_sfl,i_probe_mode=p_sfl,i_num_build_keys_log=20,i_key_offset=0,i_key_stride_log=0,i_key_replication_log=0,i_reserve_keys_for_misses=0,i_local_updates=0,i_num_updates_log=0,i_num_probe_keys_log=27,i_miss_percentage=0,i_out_of_range_percentage=0,i_range_query_hit_count_log=0,i_exponent_bias=0,i_force_single_anyhit=1,i_perpendicular_rays=1,i_start_ray_at_zero=0,i_compaction=1,i_large_keys=0,i_closest_hit=0,i_skip_probing=0,i_num_rays_per_thread_log=0,i_decomposition_bits=10,i_debug=0,uncompacted_size=59460736,final_size=29492224,update_temp_buffer_size=0,convert_time_ms=0.1860799938440322876,build_time_ms=2.719615936279296875,convert_build_time_ms=2.9056959301233291626,convert_build_compact_time_ms=3.0101439282298088074,compact_time_ms=0.10444799810647964478,update_time_ms=0,convert_and_update_time_ms=0,sort_time_ms=0,total_probe_time_ms=53.433513641357421875
i_primitive=triangle,i_key_mode=3d,i_build_mode=b_sfl,i_probe_mode=p_sfl,i_num_build_keys_log=20,i_key_offset=0,i_key_stride_log=0,i_key_replication_log=0,i_reserve_keys_for_misses=0,i_local_updates=0,i_num_updates_log=0,i_num_probe_keys_log=27,i_miss_percentage=0,i_out_of_range_percentage=0,i_range_query_hit_count_log=2,i_exponent_bias=0,i_force_single_anyhit=1,i_perpendicular_rays=1,i_start_ray_at_zero=0,i_compaction=1,i_large_keys=0,i_closest_hit=0,i_skip_probing=0,i_num_rays_per_thread_log=0,i_decomposition_bits=22,i_debug=0,uncompacted_size=59460864,final_size=35762560,update_temp_buffer_size=0,convert_time_ms=0.18838399648666381836,build_time_ms=71.09529876708984375,convert_build_time_ms=71.283682763576507568,convert_build_compact_time_ms=71.413730770349502563,compact_time_ms=0.13004800677299499512,update_time_ms=0,convert_and_update_time_ms=0,sort_time_ms=0,total_probe_time_ms=185.09081878662109943
i_primitive=triangle,i_key_mode=3d,i_build_mode=b_sfl,i_probe_mode=p_sfl,i_num_build_keys_log=20,i_key_offset=0,i_key_stride_log=0,i_key_replication_log=0,i_reserve_keys_for_misses=0,i_local_updates=0,i_num_updates_log=0,i_num_probe_keys_log=27,i_miss_percentage=0,i_out_of_range_percentage=0,i_range_query_hit_count_log=2,i_exponent_bias=0,i_force_single_anyhit=1,i_perpendicular_rays=1,i_start_ray_at_zero=0,i_compaction=1,i_large_keys=0,i_closest_hit=0,i_skip_probing=0,i_num_rays_per_thread_log=0,i_decomposition_bits=20,i_debug=0,uncompacted_size=59460864,final_size=35762560,update_temp_buffer_size=0,convert_time_ms=0.19040000438690185547,build_time_ms=2.8221120834350585938,convert_build_time_ms=3.0125120878219604492,convert_build_compact_time_ms=3.1405120939016342163,compact_time_ms=0.12800000607967376709,update_time_ms=0,convert_and_update_time_ms=0,sort_time_ms=0,total_probe_time_ms=184.98577270507811932
i_primitive=triangle,i_key_mode=3d,i_build_mode=b_sfl,i_probe_mode=p_sfl,i_num_build_keys_log=20,i_key_offset=0,i_key_stride_log=0,i_key_replication_log=0,i_reserve_keys_for_misses=0,i_local_updates=0,i_num_updates_log=0,i_num_probe_keys_log=27,i_miss_percentage=0,i_out_of_range_percentage=0,i_range_query_hit_count_log=2,i_exponent_bias=0,i_force_single_anyhit=1,i_perpendicular_rays=1,i_start_ray_at_zero=0,i_compaction=1,i_large_keys=0,i_closest_hit=0,i_skip_probing=0,i_num_rays_per_thread_log=0,i_decomposition_bits=18,i_debug=0,uncompacted_size=59460864,final_size=31207808,update_temp_buffer_size=0,convert_time_ms=0.18918399512767791748,build_time_ms=2.7153279781341552734,convert_build_time_ms=2.9045119732618331909,convert_build_compact_time_ms=3.0171519741415977478,compact_time_ms=0.11264000087976455688,update_time_ms=0,convert_and_update_time_ms=0,sort_time_ms=0,total_probe_time_ms=201.27974395751954262
i_primitive=triangle,i_key_mode=3d,i_build_mode=b_sfl,i_probe_mode=p_sfl,i_num_build_keys_log=20,i_key_offset=0,i_key_stride_log=0,i_key_replication_log=0,i_reserve_keys_for_misses=0,i_local_updates=0,i_num_updates_log=0,i_num_probe_keys_log=27,i_miss_percentage=0,i_out_of_range_percentage=0,i_range_query_hit_count_log=2,i_exponent_bias=0,i_force_single_anyhit=1,i_perpendicular_rays=1,i_start_ray_at_zero=0,i_compaction=1,i_large_keys=0,i_closest_hit=0,i_skip_probing=0,i_num_rays_per_thread_log=0,i_decomposition_bits=16,i_debug=0,uncompacted_size=59460864,final_size=29473024,update_temp_buffer_size=0,convert_time_ms=0.1833280026912689209,build_time_ms=70.73177337646484375,convert_build_time_ms=70.915101379156112671,convert_build_compact_time_ms=71.019549377262592316,compact_time_ms=0.10444799810647964478,update_time_ms=0,convert_and_update_time_ms=0,sort_time_ms=0,total_probe_time_ms=233.85068511962890625
i_primitive=triangle,i_key_mode=3d,i_build_mode=b_sfl,i_probe_mode=p_sfl,i_num_build_keys_log=20,i_key_offset=0,i_key_stride_log=0,i_key_replication_log=0,i_reserve_keys_for_misses=0,i_local_updates=0,i_num_updates_log=0,i_num_probe_keys_log=27,i_miss_percentage=0,i_out_of_range_percentage=0,i_range_query_hit_count_log=2,i_exponent_bias=0,i_force_single_anyhit=1,i_perpendicular_rays=1,i_start_ray_at_zero=0,i_compaction=1,i_large_keys=0,i_closest_hit=0,i_skip_probing=0,i_num_rays_per_thread_log=0,i_decomposition_bits=14,i_debug=0,uncompacted_size=59460864,final_size=29471488,update_temp_buffer_size=0,convert_time_ms=0.18713599443435668945,build_time_ms=69.86547088623046875,convert_build_time_ms=70.052606880664825439,convert_build_compact_time_ms=70.16115088015794754,compact_time_ms=0.10854399949312210083,update_time_ms=0,convert_and_update_time_ms=0,sort_time_ms=0,total_probe_time_ms=233.87078704833984943
i_primitive=triangle,i_key_mode=3d,i_build_mode=b_sfl,i_probe_mode=p_sfl,i_num_build_keys_log=20,i_key_offset=0,i_key_stride_log=0,i_key_replication_log=0,i_reserve_keys_for_misses=0,i_local_updates=0,i_num_updates_log=0,i_num_probe_keys_log=27,i_miss_percentage=0,i_out_of_range_percentage=0,i_range_query_hit_count_log=2,i_exponent_bias=0,i_force_single_anyhit=1,i_perpendicular_rays=1,i_start_ray_at_zero=0,i_compaction=1,i_large_keys=0,i_closest_hit=0,i_skip_probing=0,i_num_rays_per_thread_log=0,i_decomposition_bits=12,i_debug=0,uncompacted_size=59460864,final_size=29471232,update_temp_buffer_size=0,convert_time_ms=0.18518400192260742188,build_time_ms=67.90227508544921875,convert_build_time_ms=68.087459087371826172,convert_build_compact_time_ms=68.196003086864948273,compact_time_ms=0.10854399949312210083,update_time_ms=0,convert_and_update_time_ms=0,sort_time_ms=0,total_probe_time_ms=233.20535736083985512
i_primitive=triangle,i_key_mode=3d,i_build_mode=b_sfl,i_probe_mode=p_sfl,i_num_build_keys_log=20,i_key_offset=0,i_key_stride_log=0,i_key_replication_log=0,i_reserve_keys_for_misses=0,i_local_updates=0,i_num_updates_log=0,i_num_probe_keys_log=27,i_miss_percentage=0,i_out_of_range_percentage=0,i_range_query_hit_count_log=2,i_exponent_bias=0,i_force_single_anyhit=1,i_perpendicular_rays=1,i_start_ray_at_zero=0,i_compaction=1,i_large_keys=0,i_closest_hit=0,i_skip_probing=0,i_num_rays_per_thread_log=0,i_decomposition_bits=10,i_debug=0,uncompacted_size=59460864,final_size=29471104,update_temp_buffer_size=0,convert_time_ms=0.18662400543689727783,build_time_ms=70.508544921875,convert_build_time_ms=70.695168927311897278,convert_build_compact_time_ms=70.801312930881977081,compact_time_ms=0.10614400357007980347,update_time_ms=0,convert_and_update_time_ms=0,sort_time_ms=0,total_probe_time_ms=232.58713531494140625
i_primitive=triangle,i_key_mode=3d,i_build_mode=b_sfl,i_probe_mode=p_sfl,i_num_build_keys_log=20,i_key_offset=0,i_key_stride_log=0,i_key_replication_log=0,i_reserve_keys_for_misses=0,i_local_updates=0,i_num_updates_log=0,i_num_probe_keys_log=27,i_miss_percentage=0,i_out_of_range_percentage=0,i_range_query_hit_count_log=4,i_exponent_bias=0,i_force_single_anyhit=1,i_perpendicular_rays=1,i_start_ray_at_zero=0,i_compaction=1,i_large_keys=0,i_closest_hit=0,i_skip_probing=0,i_num_rays_per_thread_log=0,i_decomposition_bits=22,i_debug=0,uncompacted_size=59460864,final_size=35762560,update_temp_buffer_size=0,convert_time_ms=0.2408320009708404541,build_time_ms=2.8098239898681640625,convert_build_time_ms=3.0506559908390045166,convert_build_compact_time_ms=3.1785599887371063232,compact_time_ms=0.12790399789810180664,update_time_ms=0,convert_and_update_time_ms=0,sort_time_ms=0,total_probe_time_ms=586.67738647460942047
i_primitive=triangle,i_key_mode=3d,i_build_mode=b_sfl,i_probe_mode=p_sfl,i_num_build_keys_log=20,i_key_offset=0,i_key_stride_log=0,i_key_replication_log=0,i_reserve_keys_for_misses=0,i_local_updates=0,i_num_updates_log=0,i_num_probe_keys_log=27,i_miss_percentage=0,i_out_of_range_percentage=0,i_range_query_hit_count_log=4,i_exponent_bias=0,i_force_single_anyhit=1,i_perpendicular_rays=1,i_start_ray_at_zero=0,i_compaction=1,i_large_keys=0,i_closest_hit=0,i_skip_probing=0,i_num_rays_per_thread_log=0,i_decomposition_bits=20,i_debug=0,uncompacted_size=59460864,final_size=35762560,update_temp_buffer_size=0,convert_time_ms=0.24016000330448150635,build_time_ms=2.8108799457550048828,convert_build_time_ms=3.0510399490594863892,convert_build_compact_time_ms=3.1810879558324813843,compact_time_ms=0.13004800677299499512,update_time_ms=0,convert_and_update_time_ms=0,sort_time_ms=0,total_probe_time_ms=586.71015624999995453
i_primitive=triangle,i_key_mode=3d,i_build_mode=b_sfl,i_probe_mode=p_sfl,i_num_build_keys_log=20,i_key_offset=0,i_key_stride_log=0,i_key_replication_log=0,i_reserve_keys_for_misses=0,i_local_updates=0,i_num_updates_log=0,i_num_probe_keys_log=27,i_miss_percentage=0,i_out_of_range_percentage=0,i_range_query_hit_count_log=4,i_exponent_bias=0,i_force_single_anyhit=1,i_perpendicular_rays=1,i_start_ray_at_zero=0,i_compaction=1,i_large_keys=0,i_closest_hit=0,i_skip_probing=0,i_num_rays_per_thread_log=0,i_decomposition_bits=18,i_debug=0,uncompacted_size=59460864,final_size=31207808,update_temp_buffer_size=0,convert_time_ms=0.23990400135517120361,build_time_ms=71.1854095458984375,convert_build_time_ms=71.425313547253608704,convert_build_compact_time_ms=71.540993548929691315,compact_time_ms=0.11568000167608261108,update_time_ms=0,convert_and_update_time_ms=0,sort_time_ms=0,total_probe_time_ms=636.92019042968752274
i_primitive=triangle,i_key_mode=3d,i_build_mode=b_sfl,i_probe_mode=p_sfl,i_num_build_keys_log=20,i_key_offset=0,i_key_stride_log=0,i_key_replication_log=0,i_reserve_keys_for_misses=0,i_local_updates=0,i_num_updates_log=0,i_num_probe_keys_log=27,i_miss_percentage=0,i_out_of_range_percentage=0,i_range_query_hit_count_log=4,i_exponent_bias=0,i_force_single_anyhit=1,i_perpendicular_rays=1,i_start_ray_at_zero=0,i_compaction=1,i_large_keys=0,i_closest_hit=0,i_skip_probing=0,i_num_rays_per_thread_log=0,i_decomposition_bits=16,i_debug=0,uncompacted_size=59460864,final_size=29473024,update_temp_buffer_size=0,convert_time_ms=0.23990400135517120361,build_time_ms=2.6931200027465820312,convert_build_time_ms=2.9330240041017532349,convert_build_compact_time_ms=3.0384960025548934937,compact_time_ms=0.10547199845314025879,update_time_ms=0,convert_and_update_time_ms=0,sort_time_ms=0,total_probe_time_ms=728.02625732421870453
i_primitive=triangle,i_key_mode=3d,i_build_mode=b_sfl,i_probe_mode=p_sfl,i_num_build_keys_log=20,i_key_offset=0,i_key_stride_log=0,i_key_replication_log=0,i_reserve_keys_for_misses=0,i_local_updates=0,i_num_updates_log=0,i_num_probe_keys_log=27,i_miss_percentage=0,i_out_of_range_percentage=0,i_range_query_hit_count_log=4,i_exponent_bias=0,i_force_single_anyhit=1,i_perpendicular_rays=1,i_start_ray_at_zero=0,i_compaction=1,i_large_keys=0,i_closest_hit=0,i_skip_probing=0,i_num_rays_per_thread_log=0,i_decomposition_bits=14,i_debug=0,uncompacted_size=59460864,final_size=29471488,update_temp_buffer_size=0,convert_time_ms=0.23606400191783905029,build_time_ms=2.6961920261383056641,convert_build_time_ms=2.9322560280561447144,convert_build_compact_time_ms=3.0356800258159637451,compact_time_ms=0.10342399775981903076,update_time_ms=0,convert_and_update_time_ms=0,sort_time_ms=0,total_probe_time_ms=727.12918701171872726
i_primitive=triangle,i_key_mode=3d,i_build_mode=b_sfl,i_probe_mode=p_sfl,i_num_build_keys_log=20,i_key_offset=0,i_key_stride_log=0,i_key_replication_log=0,i_reserve_keys_for_misses=0,i_local_updates=0,i_num_updates_log=0,i_num_probe_keys_log=27,i_miss_percentage=0,i_out_of_range_percentage=0,i_range_query_hit_count_log=4,i_exponent_bias=0,i_force_single_anyhit=1,i_perpendicular_rays=1,i_start_ray_at_zero=0,i_compaction=1,i_large_keys=0,i_closest_hit=0,i_skip_probing=0,i_num_rays_per_thread_log=0,i_decomposition_bits=12,i_debug=0,uncompacted_size=59460864,final_size=29471232,update_temp_buffer_size=0,convert_time_ms=0.23583999276161193848,build_time_ms=71.4792938232421875,convert_build_time_ms=71.715133816003799438,convert_build_compact_time_ms=71.820605814456939697,compact_time_ms=0.10547199845314025879,update_time_ms=0,convert_and_update_time_ms=0,sort_time_ms=0,total_probe_time_ms=723.86214599609377274
i_primitive=triangle,i_key_mode=3d,i_build_mode=b_sfl,i_probe_mode=p_sfl,i_num_build_keys_log=20,i_key_offset=0,i_key_stride_log=0,i_key_replication_log=0,i_reserve_keys_for_misses=0,i_local_updates=0,i_num_updates_log=0,i_num_probe_keys_log=27,i_miss_percentage=0,i_out_of_range_percentage=0,i_range_query_hit_count_log=4,i_exponent_bias=0,i_force_single_anyhit=1,i_perpendicular_rays=1,i_start_ray_at_zero=0,i_compaction=1,i_large_keys=0,i_closest_hit=0,i_skip_probing=0,i_num_rays_per_thread_log=0,i_decomposition_bits=10,i_debug=0,uncompacted_size=59460864,final_size=29471104,update_temp_buffer_size=0,convert_time_ms=0.23600000143051147461,build_time_ms=71.297027587890625,convert_build_time_ms=71.533027589321136475,convert_build_compact_time_ms=71.643619589507579803,compact_time_ms=0.11059200018644332886,update_time_ms=0,convert_and_update_time_ms=0,sort_time_ms=0,total_probe_time_ms=711.53212890625002274
i_primitive=triangle,i_key_mode=3d,i_build_mode=b_sfl,i_probe_mode=p_sfl,i_num_build_keys_log=20,i_key_offset=0,i_key_stride_log=0,i_key_replication_log=0,i_reserve_keys_for_misses=0,i_local_updates=0,i_num_updates_log=0,i_num_probe_keys_log=27,i_miss_percentage=0,i_out_of_range_percentage=0,i_range_query_hit_count_log=6,i_exponent_bias=0,i_force_single_anyhit=1,i_perpendicular_rays=1,i_start_ray_at_zero=0,i_compaction=1,i_large_keys=0,i_closest_hit=0,i_skip_probing=0,i_num_rays_per_thread_log=0,i_decomposition_bits=22,i_debug=0,uncompacted_size=59460864,final_size=35762560,update_temp_buffer_size=0,convert_time_ms=0.24003200232982635498,build_time_ms=2.8159999847412109375,convert_build_time_ms=3.0560319870710372925,convert_build_compact_time_ms=3.1850559860467910767,compact_time_ms=0.12902399897575378418,update_time_ms=0,convert_and_update_time_ms=0,sort_time_ms=0,total_probe_time_ms=2143.3790283203125
i_primitive=triangle,i_key_mode=3d,i_build_mode=b_sfl,i_probe_mode=p_sfl,i_num_build_keys_log=20,i_key_offset=0,i_key_stride_log=0,i_key_replication_log=0,i_reserve_keys_for_misses=0,i_local_updates=0,i_num_updates_log=0,i_num_probe_keys_log=27,i_miss_percentage=0,i_out_of_range_percentage=0,i_range_query_hit_count_log=6,i_exponent_bias=0,i_force_single_anyhit=1,i_perpendicular_rays=1,i_start_ray_at_zero=0,i_compaction=1,i_large_keys=0,i_closest_hit=0,i_skip_probing=0,i_num_rays_per_thread_log=0,i_decomposition_bits=20,i_debug=0,uncompacted_size=59460864,final_size=35762560,update_temp_buffer_size=0,convert_time_ms=0.24009600281715393066,build_time_ms=60.4957122802734375,convert_build_time_ms=60.735808283090591431,convert_build_compact_time_ms=60.863808289170265198,compact_time_ms=0.12800000607967376709,update_time_ms=0,convert_and_update_time_ms=0,sort_time_ms=0,total_probe_time_ms=2143.0632568359374091
i_primitive=triangle,i_key_mode=3d,i_build_mode=b_sfl,i_probe_mode=p_sfl,i_num_build_keys_log=20,i_key_offset=0,i_key_stride_log=0,i_key_replication_log=0,i_reserve_keys_for_misses=0,i_local_updates=0,i_num_updates_log=0,i_num_probe_keys_log=27,i_miss_percentage=0,i_out_of_range_percentage=0,i_range_query_hit_count_log=6,i_exponent_bias=0,i_force_single_anyhit=1,i_perpendicular_rays=1,i_start_ray_at_zero=0,i_compaction=1,i_large_keys=0,i_closest_hit=0,i_skip_probing=0,i_num_rays_per_thread_log=0,i_decomposition_bits=18,i_debug=0,uncompacted_size=59460864,final_size=31207808,update_temp_buffer_size=0,convert_time_ms=0.2408320009708404541,build_time_ms=2.7238399982452392578,convert_build_time_ms=2.9646719992160797119,convert_build_compact_time_ms=3.0793600007891654968,compact_time_ms=0.11468800157308578491,update_time_ms=0,convert_and_update_time_ms=0,sort_time_ms=0,total_probe_time_ms=2329.6724365234376819
i_primitive=triangle,i_key_mode=3d,i_build_mode=b_sfl,i_probe_mode=p_sfl,i_num_build_keys_log=20,i_key_offset=0,i_key_stride_log=0,i_key_replication_log=0,i_reserve_keys_for_misses=0,i_local_updates=0,i_num_updates_log=0,i_num_probe_keys_log=27,i_miss_percentage=0,i_out_of_range_percentage=0,i_range_query_hit_count_log=6,i_exponent_bias=0,i_force_single_anyhit=1,i_perpendicular_rays=1,i_start_ray_at_zero=0,i_compaction=1,i_large_keys=0,i_closest_hit=0,i_skip_probing=0,i_num_rays_per_thread_log=0,i_decomposition_bits=16,i_debug=0,uncompacted_size=59460864,final_size=29473024,update_temp_buffer_size=0,convert_time_ms=0.23859199881553649902,build_time_ms=66.897918701171875,convert_build_time_ms=67.136510699987411499,convert_build_compact_time_ms=67.243006698787212372,compact_time_ms=0.1064959987998008728,update_time_ms=0,convert_and_update_time_ms=0,sort_time_ms=0,total_probe_time_ms=2669.3976318359373181
i_primitive=triangle,i_key_mode=3d,i_build_mode=b_sfl,i_probe_mode=p_sfl,i_num_build_keys_log=20,i_key_offset=0,i_key_stride_log=0,i_key_replication_log=0,i_reserve_keys_for_misses=0,i_local_updates=0,i_num_updates_log=0,i_num_probe_keys_log=27,i_miss_percentage=0,i_out_of_range_percentage=0,i_range_query_hit_count_log=6,i_exponent_bias=0,i_force_single_anyhit=1,i_perpendicular_rays=1,i_start_ray_at_zero=0,i_compaction=1,i_large_keys=0,i_closest_hit=0,i_skip_probing=0,i_num_rays_per_thread_log=0,i_decomposition_bits=14,i_debug=0,uncompacted_size=59460864,final_size=29471488,update_temp_buffer_size=0,convert_time_ms=0.23593600094318389893,build_time_ms=62.713855743408203125,convert_build_time_ms=62.949791744351387024,convert_build_compact_time_ms=63.057055741548538208,compact_time_ms=0.10726399719715118408,update_time_ms=0,convert_and_update_time_ms=0,sort_time_ms=0,total_probe_time_ms=2660.0959228515625909
i_primitive=triangle,i_key_mode=3d,i_build_mode=b_sfl,i_probe_mode=p_sfl,i_num_build_keys_log=20,i_key_offset=0,i_key_stride_log=0,i_key_replication_log=0,i_reserve_keys_for_misses=0,i_local_updates=0,i_num_updates_log=0,i_num_probe_keys_log=27,i_miss_percentage=0,i_out_of_range_percentage=0,i_range_query_hit_count_log=6,i_exponent_bias=0,i_force_single_anyhit=1,i_perpendicular_rays=1,i_start_ray_at_zero=0,i_compaction=1,i_large_keys=0,i_closest_hit=0,i_skip_probing=0,i_num_rays_per_thread_log=0,i_decomposition_bits=12,i_debug=0,uncompacted_size=59460864,final_size=29471232,update_temp_buffer_size=0,convert_time_ms=0.23766399919986724854,build_time_ms=2.6869120597839355469,convert_build_time_ms=2.9245760589838027954,convert_build_compact_time_ms=3.0288000553846359253,compact_time_ms=0.10422399640083312988,update_time_ms=0,convert_and_update_time_ms=0,sort_time_ms=0,total_probe_time_ms=2613.733642578125
i_primitive=triangle,i_key_mode=3d,i_build_mode=b_sfl,i_probe_mode=p_sfl,i_num_build_keys_log=20,i_key_offset=0,i_key_stride_log=0,i_key_replication_log=0,i_reserve_keys_for_misses=0,i_local_updates=0,i_num_updates_log=0,i_num_probe_keys_log=27,i_miss_percentage=0,i_out_of_range_percentage=0,i_range_query_hit_count_log=6,i_exponent_bias=0,i_force_single_anyhit=1,i_perpendicular_rays=1,i_start_ray_at_zero=0,i_compaction=1,i_large_keys=0,i_closest_hit=0,i_skip_probing=0,i_num_rays_per_thread_log=0,i_decomposition_bits=10,i_debug=0,uncompacted_size=59460864,final_size=29471104,update_temp_buffer_size=0,convert_time_ms=0.23596799373626708984,build_time_ms=70.01702117919921875,convert_build_time_ms=70.25298917293548584,convert_build_compact_time_ms=70.358461171388626099,compact_time_ms=0.10547199845314025879,update_time_ms=0,convert_and_update_time_ms=0,sort_time_ms=0,total_probe_time_ms=2547.7081787109373181
i_primitive=triangle,i_key_mode=3d,i_build_mode=b_sfl,i_probe_mode=p_sfl,i_num_build_keys_log=20,i_key_offset=0,i_key_stride_log=0,i_key_replication_log=0,i_reserve_keys_for_misses=0,i_local_updates=0,i_num_updates_log=0,i_num_probe_keys_log=27,i_miss_percentage=0,i_out_of_range_percentage=0,i_range_query_hit_count_log=8,i_exponent_bias=0,i_force_single_anyhit=1,i_perpendicular_rays=1,i_start_ray_at_zero=0,i_compaction=1,i_large_keys=0,i_closest_hit=0,i_skip_probing=0,i_num_rays_per_thread_log=0,i_decomposition_bits=22,i_debug=0,uncompacted_size=59460864,final_size=35762560,update_temp_buffer_size=0,convert_time_ms=0.23919999599456787109,build_time_ms=2.8189759254455566406,convert_build_time_ms=3.0581759214401245117,convert_build_compact_time_ms=3.1851519197225570679,compact_time_ms=0.12697599828243255615,update_time_ms=0,convert_and_update_time_ms=0,sort_time_ms=0,total_probe_time_ms=8306.1774414062492724
i_primitive=triangle,i_key_mode=3d,i_build_mode=b_sfl,i_probe_mode=p_sfl,i_num_build_keys_log=20,i_key_offset=0,i_key_stride_log=0,i_key_replication_log=0,i_reserve_keys_for_misses=0,i_local_updates=0,i_num_updates_log=0,i_num_probe_keys_log=27,i_miss_percentage=0,i_out_of_range_percentage=0,i_range_query_hit_count_log=8,i_exponent_bias=0,i_force_single_anyhit=1,i_perpendicular_rays=1,i_start_ray_at_zero=0,i_compaction=1,i_large_keys=0,i_closest_hit=0,i_skip_probing=0,i_num_rays_per_thread_log=0,i_decomposition_bits=20,i_debug=0,uncompacted_size=59460864,final_size=35762560,update_temp_buffer_size=0,convert_time_ms=0.23795199394226074219,build_time_ms=52.379550933837890625,convert_build_time_ms=52.617502927780151367,convert_build_compact_time_ms=52.748574927449226379,compact_time_ms=0.13107199966907501221,update_time_ms=0,convert_and_update_time_ms=0,sort_time_ms=0,total_probe_time_ms=8305.5943359374996362
i_primitive=triangle,i_key_mode=3d,i_build_mode=b_sfl,i_probe_mode=p_sfl,i_num_build_keys_log=20,i_key_offset=0,i_key_stride_log=0,i_key_replication_log=0,i_reserve_keys_for_misses=0,i_local_updates=0,i_num_updates_log=0,i_num_probe_keys_log=27,i_miss_percentage=0,i_out_of_range_percentage=0,i_range_query_hit_count_log=8,i_exponent_bias=0,i_force_single_anyhit=1,i_perpendicular_rays=1,i_start_ray_at_zero=0,i_compaction=1,i_large_keys=0,i_closest_hit=0,i_skip_probing=0,i_num_rays_per_thread_log=0,i_decomposition_bits=18,i_debug=0,uncompacted_size=59460864,final_size=31207808,update_temp_buffer_size=0,convert_time_ms=0.23971199989318847656,build_time_ms=52.7809906005859375,convert_build_time_ms=53.020702600479125977,convert_build_compact_time_ms=53.135390602052211761,compact_time_ms=0.11468800157308578491,update_time_ms=0,convert_and_update_time_ms=0,sort_time_ms=0,total_probe_time_ms=9039.5051757812507276
i_primitive=triangle,i_key_mode=3d,i_build_mode=b_sfl,i_probe_mode=p_sfl,i_num_build_keys_log=20,i_key_offset=0,i_key_stride_log=0,i_key_replication_log=0,i_reserve_keys_for_misses=0,i_local_updates=0,i_num_updates_log=0,i_num_probe_keys_log=27,i_miss_percentage=0,i_out_of_range_percentage=0,i_range_query_hit_count_log=8,i_exponent_bias=0,i_force_single_anyhit=1,i_perpendicular_rays=1,i_start_ray_at_zero=0,i_compaction=1,i_large_keys=0,i_closest_hit=0,i_skip_probing=0,i_num_rays_per_thread_log=0,i_decomposition_bits=16,i_debug=0,uncompacted_size=59460864,final_size=29473024,update_temp_buffer_size=0,convert_time_ms=0.23868800699710845947,build_time_ms=65.4140167236328125,convert_build_time_ms=65.652704730629920959,convert_build_compact_time_ms=65.760224729776382446,compact_time_ms=0.10751999914646148682,update_time_ms=0,convert_and_update_time_ms=0,sort_time_ms=0,total_probe_time_ms=10352.267773437499272
i_primitive=triangle,i_key_mode=3d,i_build_mode=b_sfl,i_probe_mode=p_sfl,i_num_build_keys_log=20,i_key_offset=0,i_key_stride_log=0,i_key_replication_log=0,i_reserve_keys_for_misses=0,i_local_updates=0,i_num_updates_log=0,i_num_probe_keys_log=27,i_miss_percentage=0,i_out_of_range_percentage=0,i_range_query_hit_count_log=8,i_exponent_bias=0,i_force_single_anyhit=1,i_perpendicular_rays=1,i_start_ray_at_zero=0,i_compaction=1,i_large_keys=0,i_closest_hit=0,i_skip_probing=0,i_num_rays_per_thread_log=0,i_decomposition_bits=14,i_debug=0,uncompacted_size=59460864,final_size=29471488,update_temp_buffer_size=0,convert_time_ms=0.23596799373626708984,build_time_ms=54.0569610595703125,convert_build_time_ms=54.29292905330657959,convert_build_compact_time_ms=54.400417052209377289,compact_time_ms=0.10748799890279769897,update_time_ms=0,convert_and_update_time_ms=0,sort_time_ms=0,total_probe_time_ms=10180.174707031250364
i_primitive=triangle,i_key_mode=3d,i_build_mode=b_sfl,i_probe_mode=p_sfl,i_num_build_keys_log=20,i_key_offset=0,i_key_stride_log=0,i_key_replication_log=0,i_reserve_keys_for_misses=0,i_local_updates=0,i_num_updates_log=0,i_num_probe_keys_log=27,i_miss_percentage=0,i_out_of_range_percentage=0,i_range_query_hit_count_log=8,i_exponent_bias=0,i_force_single_anyhit=1,i_perpendicular_rays=1,i_start_ray_at_zero=0,i_compaction=1,i_large_keys=0,i_closest_hit=0,i_skip_probing=0,i_num_rays_per_thread_log=0,i_decomposition_bits=12,i_debug=0,uncompacted_size=59460864,final_size=29471232,update_temp_buffer_size=0,convert_time_ms=0.23580799996852874756,build_time_ms=53.413631439208984375,convert_build_time_ms=53.649439439177513123,convert_build_compact_time_ms=53.757983438670635223,compact_time_ms=0.10854399949312210083,update_time_ms=0,convert_and_update_time_ms=0,sort_time_ms=0,total_probe_time_ms=9898.5539062499992724
i_primitive=triangle,i_key_mode=3d,i_build_mode=b_sfl,i_probe_mode=p_sfl,i_num_build_keys_log=20,i_key_offset=0,i_key_stride_log=0,i_key_replication_log=0,i_reserve_keys_for_misses=0,i_local_updates=0,i_num_updates_log=0,i_num_probe_keys_log=27,i_miss_percentage=0,i_out_of_range_percentage=0,i_range_query_hit_count_log=8,i_exponent_bias=0,i_force_single_anyhit=1,i_perpendicular_rays=1,i_start_ray_at_zero=0,i_compaction=1,i_large_keys=0,i_closest_hit=0,i_skip_probing=0,i_num_rays_per_thread_log=0,i_decomposition_bits=10,i_debug=0,uncompacted_size=59460864,final_size=29471104,update_temp_buffer_size=0,convert_time_ms=0.23670400679111480713,build_time_ms=52.960063934326171875,convert_build_time_ms=53.196767941117286682,convert_build_compact_time_ms=53.304287940263748169,compact_time_ms=0.10751999914646148682,update_time_ms=0,convert_and_update_time_ms=0,sort_time_ms=0,total_probe_time_ms=9496.0979492187507276
i_primitive=triangle,i_key_mode=3d,i_build_mode=b_sfl,i_probe_mode=p_sfl,i_num_build_keys_log=25,i_key_offset=0,i_key_stride_log=0,i_key_replication_log=0,i_reserve_keys_for_misses=0,i_local_updates=0,i_num_updates_log=0,i_num_probe_keys_log=27,i_miss_percentage=0,i_out_of_range_percentage=0,i_range_query_hit_count_log=0,i_exponent_bias=0,i_force_single_anyhit=1,i_perpendicular_rays=1,i_start_ray_at_zero=0,i_compaction=1,i_large_keys=0,i_closest_hit=0,i_skip_probing=0,i_num_rays_per_thread_log=0,i_decomposition_bits=22,i_debug=0,uncompacted_size=1902656640,final_size=1092712192,update_temp_buffer_size=0,convert_time_ms=5.3708162307739257812,build_time_ms=82.32959747314453125,convert_build_time_ms=87.700413703918457031,convert_build_compact_time_ms=91.553725719451904297,compact_time_ms=3.8533120155334472656,update_time_ms=0,convert_and_update_time_ms=0,sort_time_ms=0,total_probe_time_ms=98.316591644287115059
i_primitive=triangle,i_key_mode=3d,i_build_mode=b_sfl,i_probe_mode=p_sfl,i_num_build_keys_log=25,i_key_offset=0,i_key_stride_log=0,i_key_replication_log=0,i_reserve_keys_for_misses=0,i_local_updates=0,i_num_updates_log=0,i_num_probe_keys_log=27,i_miss_percentage=0,i_out_of_range_percentage=0,i_range_query_hit_count_log=0,i_exponent_bias=0,i_force_single_anyhit=1,i_perpendicular_rays=1,i_start_ray_at_zero=0,i_compaction=1,i_large_keys=0,i_closest_hit=0,i_skip_probing=0,i_num_rays_per_thread_log=0,i_decomposition_bits=20,i_debug=0,uncompacted_size=1902656640,final_size=984833536,update_temp_buffer_size=0,convert_time_ms=5.3760318756103515625,build_time_ms=80.6215667724609375,convert_build_time_ms=85.997598648071289062,convert_build_compact_time_ms=89.455646753311157227,compact_time_ms=3.4580481052398681641,update_time_ms=0,convert_and_update_time_ms=0,sort_time_ms=0,total_probe_time_ms=97.930899047851568184
i_primitive=triangle,i_key_mode=3d,i_build_mode=b_sfl,i_probe_mode=p_sfl,i_num_build_keys_log=25,i_key_offset=0,i_key_stride_log=0,i_key_replication_log=0,i_reserve_keys_for_misses=0,i_local_updates=0,i_num_updates_log=0,i_num_probe_keys_log=27,i_miss_percentage=0,i_out_of_range_percentage=0,i_range_query_hit_count_log=0,i_exponent_bias=0,i_force_single_anyhit=1,i_perpendicular_rays=1,i_start_ray_at_zero=0,i_compaction=1,i_large_keys=0,i_closest_hit=0,i_skip_probing=0,i_num_rays_per_thread_log=0,i_decomposition_bits=18,i_debug=0,uncompacted_size=1902656640,final_size=949721088,update_temp_buffer_size=0,convert_time_ms=5.3767042160034179688,build_time_ms=80.06143951416015625,convert_build_time_ms=85.438143730163574219,convert_build_compact_time_ms=88.741567611694335938,compact_time_ms=3.3034238815307617188,update_time_ms=0,convert_and_update_time_ms=0,sort_time_ms=0,total_probe_time_ms=98.542786407470700283
i_primitive=triangle,i_key_mode=3d,i_build_mode=b_sfl,i_probe_mode=p_sfl,i_num_build_keys_log=25,i_key_offset=0,i_key_stride_log=0,i_key_replication_log=0,i_reserve_keys_for_misses=0,i_local_updates=0,i_num_updates_log=0,i_num_probe_keys_log=27,i_miss_percentage=0,i_out_of_range_percentage=0,i_range_query_hit_count_log=0,i_exponent_bias=0,i_force_single_anyhit=1,i_perpendicular_rays=1,i_start_ray_at_zero=0,i_compaction=1,i_large_keys=0,i_closest_hit=0,i_skip_probing=0,i_num_rays_per_thread_log=0,i_decomposition_bits=16,i_debug=0,uncompacted_size=1902656640,final_size=946315776,update_temp_buffer_size=0,convert_time_ms=5.3730559349060058594,build_time_ms=79.84844970703125,convert_build_time_ms=85.221505641937255859,convert_build_compact_time_ms=88.510593652725219727,compact_time_ms=3.2890880107879638672,update_time_ms=0,convert_and_update_time_ms=0,sort_time_ms=0,total_probe_time_ms=98.496553039550775566
i_primitive=triangle,i_key_mode=3d,i_build_mode=b_sfl,i_probe_mode=p_sfl,i_num_build_keys_log=25,i_key_offset=0,i_key_stride_log=0,i_key_replication_log=0,i_reserve_keys_for_misses=0,i_local_updates=0,i_num_updates_log=0,i_num_probe_keys_log=27,i_miss_percentage=0,i_out_of_range_percentage=0,i_range_query_hit_count_log=0,i_exponent_bias=0,i_force_single_anyhit=1,i_perpendicular_rays=1,i_start_ray_at_zero=0,i_compaction=1,i_large_keys=0,i_closest_hit=0,i_skip_probing=0,i_num_rays_per_thread_log=0,i_decomposition_bits=14,i_debug=0,uncompacted_size=1902656640,final_size=945762048,update_temp_buffer_size=0,convert_time_ms=5.3291521072387695312,build_time_ms=79.5371551513671875,convert_build_time_ms=84.866307258605957031,convert_build_compact_time_ms=88.151299238204956055,compact_time_ms=3.2849919795989990234,update_time_ms=0,convert_and_update_time_ms=0,sort_time_ms=0,total_probe_time_ms=98.615660858154299717
i_primitive=triangle,i_key_mode=3d,i_build_mode=b_sfl,i_probe_mode=p_sfl,i_num_build_keys_log=25,i_key_offset=0,i_key_stride_log=0,i_key_replication_log=0,i_reserve_keys_for_misses=0,i_local_updates=0,i_num_updates_log=0,i_num_probe_keys_log=27,i_miss_percentage=0,i_out_of_range_percentage=0,i_range_query_hit_count_log=0,i_exponent_bias=0,i_force_single_anyhit=1,i_perpendicular_rays=1,i_start_ray_at_zero=0,i_compaction=1,i_large_keys=0,i_closest_hit=0,i_skip_probing=0,i_num_rays_per_thread_log=0,i_decomposition_bits=12,i_debug=0,uncompacted_size=1902656640,final_size=938390784,update_temp_buffer_size=0,convert_time_ms=5.3340158462524414062,build_time_ms=79.5371551513671875,convert_build_time_ms=84.871170997619628906,convert_build_compact_time_ms=88.150018930435180664,compact_time_ms=3.2788479328155517578,update_time_ms=0,convert_and_update_time_ms=0,sort_time_ms=0,total_probe_time_ms=184.02073059082030682
i_primitive=triangle,i_key_mode=3d,i_build_mode=b_sfl,i_probe_mode=p_sfl,i_num_build_keys_log=25,i_key_offset=0,i_key_stride_log=0,i_key_replication_log=0,i_reserve_keys_for_misses=0,i_local_updates=0,i_num_updates_log=0,i_num_probe_keys_log=27,i_miss_percentage=0,i_out_of_range_percentage=0,i_range_query_hit_count_log=0,i_exponent_bias=0,i_force_single_anyhit=1,i_perpendicular_rays=1,i_start_ray_at_zero=0,i_compaction=1,i_large_keys=0,i_closest_hit=0,i_skip_probing=0,i_num_rays_per_thread_log=0,i_decomposition_bits=10,i_debug=0,uncompacted_size=1902656640,final_size=994313344,update_temp_buffer_size=0,convert_time_ms=5.3250241279602050781,build_time_ms=84.22707366943359375,convert_build_time_ms=89.552097797393798828,convert_build_compact_time_ms=92.963041782379150391,compact_time_ms=3.4109439849853515625,update_time_ms=0,convert_and_update_time_ms=0,sort_time_ms=0,total_probe_time_ms=142.98215179443360512
i_primitive=triangle,i_key_mode=3d,i_build_mode=b_sfl,i_probe_mode=p_sfl,i_num_build_keys_log=25,i_key_offset=0,i_key_stride_log=0,i_key_replication_log=0,i_reserve_keys_for_misses=0,i_local_updates=0,i_num_updates_log=0,i_num_probe_keys_log=27,i_miss_percentage=0,i_out_of_range_percentage=0,i_range_query_hit_count_log=2,i_exponent_bias=0,i_force_single_anyhit=1,i_perpendicular_rays=1,i_start_ray_at_zero=0,i_compaction=1,i_large_keys=0,i_closest_hit=0,i_skip_probing=0,i_num_rays_per_thread_log=0,i_decomposition_bits=22,i_debug=0,uncompacted_size=1902656640,final_size=1092122624,update_temp_buffer_size=0,convert_time_ms=5.4208960533142089844,build_time_ms=3751.49658203125,convert_build_time_ms=3756.917478084564209,convert_build_compact_time_ms=3760.7605500221252441,compact_time_ms=3.8430719375610351562,update_time_ms=0,convert_and_update_time_ms=0,sort_time_ms=0,total_probe_time_ms=316.99350280761717613
i_primitive=triangle,i_key_mode=3d,i_build_mode=b_sfl,i_probe_mode=p_sfl,i_num_build_keys_log=25,i_key_offset=0,i_key_stride_log=0,i_key_replication_log=0,i_reserve_keys_for_misses=0,i_local_updates=0,i_num_updates_log=0,i_num_probe_keys_log=27,i_miss_percentage=0,i_out_of_range_percentage=0,i_range_query_hit_count_log=2,i_exponent_bias=0,i_force_single_anyhit=1,i_perpendicular_rays=1,i_start_ray_at_zero=0,i_compaction=1,i_large_keys=0,i_closest_hit=0,i_skip_probing=0,i_num_rays_per_thread_log=0,i_decomposition_bits=20,i_debug=0,uncompacted_size=1902656640,final_size=990902912,update_temp_buffer_size=0,convert_time_ms=5.4218239784240722656,build_time_ms=3781.137451171875,convert_build_time_ms=3786.5592751502990723,convert_build_compact_time_ms=3790.0183472633361816,compact_time_ms=3.459072113037109375,update_time_ms=0,convert_and_update_time_ms=0,sort_time_ms=0,total_probe_time_ms=338.52449645996091476
i_primitive=triangle,i_key_mode=3d,i_build_mode=b_sfl,i_probe_mode=p_sfl,i_num_build_keys_log=25,i_key_offset=0,i_key_stride_log=0,i_key_replication_log=0,i_reserve_keys_for_misses=0,i_local_updates=0,i_num_updates_log=0,i_num_probe_keys_log=27,i_miss_percentage=0,i_out_of_range_percentage=0,i_range_query_hit_count_log=2,i_exponent_bias=0,i_force_single_anyhit=1,i_perpendicular_rays=1,i_start_ray_at_zero=0,i_compaction=1,i_large_keys=0,i_closest_hit=0,i_skip_probing=0,i_num_rays_per_thread_log=0,i_decomposition_bits=18,i_debug=0,uncompacted_size=1902656640,final_size=949465856,update_temp_buffer_size=0,convert_time_ms=5.415264129638671875,build_time_ms=3782.58935546875,convert_build_time_ms=3788.0046195983886719,convert_build_compact_time_ms=3791.2855155467987061,compact_time_ms=3.2808959484100341797,update_time_ms=0,convert_and_update_time_ms=0,sort_time_ms=0,total_probe_time_ms=339.96619873046876137
i_primitive=triangle,i_key_mode=3d,i_build_mode=b_sfl,i_probe_mode=p_sfl,i_num_build_keys_log=25,i_key_offset=0,i_key_stride_log=0,i_key_replication_log=0,i_reserve_keys_for_misses=0,i_local_updates=0,i_num_updates_log=0,i_num_probe_keys_log=27,i_miss_percentage=0,i_out_of_range_percentage=0,i_range_query_hit_count_log=2,i_exponent_bias=0,i_force_single_anyhit=1,i_perpendicular_rays=1,i_start_ray_at_zero=0,i_compaction=1,i_large_keys=0,i_closest_hit=0,i_skip_probing=0,i_num_rays_per_thread_log=0,i_decomposition_bits=16,i_debug=0,uncompacted_size=1902656640,final_size=945278592,update_temp_buffer_size=0,convert_time_ms=5.4205121994018554688,build_time_ms=3752.0732421875,convert_build_time_ms=3757.4937543869018555,convert_build_compact_time_ms=3760.8022983074188232,compact_time_ms=3.3085439205169677734,update_time_ms=0,convert_and_update_time_ms=0,sort_time_ms=0,total_probe_time_ms=339.82947998046876137
i_primitive=triangle,i_key_mode=3d,i_build_mode=b_sfl,i_probe_mode=p_sfl,i_num_build_keys_log=25,i_key_offset=0,i_key_stride_log=0,i_key_replication_log=0,i_reserve_keys_for_misses=0,i_local_updates=0,i_num_updates_log=0,i_num_probe_keys_log=27,i_miss_percentage=0,i_out_of_range_percentage=0,i_range_query_hit_count_log=2,i_exponent_bias=0,i_force_single_anyhit=1,i_perpendicular_rays=1,i_start_ray_at_zero=0,i_compaction=1,i_large_keys=0,i_closest_hit=0,i_skip_probing=0,i_num_rays_per_thread_log=0,i_decomposition_bits=14,i_debug=0,uncompacted_size=1902656640,final_size=945187456,update_temp_buffer_size=0,convert_time_ms=5.3704638481140136719,build_time_ms=3742.57763671875,convert_build_time_ms=3747.9481005668640137,convert_build_compact_time_ms=3751.2259244918823242,compact_time_ms=3.2778239250183105469,update_time_ms=0,convert_and_update_time_ms=0,sort_time_ms=0,total_probe_time_ms=339.7333526611328125
i_primitive=triangle,i_key_mode=3d,i_build_mode=b_sfl,i_probe_mode=p_sfl,i_num_build_keys_log=25,i_key_offset=0,i_key_stride_log=0,i_key_replication_log=0,i_reserve_keys_for_misses=0,i_local_updates=0,i_num_updates_log=0,i_num_probe_keys_log=27,i_miss_percentage=0,i_out_of_range_percentage=0,i_range_query_hit_count_log=2,i_exponent_bias=0,i_force_single_anyhit=1,i_perpendicular_rays=1,i_start_ray_at_zero=0,i_compaction=1,i_large_keys=0,i_closest_hit=0,i_skip_probing=0,i_num_rays_per_thread_log=0,i_decomposition_bits=12,i_debug=0,uncompacted_size=1902656640,final_size=937131392,update_temp_buffer_size=0,convert_time_ms=5.3724160194396972656,build_time_ms=3751.384033203125,convert_build_time_ms=3756.7564492225646973,convert_build_compact_time_ms=3760.0045771598815918,compact_time_ms=3.2481279373168945312,update_time_ms=0,convert_and_update_time_ms=0,sort_time_ms=0,total_probe_time_ms=338.13428649902346024
i_primitive=triangle,i_key_mode=3d,i_build_mode=b_sfl,i_probe_mode=p_sfl,i_num_build_keys_log=25,i_key_offset=0,i_key_stride_log=0,i_key_replication_log=0,i_reserve_keys_for_misses=0,i_local_updates=0,i_num_updates_log=0,i_num_probe_keys_log=27,i_miss_percentage=0,i_out_of_range_percentage=0,i_range_query_hit_count_log=2,i_exponent_bias=0,i_force_single_anyhit=1,i_perpendicular_rays=1,i_start_ray_at_zero=0,i_compaction=1,i_large_keys=0,i_closest_hit=0,i_skip_probing=0,i_num_rays_per_thread_log=0,i_decomposition_bits=10,i_debug=0,uncompacted_size=1902656640,final_size=993047808,update_temp_buffer_size=0,convert_time_ms=5.3726720809936523438,build_time_ms=3755.124755859375,convert_build_time_ms=3760.4974279403686523,convert_build_compact_time_ms=3763.9275720119476318,compact_time_ms=3.4301440715789794922,update_time_ms=0,convert_and_update_time_ms=0,sort_time_ms=0,total_probe_time_ms=359.48490295410158524
i_primitive=triangle,i_key_mode=3d,i_build_mode=b_sfl,i_probe_mode=p_sfl,i_num_build_keys_log=25,i_key_offset=0,i_key_stride_log=0,i_key_replication_log=0,i_reserve_keys_for_misses=0,i_local_updates=0,i_num_updates_log=0,i_num_probe_keys_log=27,i_miss_percentage=0,i_out_of_range_percentage=0,i_range_query_hit_count_log=4,i_exponent_bias=0,i_force_single_anyhit=1,i_perpendicular_rays=1,i_start_ray_at_zero=0,i_compaction=1,i_large_keys=0,i_closest_hit=0,i_skip_probing=0,i_num_rays_per_thread_log=0,i_decomposition_bits=22,i_debug=0,uncompacted_size=1902656640,final_size=1092144128,update_temp_buffer_size=0,convert_time_ms=5.4180479049682617188,build_time_ms=3754.1796875,convert_build_time_ms=3759.5977354049682617,convert_build_compact_time_ms=3763.4242954254150391,compact_time_ms=3.8265600204467773438,update_time_ms=0,convert_and_update_time_ms=0,sort_time_ms=0,total_probe_time_ms=980.29328613281245453
i_primitive=triangle,i_key_mode=3d,i_build_mode=b_sfl,i_probe_mode=p_sfl,i_num_build_keys_log=25,i_key_offset=0,i_key_stride_log=0,i_key_replication_log=0,i_reserve_keys_for_misses=0,i_local_updates=0,i_num_updates_log=0,i_num_probe_keys_log=27,i_miss_percentage=0,i_out_of_range_percentage=0,i_range_query_hit_count_log=4,i_exponent_bias=0,i_force_single_anyhit=1,i_perpendicular_rays=1,i_start_ray_at_zero=0,i_compaction=1,i_large_keys=0,i_closest_hit=0,i_skip_probing=0,i_num_rays_per_thread_log=0,i_decomposition_bits=20,i_debug=0,uncompacted_size=1902656640,final_size=990901760,update_temp_buffer_size=0,convert_time_ms=5.4142718315124511719,build_time_ms=3780.652099609375,convert_build_time_ms=3786.0663714408874512,convert_build_compact_time_ms=3789.50803542137146,compact_time_ms=3.4416639804840087891,update_time_ms=0,convert_and_update_time_ms=0,sort_time_ms=0,total_probe_time_ms=1052.1715454101563409
i_primitive=triangle,i_key_mode=3d,i_build_mode=b_sfl,i_probe_mode=p_sfl,i_num_build_keys_log=25,i_key_offset=0,i_key_stride_log=0,i_key_replication_log=0,i_reserve_keys_for_misses=0,i_local_updates=0,i_num_updates_log=0,i_num_probe_keys_log=27,i_miss_percentage=0,i_out_of_range_percentage=0,i_range_query_hit_count_log=4,i_exponent_bias=0,i_force_single_anyhit=1,i_perpendicular_rays=1,i_start_ray_at_zero=0,i_compaction=1,i_large_keys=0,i_closest_hit=0,i_skip_probing=0,i_num_rays_per_thread_log=0,i_decomposition_bits=18,i_debug=0,uncompacted_size=1902656640,final_size=949467264,update_temp_buffer_size=0,convert_time_ms=5.4159998893737792969,build_time_ms=3729.17138671875,convert_build_time_ms=3734.5873866081237793,convert_build_compact_time_ms=3737.8826186656951904,compact_time_ms=3.2952320575714111328,update_time_ms=0,convert_and_update_time_ms=0,sort_time_ms=0,total_probe_time_ms=1059.2195312500000455
i_primitive=triangle,i_key_mode=3d,i_build_mode=b_sfl,i_probe_mode=p_sfl,i_num_build_keys_log=25,i_key_offset=0,i_key_stride_log=0,i_key_replication_log=0,i_reserve_keys_for_misses=0,i_local_updates=0,i_num_updates_log=0,i_num_probe_keys_log=27,i_miss_percentage=0,i_out_of_range_percentage=0,i_range_query_hit_count_log=4,i_exponent_bias=0,i_force_single_anyhit=1,i_perpendicular_rays=1,i_start_ray_at_zero=0,i_compaction=1,i_large_keys=0,i_closest_hit=0,i_skip_probing=0,i_num_rays_per_thread_log=0,i_decomposition_bits=16,i_debug=0,uncompacted_size=1902656640,final_size=945278592,update_temp_buffer_size=0,convert_time_ms=5.4129281044006347656,build_time_ms=3757.60498046875,convert_build_time_ms=3763.0179085731506348,convert_build_compact_time_ms=3766.2752525806427002,compact_time_ms=3.2573440074920654297,update_time_ms=0,convert_and_update_time_ms=0,sort_time_ms=0,total_probe_time_ms=1059.2215332031250909
i_primitive=triangle,i_key_mode=3d,i_build_mode=b_sfl,i_probe_mode=p_sfl,i_num_build_keys_log=25,i_key_offset=0,i_key_stride_log=0,i_key_replication_log=0,i_reserve_keys_for_misses=0,i_local_updates=0,i_num_updates_log=0,i_num_probe_keys_log=27,i_miss_percentage=0,i_out_of_range_percentage=0,i_range_query_hit_count_log=4,i_exponent_bias=0,i_force_single_anyhit=1,i_perpendicular_rays=1,i_start_ray_at_zero=0,i_compaction=1,i_large_keys=0,i_closest_hit=0,i_skip_probing=0,i_num_rays_per_thread_log=0,i_decomposition_bits=14,i_debug=0,uncompacted_size=1902656640,final_size=945187328,update_temp_buffer_size=0,convert_time_ms=5.378047943115234375,build_time_ms=3767.651123046875,convert_build_time_ms=3773.0291709899902344,convert_build_compact_time_ms=3776.2965950965881348,compact_time_ms=3.2674241065979003906,update_time_ms=0,convert_and_update_time_ms=0,sort_time_ms=0,total_probe_time_ms=1059.2646728515624091
i_primitive=triangle,i_key_mode=3d,i_build_mode=b_sfl,i_probe_mode=p_sfl,i_num_build_keys_log=25,i_key_offset=0,i_key_stride_log=0,i_key_replication_log=0,i_reserve_keys_for_misses=0,i_local_updates=0,i_num_updates_log=0,i_num_probe_keys_log=27,i_miss_percentage=0,i_out_of_range_percentage=0,i_range_query_hit_count_log=4,i_exponent_bias=0,i_force_single_anyhit=1,i_perpendicular_rays=1,i_start_ray_at_zero=0,i_compaction=1,i_large_keys=0,i_closest_hit=0,i_skip_probing=0,i_num_rays_per_thread_log=0,i_decomposition_bits=12,i_debug=0,uncompacted_size=1902656640,final_size=937132032,update_temp_buffer_size=0,convert_time_ms=5.3688960075378417969,build_time_ms=3735.70458984375,convert_build_time_ms=3741.0734858512878418,convert_build_compact_time_ms=3744.3244938850402832,compact_time_ms=3.2510080337524414062,update_time_ms=0,convert_and_update_time_ms=0,sort_time_ms=0,total_probe_time_ms=1049.34814453125
i_primitive=triangle,i_key_mode=3d,i_build_mode=b_sfl,i_probe_mode=p_sfl,i_num_build_keys_log=25,i_key_offset=0,i_key_stride_log=0,i_key_replication_log=0,i_reserve_keys_for_misses=0,i_local_updates=0,i_num_updates_log=0,i_num_probe_keys_log=27,i_miss_percentage=0,i_out_of_range_percentage=0,i_range_query_hit_count_log=4,i_exponent_bias=0,i_force_single_anyhit=1,i_perpendicular_rays=1,i_start_ray_at_zero=0,i_compaction=1,i_large_keys=0,i_closest_hit=0,i_skip_probing=0,i_num_rays_per_thread_log=0,i_decomposition_bits=10,i_debug=0,uncompacted_size=1902656640,final_size=993047808,update_temp_buffer_size=0,convert_time_ms=5.3755202293395996094,build_time_ms=3759.0322265625,convert_build_time_ms=3764.4077467918395996,convert_build_compact_time_ms=3767.8890907764434814,compact_time_ms=3.4813439846038818359,update_time_ms=0,convert_and_update_time_ms=0,sort_time_ms=0,total_probe_time_ms=1079.26898193359375
i_primitive=triangle,i_key_mode=3d,i_build_mode=b_sfl,i_probe_mode=p_sfl,i_num_build_keys_log=25,i_key_offset=0,i_key_stride_log=0,i_key_replication_log=0,i_reserve_keys_for_misses=0,i_local_updates=0,i_num_updates_log=0,i_num_probe_keys_log=27,i_miss_percentage=0,i_out_of_range_percentage=0,i_range_query_hit_count_log=6,i_exponent_bias=0,i_force_single_anyhit=1,i_perpendicular_rays=1,i_start_ray_at_zero=0,i_compaction=1,i_large_keys=0,i_closest_hit=0,i_skip_probing=0,i_num_rays_per_thread_log=0,i_decomposition_bits=22,i_debug=0,uncompacted_size=1902656640,final_size=1091901312,update_temp_buffer_size=0,convert_time_ms=5.4149441719055175781,build_time_ms=3714.2119140625,convert_build_time_ms=3719.6268582344055176,convert_build_compact_time_ms=3723.4504742622375488,compact_time_ms=3.82361602783203125,update_time_ms=0,convert_and_update_time_ms=0,sort_time_ms=0,total_probe_time_ms=3531.1923339843751819
i_primitive=triangle,i_key_mode=3d,i_build_mode=b_sfl,i_probe_mode=p_sfl,i_num_build_keys_log=25,i_key_offset=0,i_key_stride_log=0,i_key_replication_log=0,i_reserve_keys_for_misses=0,i_local_updates=0,i_num_updates_log=0,i_num_probe_keys_log=27,i_miss_percentage=0,i_out_of_range_percentage=0,i_range_query_hit_count_log=6,i_exponent_bias=0,i_force_single_anyhit=1,i_perpendicular_rays=1,i_start_ray_at_zero=0,i_compaction=1,i_large_keys=0,i_closest_hit=0,i_skip_probing=0,i_num_rays_per_thread_log=0,i_decomposition_bits=20,i_debug=0,uncompacted_size=1902656640,final_size=990901632,update_temp_buffer_size=0,convert_time_ms=5.4161920547485351562,build_time_ms=3731.9228515625,convert_build_time_ms=3737.3390436172485352,convert_build_compact_time_ms=3740.7704675197601318,compact_time_ms=3.4314239025115966797,update_time_ms=0,convert_and_update_time_ms=0,sort_time_ms=0,total_probe_time_ms=3842.134765625
i_primitive=triangle,i_key_mode=3d,i_build_mode=b_sfl,i_probe_mode=p_sfl,i_num_build_keys_log=25,i_key_offset=0,i_key_stride_log=0,i_key_replication_log=0,i_reserve_keys_for_misses=0,i_local_updates=0,i_num_updates_log=0,i_num_probe_keys_log=27,i_miss_percentage=0,i_out_of_range_percentage=0,i_range_query_hit_count_log=6,i_exponent_bias=0,i_force_single_anyhit=1,i_perpendicular_rays=1,i_start_ray_at_zero=0,i_compaction=1,i_large_keys=0,i_closest_hit=0,i_skip_probing=0,i_num_rays_per_thread_log=0,i_decomposition_bits=18,i_debug=0,uncompacted_size=1902656640,final_size=949467776,update_temp_buffer_size=0,convert_time_ms=5.4148478507995605469,build_time_ms=3747.252197265625,convert_build_time_ms=3752.6670451164245605,convert_build_compact_time_ms=3755.9315571784973145,compact_time_ms=3.2645120620727539062,update_time_ms=0,convert_and_update_time_ms=0,sort_time_ms=0,total_probe_time_ms=3884.4602294921874091
i_primitive=triangle,i_key_mode=3d,i_build_mode=b_sfl,i_probe_mode=p_sfl,i_num_build_keys_log=25,i_key_offset=0,i_key_stride_log=0,i_key_replication_log=0,i_reserve_keys_for_misses=0,i_local_updates=0,i_num_updates_log=0,i_num_probe_keys_log=27,i_miss_percentage=0,i_out_of_range_percentage=0,i_range_query_hit_count_log=6,i_exponent_bias=0,i_force_single_anyhit=1,i_perpendicular_rays=1,i_start_ray_at_zero=0,i_compaction=1,i_large_keys=0,i_closest_hit=0,i_skip_probing=0,i_num_rays_per_thread_log=0,i_decomposition_bits=16,i_debug=0,uncompacted_size=1902656640,final_size=945279232,update_temp_buffer_size=0,convert_time_ms=5.4137282371520996094,build_time_ms=3778.48193359375,convert_build_time_ms=3783.8956618309020996,convert_build_compact_time_ms=3787.1796298027038574,compact_time_ms=3.2839679718017578125,update_time_ms=0,convert_and_update_time_ms=0,sort_time_ms=0,total_probe_time_ms=3883.9375488281248181
i_primitive=triangle,i_key_mode=3d,i_build_mode=b_sfl,i_probe_mode=p_sfl,i_num_build_keys_log=25,i_key_offset=0,i_key_stride_log=0,i_key_replication_log=0,i_reserve_keys_for_misses=0,i_local_updates=0,i_num_updates_log=0,i_num_probe_keys_log=27,i_miss_percentage=0,i_out_of_range_percentage=0,i_range_query_hit_count_log=6,i_exponent_bias=0,i_force_single_anyhit=1,i_perpendicular_rays=1,i_start_ray_at_zero=0,i_compaction=1,i_large_keys=0,i_closest_hit=0,i_skip_probing=0,i_num_rays_per_thread_log=0,i_decomposition_bits=14,i_debug=0,uncompacted_size=1902656640,final_size=945187456,update_temp_buffer_size=0,convert_time_ms=5.3692798614501953125,build_time_ms=3712.77294921875,convert_build_time_ms=3718.1422290802001953,convert_build_compact_time_ms=3721.4035091400146484,compact_time_ms=3.261280059814453125,update_time_ms=0,convert_and_update_time_ms=0,sort_time_ms=0,total_probe_time_ms=3876.6549072265625
i_primitive=triangle,i_key_mode=3d,i_build_mode=b_sfl,i_probe_mode=p_sfl,i_num_build_keys_log=25,i_key_offset=0,i_key_stride_log=0,i_key_replication_log=0,i_reserve_keys_for_misses=0,i_local_updates=0,i_num_updates_log=0,i_num_probe_keys_log=27,i_miss_percentage=0,i_out_of_range_percentage=0,i_range_query_hit_count_log=6,i_exponent_bias=0,i_force_single_anyhit=1,i_perpendicular_rays=1,i_start_ray_at_zero=0,i_compaction=1,i_large_keys=0,i_closest_hit=0,i_skip_probing=0,i_num_rays_per_thread_log=0,i_decomposition_bits=12,i_debug=0,uncompacted_size=1902656640,final_size=937132032,update_temp_buffer_size=0,convert_time_ms=5.3706240653991699219,build_time_ms=3777.640380859375,convert_build_time_ms=3783.0110049247741699,convert_build_compact_time_ms=3786.2775650024414062,compact_time_ms=3.2665600776672363281,update_time_ms=0,convert_and_update_time_ms=0,sort_time_ms=0,total_probe_time_ms=3834.5569580078126819
i_primitive=triangle,i_key_mode=3d,i_build_mode=b_sfl,i_probe_mode=p_sfl,i_num_build_keys_log=25,i_key_offset=0,i_key_stride_log=0,i_key_replication_log=0,i_reserve_keys_for_misses=0,i_local_updates=0,i_num_updates_log=0,i_num_probe_keys_log=27,i_miss_percentage=0,i_out_of_range_percentage=0,i_range_query_hit_count_log=6,i_exponent_bias=0,i_force_single_anyhit=1,i_perpendicular_rays=1,i_start_ray_at_zero=0,i_compaction=1,i_large_keys=0,i_closest_hit=0,i_skip_probing=0,i_num_rays_per_thread_log=0,i_decomposition_bits=10,i_debug=0,uncompacted_size=1902656640,final_size=993047808,update_temp_buffer_size=0,convert_time_ms=5.3840641975402832031,build_time_ms=3752.227783203125,convert_build_time_ms=3757.6118474006652832,convert_build_compact_time_ms=3761.0657994747161865,compact_time_ms=3.4539520740509033203,update_time_ms=0,convert_and_update_time_ms=0,sort_time_ms=0,total_probe_time_ms=3923.77099609375
i_primitive=triangle,i_key_mode=3d,i_build_mode=b_sfl,i_probe_mode=p_sfl,i_num_build_keys_log=26,i_key_offset=0,i_key_stride_log=0,i_key_replication_log=0,i_reserve_keys_for_misses=0,i_local_updates=0,i_num_updates_log=0,i_num_probe_keys_log=27,i_miss_percentage=0,i_out_of_range_percentage=0,i_range_query_hit_count_log=0,i_exponent_bias=0,i_force_single_anyhit=1,i_perpendicular_rays=1,i_start_ray_at_zero=0,i_compaction=1,i_large_keys=0,i_closest_hit=0,i_skip_probing=0,i_num_rays_per_thread_log=0,i_decomposition_bits=22,i_debug=0,uncompacted_size=3805310464,final_size=2126101248,update_temp_buffer_size=0,convert_time_ms=10.709280014038085938,build_time_ms=164.1472015380859375,convert_build_time_ms=174.85648155212402344,convert_build_compact_time_ms=182.27126550674438477,compact_time_ms=7.4147839546203613281,update_time_ms=0,convert_and_update_time_ms=0,sort_time_ms=0,total_probe_time_ms=105.44399642944335938
i_primitive=triangle,i_key_mode=3d,i_build_mode=b_sfl,i_probe_mode=p_sfl,i_num_build_keys_log=26,i_key_offset=0,i_key_stride_log=0,i_key_replication_log=0,i_reserve_keys_for_misses=0,i_local_updates=0,i_num_updates_log=0,i_num_probe_keys_log=27,i_miss_percentage=0,i_out_of_range_percentage=0,i_range_query_hit_count_log=0,i_exponent_bias=0,i_force_single_anyhit=1,i_perpendicular_rays=1,i_start_ray_at_zero=0,i_compaction=1,i_large_keys=0,i_closest_hit=0,i_skip_probing=0,i_num_rays_per_thread_log=0,i_decomposition_bits=20,i_debug=0,uncompacted_size=3805310464,final_size=1928277760,update_temp_buffer_size=0,convert_time_ms=10.713408470153808594,build_time_ms=161.1313323974609375,convert_build_time_ms=171.84474086761474609,convert_build_compact_time_ms=178.57536506652832031,compact_time_ms=6.7306241989135742188,update_time_ms=0,convert_and_update_time_ms=0,sort_time_ms=0,total_probe_time_ms=105.6050872802734375
i_primitive=triangle,i_key_mode=3d,i_build_mode=b_sfl,i_probe_mode=p_sfl,i_num_build_keys_log=26,i_key_offset=0,i_key_stride_log=0,i_key_replication_log=0,i_reserve_keys_for_misses=0,i_local_updates=0,i_num_updates_log=0,i_num_probe_keys_log=27,i_miss_percentage=0,i_out_of_range_percentage=0,i_range_query_hit_count_log=0,i_exponent_bias=0,i_force_single_anyhit=1,i_perpendicular_rays=1,i_start_ray_at_zero=0,i_compaction=1,i_large_keys=0,i_closest_hit=0,i_skip_probing=0,i_num_rays_per_thread_log=0,i_decomposition_bits=18,i_debug=0,uncompacted_size=3805310464,final_size=1879268352,update_temp_buffer_size=0,convert_time_ms=10.715392112731933594,build_time_ms=158.982147216796875,convert_build_time_ms=169.69753932952880859,convert_build_compact_time_ms=176.26035547256469727,compact_time_ms=6.5628161430358886719,update_time_ms=0,convert_and_update_time_ms=0,sort_time_ms=0,total_probe_time_ms=105.88889312744140625
i_primitive=triangle,i_key_mode=3d,i_build_mode=b_sfl,i_probe_mode=p_sfl,i_num_build_keys_log=26,i_key_offset=0,i_key_stride_log=0,i_key_replication_log=0,i_reserve_keys_for_misses=0,i_local_updates=0,i_num_updates_log=0,i_num_probe_keys_log=27,i_miss_percentage=0,i_out_of_range_percentage=0,i_range_query_hit_count_log=0,i_exponent_bias=0,i_force_single_anyhit=1,i_perpendicular_rays=1,i_start_ray_at_zero=0,i_compaction=1,i_large_keys=0,i_closest_hit=0,i_skip_probing=0,i_num_rays_per_thread_log=0,i_decomposition_bits=16,i_debug=0,uncompacted_size=3805310464,final_size=1875130880,update_temp_buffer_size=0,convert_time_ms=10.710080146789550781,build_time_ms=158.7005462646484375,convert_build_time_ms=169.41062641143798828,convert_build_compact_time_ms=175.9189143180847168,compact_time_ms=6.5082879066467285156,update_time_ms=0,convert_and_update_time_ms=0,sort_time_ms=0,total_probe_time_ms=106.02005615234375568
i_primitive=triangle,i_key_mode=3d,i_build_mode=b_sfl,i_probe_mode=p_sfl,i_num_build_keys_log=26,i_key_offset=0,i_key_stride_log=0,i_key_replication_log=0,i_reserve_keys_for_misses=0,i_local_updates=0,i_num_updates_log=0,i_num_probe_keys_log=27,i_miss_percentage=0,i_out_of_range_percentage=0,i_range_query_hit_count_log=0,i_exponent_bias=0,i_force_single_anyhit=1,i_perpendicular_rays=1,i_start_ray_at_zero=0,i_compaction=1,i_large_keys=0,i_closest_hit=0,i_skip_probing=0,i_num_rays_per_thread_log=0,i_decomposition_bits=14,i_debug=0,uncompacted_size=3805310464,final_size=1874860160,update_temp_buffer_size=0,convert_time_ms=10.620320320129394531,build_time_ms=160.397308349609375,convert_build_time_ms=171.01762866973876953,convert_build_compact_time_ms=177.52514886856079102,compact_time_ms=6.5075201988220214844,update_time_ms=0,convert_and_update_time_ms=0,sort_time_ms=0,total_probe_time_ms=105.84219741821289062
i_primitive=triangle,i_key_mode=3d,i_build_mode=b_sfl,i_probe_mode=p_sfl,i_num_build_keys_log=26,i_key_offset=0,i_key_stride_log=0,i_key_replication_log=0,i_reserve_keys_for_misses=0,i_local_updates=0,i_num_updates_log=0,i_num_probe_keys_log=27,i_miss_percentage=0,i_out_of_range_percentage=0,i_range_query_hit_count_log=0,i_exponent_bias=0,i_force_single_anyhit=1,i_perpendicular_rays=1,i_start_ray_at_zero=0,i_compaction=1,i_large_keys=0,i_closest_hit=0,i_skip_probing=0,i_num_rays_per_thread_log=0,i_decomposition_bits=12,i_debug=0,uncompacted_size=3805310464,final_size=2009171584,update_temp_buffer_size=0,convert_time_ms=10.622495651245117188,build_time_ms=169.676605224609375,convert_build_time_ms=180.29910087585449219,convert_build_compact_time_ms=187.27356481552124023,compact_time_ms=6.9744639396667480469,update_time_ms=0,convert_and_update_time_ms=0,sort_time_ms=0,total_probe_time_ms=153.5503082275390625
i_primitive=triangle,i_key_mode=3d,i_build_mode=b_sfl,i_probe_mode=p_sfl,i_num_build_keys_log=26,i_key_offset=0,i_key_stride_log=0,i_key_replication_log=0,i_reserve_keys_for_misses=0,i_local_updates=0,i_num_updates_log=0,i_num_probe_keys_log=27,i_miss_percentage=0,i_out_of_range_percentage=0,i_range_query_hit_count_log=0,i_exponent_bias=0,i_force_single_anyhit=1,i_perpendicular_rays=1,i_start_ray_at_zero=0,i_compaction=1,i_large_keys=0,i_closest_hit=0,i_skip_probing=0,i_num_rays_per_thread_log=0,i_decomposition_bits=10,i_debug=0,uncompacted_size=3805310464,final_size=1989056640,update_temp_buffer_size=0,convert_time_ms=10.620320320129394531,build_time_ms=167.79571533203125,convert_build_time_ms=178.41603565216064453,convert_build_compact_time_ms=185.38435554504394531,compact_time_ms=6.9683198928833007812,update_time_ms=0,convert_and_update_time_ms=0,sort_time_ms=0,total_probe_time_ms=154.2415008544921875
i_primitive=triangle,i_key_mode=3d,i_build_mode=b_sfl,i_probe_mode=p_sfl,i_num_build_keys_log=26,i_key_offset=0,i_key_stride_log=0,i_key_replication_log=0,i_reserve_keys_for_misses=0,i_local_updates=0,i_num_updates_log=0,i_num_probe_keys_log=27,i_miss_percentage=0,i_out_of_range_percentage=0,i_range_query_hit_count_log=2,i_exponent_bias=0,i_force_single_anyhit=1,i_perpendicular_rays=1,i_start_ray_at_zero=0,i_compaction=1,i_large_keys=0,i_closest_hit=0,i_skip_probing=0,i_num_rays_per_thread_log=0,i_decomposition_bits=22,i_debug=0,uncompacted_size=3805310464,final_size=2122896384,update_temp_buffer_size=0,convert_time_ms=10.762592315673828125,build_time_ms=7668.77197265625,convert_build_time_ms=7679.5345649719238281,convert_build_compact_time_ms=7686.9329648017883301,compact_time_ms=7.3983998298645019531,update_time_ms=0,convert_and_update_time_ms=0,sort_time_ms=0,total_probe_time_ms=327.54859008789060226
i_primitive=triangle,i_key_mode=3d,i_build_mode=b_sfl,i_probe_mode=p_sfl,i_num_build_keys_log=26,i_key_offset=0,i_key_stride_log=0,i_key_replication_log=0,i_reserve_keys_for_misses=0,i_local_updates=0,i_num_updates_log=0,i_num_probe_keys_log=27,i_miss_percentage=0,i_out_of_range_percentage=0,i_range_query_hit_count_log=2,i_exponent_bias=0,i_force_single_anyhit=1,i_perpendicular_rays=1,i_start_ray_at_zero=0,i_compaction=1,i_large_keys=0,i_closest_hit=0,i_skip_probing=0,i_num_rays_per_thread_log=0,i_decomposition_bits=20,i_debug=0,uncompacted_size=3805310464,final_size=1942785280,update_temp_buffer_size=0,convert_time_ms=10.772864341735839844,build_time_ms=7719.29296875,convert_build_time_ms=7730.0658330917358398,convert_build_compact_time_ms=7736.813992977142334,compact_time_ms=6.7481598854064941406,update_time_ms=0,convert_and_update_time_ms=0,sort_time_ms=0,total_probe_time_ms=350.20112304687501137
i_primitive=triangle,i_key_mode=3d,i_build_mode=b_sfl,i_probe_mode=p_sfl,i_num_build_keys_log=26,i_key_offset=0,i_key_stride_log=0,i_key_replication_log=0,i_reserve_keys_for_misses=0,i_local_updates=0,i_num_updates_log=0,i_num_probe_keys_log=27,i_miss_percentage=0,i_out_of_range_percentage=0,i_range_query_hit_count_log=2,i_exponent_bias=0,i_force_single_anyhit=1,i_perpendicular_rays=1,i_start_ray_at_zero=0,i_compaction=1,i_large_keys=0,i_closest_hit=0,i_skip_probing=0,i_num_rays_per_thread_log=0,i_decomposition_bits=18,i_debug=0,uncompacted_size=3805310464,final_size=1876750592,update_temp_buffer_size=0,convert_time_ms=10.788640022277832031,build_time_ms=7658.7275390625,convert_build_time_ms=7669.516179084777832,convert_build_compact_time_ms=7676.0152511596679688,compact_time_ms=6.4990720748901367188,update_time_ms=0,convert_and_update_time_ms=0,sort_time_ms=0,total_probe_time_ms=349.15283508300780113
i_primitive=triangle,i_key_mode=3d,i_build_mode=b_sfl,i_probe_mode=p_sfl,i_num_build_keys_log=26,i_key_offset=0,i_key_stride_log=0,i_key_replication_log=0,i_reserve_keys_for_misses=0,i_local_updates=0,i_num_updates_log=0,i_num_probe_keys_log=27,i_miss_percentage=0,i_out_of_range_percentage=0,i_range_query_hit_count_log=2,i_exponent_bias=0,i_force_single_anyhit=1,i_perpendicular_rays=1,i_start_ray_at_zero=0,i_compaction=1,i_large_keys=0,i_closest_hit=0,i_skip_probing=0,i_num_rays_per_thread_log=0,i_decomposition_bits=16,i_debug=0,uncompacted_size=3805310464,final_size=1871963520,update_temp_buffer_size=0,convert_time_ms=10.782079696655273438,build_time_ms=156.221435546875,convert_build_time_ms=167.00351524353027344,convert_build_compact_time_ms=173.47314739227294922,compact_time_ms=6.4696321487426757812,update_time_ms=0,convert_and_update_time_ms=0,sort_time_ms=0,total_probe_time_ms=349.02193908691407387
i_primitive=triangle,i_key_mode=3d,i_build_mode=b_sfl,i_probe_mode=p_sfl,i_num_build_keys_log=26,i_key_offset=0,i_key_stride_log=0,i_key_replication_log=0,i_reserve_keys_for_misses=0,i_local_updates=0,i_num_updates_log=0,i_num_probe_keys_log=27,i_miss_percentage=0,i_out_of_range_percentage=0,i_range_query_hit_count_log=2,i_exponent_bias=0,i_force_single_anyhit=1,i_perpendicular_rays=1,i_start_ray_at_zero=0,i_compaction=1,i_large_keys=0,i_closest_hit=0,i_skip_probing=0,i_num_rays_per_thread_log=0,i_decomposition_bits=14,i_debug=0,uncompacted_size=3805310464,final_size=1871869824,update_temp_buffer_size=0,convert_time_ms=10.685728073120117188,build_time_ms=157.11846923828125,convert_build_time_ms=167.80419731140136719,convert_build_compact_time_ms=174.27485322952270508,compact_time_ms=6.4706559181213378906,update_time_ms=0,convert_and_update_time_ms=0,sort_time_ms=0,total_probe_time_ms=348.87773437499998863
i_primitive=triangle,i_key_mode=3d,i_build_mode=b_sfl,i_probe_mode=p_sfl,i_num_build_keys_log=26,i_key_offset=0,i_key_stride_log=0,i_key_replication_log=0,i_reserve_keys_for_misses=0,i_local_updates=0,i_num_updates_log=0,i_num_probe_keys_log=27,i_miss_percentage=0,i_out_of_range_percentage=0,i_range_query_hit_count_log=2,i_exponent_bias=0,i_force_single_anyhit=1,i_perpendicular_rays=1,i_start_ray_at_zero=0,i_compaction=1,i_large_keys=0,i_closest_hit=0,i_skip_probing=0,i_num_rays_per_thread_log=0,i_decomposition_bits=12,i_debug=0,uncompacted_size=3805310464,final_size=2001245952,update_temp_buffer_size=0,convert_time_ms=10.719712257385253906,build_time_ms=169.6111297607421875,convert_build_time_ms=180.33084201812744141,convert_build_compact_time_ms=187.25093793869018555,compact_time_ms=6.9200959205627441406,update_time_ms=0,convert_and_update_time_ms=0,sort_time_ms=0,total_probe_time_ms=356.46790161132810226
i_primitive=triangle,i_key_mode=3d,i_build_mode=b_sfl,i_probe_mode=p_sfl,i_num_build_keys_log=26,i_key_offset=0,i_key_stride_log=0,i_key_replication_log=0,i_reserve_keys_for_misses=0,i_local_updates=0,i_num_updates_log=0,i_num_probe_keys_log=27,i_miss_percentage=0,i_out_of_range_percentage=0,i_range_query_hit_count_log=2,i_exponent_bias=0,i_force_single_anyhit=1,i_perpendicular_rays=1,i_start_ray_at_zero=0,i_compaction=1,i_large_keys=0,i_closest_hit=0,i_skip_probing=0,i_num_rays_per_thread_log=0,i_decomposition_bits=10,i_debug=0,uncompacted_size=3805310464,final_size=1986049280,update_temp_buffer_size=0,convert_time_ms=10.696895599365234375,build_time_ms=7733.59912109375,convert_build_time_ms=7744.2960166931152344,convert_build_compact_time_ms=7751.2069926261901855,compact_time_ms=6.9109759330749511719,update_time_ms=0,convert_and_update_time_ms=0,sort_time_ms=0,total_probe_time_ms=371.78618164062498863
i_primitive=triangle,i_key_mode=3d,i_build_mode=b_sfl,i_probe_mode=p_sfl,i_num_build_keys_log=26,i_key_offset=0,i_key_stride_log=0,i_key_replication_log=0,i_reserve_keys_for_misses=0,i_local_updates=0,i_num_updates_log=0,i_num_probe_keys_log=27,i_miss_percentage=0,i_out_of_range_percentage=0,i_range_query_hit_count_log=4,i_exponent_bias=0,i_force_single_anyhit=1,i_perpendicular_rays=1,i_start_ray_at_zero=0,i_compaction=1,i_large_keys=0,i_closest_hit=0,i_skip_probing=0,i_num_rays_per_thread_log=0,i_decomposition_bits=22,i_debug=0,uncompacted_size=3805310464,final_size=2122874240,update_temp_buffer_size=0,convert_time_ms=10.761216163635253906,build_time_ms=162.3480377197265625,convert_build_time_ms=173.10925388336181641,convert_build_compact_time_ms=180.54240608215332031,compact_time_ms=7.4331521987915039062,update_time_ms=0,convert_and_update_time_ms=0,sort_time_ms=0,total_probe_time_ms=1001.3888305664062273
i_primitive=triangle,i_key_mode=3d,i_build_mode=b_sfl,i_probe_mode=p_sfl,i_num_build_keys_log=26,i_key_offset=0,i_key_stride_log=0,i_key_replication_log=0,i_reserve_keys_for_misses=0,i_local_updates=0,i_num_updates_log=0,i_num_probe_keys_log=27,i_miss_percentage=0,i_out_of_range_percentage=0,i_range_query_hit_count_log=4,i_exponent_bias=0,i_force_single_anyhit=1,i_perpendicular_rays=1,i_start_ray_at_zero=0,i_compaction=1,i_large_keys=0,i_closest_hit=0,i_skip_probing=0,i_num_rays_per_thread_log=0,i_decomposition_bits=20,i_debug=0,uncompacted_size=3805310464,final_size=1942786944,update_temp_buffer_size=0,convert_time_ms=10.778880119323730469,build_time_ms=7673.2783203125,convert_build_time_ms=7684.0572004318237305,convert_build_compact_time_ms=7690.762352466583252,compact_time_ms=6.7051520347595214844,update_time_ms=0,convert_and_update_time_ms=0,sort_time_ms=0,total_probe_time_ms=1076.1890014648438409
i_primitive=triangle,i_key_mode=3d,i_build_mode=b_sfl,i_probe_mode=p_sfl,i_num_build_keys_log=26,i_key_offset=0,i_key_stride_log=0,i_key_replication_log=0,i_reserve_keys_for_misses=0,i_local_updates=0,i_num_updates_log=0,i_num_probe_keys_log=27,i_miss_percentage=0,i_out_of_range_percentage=0,i_range_query_hit_count_log=4,i_exponent_bias=0,i_force_single_anyhit=1,i_perpendicular_rays=1,i_start_ray_at_zero=0,i_compaction=1,i_large_keys=0,i_closest_hit=0,i_skip_probing=0,i_num_rays_per_thread_log=0,i_decomposition_bits=18,i_debug=0,uncompacted_size=3805310464,final_size=1876751104,update_temp_buffer_size=0,convert_time_ms=10.756735801696777344,build_time_ms=158.2295074462890625,convert_build_time_ms=168.98624324798583984,convert_build_compact_time_ms=175.48249912261962891,compact_time_ms=6.4962558746337890625,update_time_ms=0,convert_and_update_time_ms=0,sort_time_ms=0,total_probe_time_ms=1075.8873413085937045
i_primitive=triangle,i_key_mode=3d,i_build_mode=b_sfl,i_probe_mode=p_sfl,i_num_build_keys_log=26,i_key_offset=0,i_key_stride_log=0,i_key_replication_log=0,i_reserve_keys_for_misses=0,i_local_updates=0,i_num_updates_log=0,i_num_probe_keys_log=27,i_miss_percentage=0,i_out_of_range_percentage=0,i_range_query_hit_count_log=4,i_exponent_bias=0,i_force_single_anyhit=1,i_perpendicular_rays=1,i_start_ray_at_zero=0,i_compaction=1,i_large_keys=0,i_closest_hit=0,i_skip_probing=0,i_num_rays_per_thread_log=0,i_decomposition_bits=16,i_debug=0,uncompacted_size=3805310464,final_size=1871963392,update_temp_buffer_size=0,convert_time_ms=10.757504463195800781,build_time_ms=157.6611785888671875,convert_build_time_ms=168.41868305206298828,convert_build_compact_time_ms=174.87903499603271484,compact_time_ms=6.4603519439697265625,update_time_ms=0,convert_and_update_time_ms=0,sort_time_ms=0,total_probe_time_ms=1075.6316162109374091
i_primitive=triangle,i_key_mode=3d,i_build_mode=b_sfl,i_probe_mode=p_sfl,i_num_build_keys_log=26,i_key_offset=0,i_key_stride_log=0,i_key_replication_log=0,i_reserve_keys_for_misses=0,i_local_updates=0,i_num_updates_log=0,i_num_probe_keys_log=27,i_miss_percentage=0,i_out_of_range_percentage=0,i_range_query_hit_count_log=4,i_exponent_bias=0,i_force_single_anyhit=1,i_perpendicular_rays=1,i_start_ray_at_zero=0,i_compaction=1,i_large_keys=0,i_closest_hit=0,i_skip_probing=0,i_num_rays_per_thread_log=0,i_decomposition_bits=14,i_debug=0,uncompacted_size=3805310464,final_size=1871869824,update_temp_buffer_size=0,convert_time_ms=10.6795196533203125,build_time_ms=7661.98876953125,convert_build_time_ms=7672.6682891845703125,convert_build_compact_time_ms=7679.1553292274475098,compact_time_ms=6.4870400428771972656,update_time_ms=0,convert_and_update_time_ms=0,sort_time_ms=0,total_probe_time_ms=1074.8501342773438409
i_primitive=triangle,i_key_mode=3d,i_build_mode=b_sfl,i_probe_mode=p_sfl,i_num_build_keys_log=26,i_key_offset=0,i_key_stride_log=0,i_key_replication_log=0,i_reserve_keys_for_misses=0,i_local_updates=0,i_num_updates_log=0,i_num_probe_keys_log=27,i_miss_percentage=0,i_out_of_range_percentage=0,i_range_query_hit_count_log=4,i_exponent_bias=0,i_force_single_anyhit=1,i_perpendicular_rays=1,i_start_ray_at_zero=0,i_compaction=1,i_large_keys=0,i_closest_hit=0,i_skip_probing=0,i_num_rays_per_thread_log=0,i_decomposition_bits=12,i_debug=0,uncompacted_size=3805310464,final_size=2001245952,update_temp_buffer_size=0,convert_time_ms=10.671808242797851562,build_time_ms=168.565765380859375,convert_build_time_ms=179.23757362365722656,convert_build_compact_time_ms=186.18128585815429688,compact_time_ms=6.9437122344970703125,update_time_ms=0,convert_and_update_time_ms=0,sort_time_ms=0,total_probe_time_ms=1099.6911376953125909
i_primitive=triangle,i_key_mode=3d,i_build_mode=b_sfl,i_probe_mode=p_sfl,i_num_build_keys_log=26,i_key_offset=0,i_key_stride_log=0,i_key_replication_log=0,i_reserve_keys_for_misses=0,i_local_updates=0,i_num_updates_log=0,i_num_probe_keys_log=27,i_miss_percentage=0,i_out_of_range_percentage=0,i_range_query_hit_count_log=4,i_exponent_bias=0,i_force_single_anyhit=1,i_perpendicular_rays=1,i_start_ray_at_zero=0,i_compaction=1,i_large_keys=0,i_closest_hit=0,i_skip_probing=0,i_num_rays_per_thread_log=0,i_decomposition_bits=10,i_debug=0,uncompacted_size=3805310464,final_size=1986049280,update_temp_buffer_size=0,convert_time_ms=10.669983863830566406,build_time_ms=167.822174072265625,convert_build_time_ms=178.49215793609619141,convert_build_compact_time_ms=185.40313386917114258,compact_time_ms=6.9109759330749511719,update_time_ms=0,convert_and_update_time_ms=0,sort_time_ms=0,total_probe_time_ms=1113.6486938476562045
i_primitive=triangle,i_key_mode=3d,i_build_mode=b_sfl,i_probe_mode=p_sfl,i_num_build_keys_log=26,i_key_offset=0,i_key_stride_log=0,i_key_replication_log=0,i_reserve_keys_for_misses=0,i_local_updates=0,i_num_updates_log=0,i_num_probe_keys_log=27,i_miss_percentage=0,i_out_of_range_percentage=0,i_range_query_hit_count_log=6,i_exponent_bias=0,i_force_single_anyhit=1,i_perpendicular_rays=1,i_start_ray_at_zero=0,i_compaction=1,i_large_keys=0,i_closest_hit=0,i_skip_probing=0,i_num_rays_per_thread_log=0,i_decomposition_bits=22,i_debug=0,uncompacted_size=3805310464,final_size=2122856832,update_temp_buffer_size=0,convert_time_ms=10.760448455810546875,build_time_ms=162.0917816162109375,convert_build_time_ms=172.85223007202148438,convert_build_compact_time_ms=180.26061391830444336,compact_time_ms=7.4083838462829589844,update_time_ms=0,convert_and_update_time_ms=0,sort_time_ms=0,total_probe_time_ms=3589.1279541015624091
i_primitive=triangle,i_key_mode=3d,i_build_mode=b_sfl,i_probe_mode=p_sfl,i_num_build_keys_log=26,i_key_offset=0,i_key_stride_log=0,i_key_replication_log=0,i_reserve_keys_for_misses=0,i_local_updates=0,i_num_updates_log=0,i_num_probe_keys_log=27,i_miss_percentage=0,i_out_of_range_percentage=0,i_range_query_hit_count_log=6,i_exponent_bias=0,i_force_single_anyhit=1,i_perpendicular_rays=1,i_start_ray_at_zero=0,i_compaction=1,i_large_keys=0,i_closest_hit=0,i_skip_probing=0,i_num_rays_per_thread_log=0,i_decomposition_bits=20,i_debug=0,uncompacted_size=3805310464,final_size=1942786688,update_temp_buffer_size=0,convert_time_ms=10.760288238525390625,build_time_ms=158.0728302001953125,convert_build_time_ms=168.83311843872070312,convert_build_compact_time_ms=175.56284666061401367,compact_time_ms=6.7297282218933105469,update_time_ms=0,convert_and_update_time_ms=0,sort_time_ms=0,total_probe_time_ms=3914.8171142578125909
i_primitive=triangle,i_key_mode=3d,i_build_mode=b_sfl,i_probe_mode=p_sfl,i_num_build_keys_log=26,i_key_offset=0,i_key_stride_log=0,i_key_replication_log=0,i_reserve_keys_for_misses=0,i_local_updates=0,i_num_updates_log=0,i_num_probe_keys_log=27,i_miss_percentage=0,i_out_of_range_percentage=0,i_range_query_hit_count_log=6,i_exponent_bias=0,i_force_single_anyhit=1,i_perpendicular_rays=1,i_start_ray_at_zero=0,i_compaction=1,i_large_keys=0,i_closest_hit=0,i_skip_probing=0,i_num_rays_per_thread_log=0,i_decomposition_bits=18,i_debug=0,uncompacted_size=3805310464,final_size=1876751232,update_temp_buffer_size=0,convert_time_ms=10.764448165893554688,build_time_ms=157.3396453857421875,convert_build_time_ms=168.10409355163574219,convert_build_compact_time_ms=174.58591747283935547,compact_time_ms=6.4818239212036132812,update_time_ms=0,convert_and_update_time_ms=0,sort_time_ms=0,total_probe_time_ms=3924.0892578124999091
i_primitive=triangle,i_key_mode=3d,i_build_mode=b_sfl,i_probe_mode=p_sfl,i_num_build_keys_log=26,i_key_offset=0,i_key_stride_log=0,i_key_replication_log=0,i_reserve_keys_for_misses=0,i_local_updates=0,i_num_updates_log=0,i_num_probe_keys_log=27,i_miss_percentage=0,i_out_of_range_percentage=0,i_range_query_hit_count_log=6,i_exponent_bias=0,i_force_single_anyhit=1,i_perpendicular_rays=1,i_start_ray_at_zero=0,i_compaction=1,i_large_keys=0,i_closest_hit=0,i_skip_probing=0,i_num_rays_per_thread_log=0,i_decomposition_bits=16,i_debug=0,uncompacted_size=3805310464,final_size=1871963520,update_temp_buffer_size=0,convert_time_ms=10.780991554260253906,build_time_ms=7636.50830078125,convert_build_time_ms=7647.2892923355102539,convert_build_compact_time_ms=7653.7619962692260742,compact_time_ms=6.4727039337158203125,update_time_ms=0,convert_and_update_time_ms=0,sort_time_ms=0,total_probe_time_ms=3921.685546875
i_primitive=triangle,i_key_mode=3d,i_build_mode=b_sfl,i_probe_mode=p_sfl,i_num_build_keys_log=26,i_key_offset=0,i_key_stride_log=0,i_key_replication_log=0,i_reserve_keys_for_misses=0,i_local_updates=0,i_num_updates_log=0,i_num_probe_keys_log=27,i_miss_percentage=0,i_out_of_range_percentage=0,i_range_query_hit_count_log=6,i_exponent_bias=0,i_force_single_anyhit=1,i_perpendicular_rays=1,i_start_ray_at_zero=0,i_compaction=1,i_large_keys=0,i_closest_hit=0,i_skip_probing=0,i_num_rays_per_thread_log=0,i_decomposition_bits=14,i_debug=0,uncompacted_size=3805310464,final_size=1871869824,update_temp_buffer_size=0,convert_time_ms=10.674592018127441406,build_time_ms=157.3744049072265625,convert_build_time_ms=168.04899692535400391,convert_build_compact_time_ms=174.52966880798339844,compact_time_ms=6.4806718826293945312,update_time_ms=0,convert_and_update_time_ms=0,sort_time_ms=0,total_probe_time_ms=3912.505615234375
i_primitive=triangle,i_key_mode=3d,i_build_mode=b_sfl,i_probe_mode=p_sfl,i_num_build_keys_log=26,i_key_offset=0,i_key_stride_log=0,i_key_replication_log=0,i_reserve_keys_for_misses=0,i_local_updates=0,i_num_updates_log=0,i_num_probe_keys_log=27,i_miss_percentage=0,i_out_of_range_percentage=0,i_range_query_hit_count_log=6,i_exponent_bias=0,i_force_single_anyhit=1,i_perpendicular_rays=1,i_start_ray_at_zero=0,i_compaction=1,i_large_keys=0,i_closest_hit=0,i_skip_probing=0,i_num_rays_per_thread_log=0,i_decomposition_bits=12,i_debug=0,uncompacted_size=3805310464,final_size=2001245952,update_temp_buffer_size=0,convert_time_ms=10.712063789367675781,build_time_ms=7609.22509765625,convert_build_time_ms=7619.9371614456176758,convert_build_compact_time_ms=7626.9136734008789062,compact_time_ms=6.9765119552612304688,update_time_ms=0,convert_and_update_time_ms=0,sort_time_ms=0,total_probe_time_ms=3960.3406738281250909
i_primitive=triangle,i_key_mode=3d,i_build_mode=b_sfl,i_probe_mode=p_sfl,i_num_build_keys_log=26,i_key_offset=0,i_key_stride_log=0,i_key_replication_log=0,i_reserve_keys_for_misses=0,i_local_updates=0,i_num_updates_log=0,i_num_probe_keys_log=27,i_miss_percentage=0,i_out_of_range_percentage=0,i_range_query_hit_count_log=6,i_exponent_bias=0,i_force_single_anyhit=1,i_perpendicular_rays=1,i_start_ray_at_zero=0,i_compaction=1,i_large_keys=0,i_closest_hit=0,i_skip_probing=0,i_num_rays_per_thread_log=0,i_decomposition_bits=10,i_debug=0,uncompacted_size=3805310464,final_size=1986049280,update_temp_buffer_size=0,convert_time_ms=10.671584129333496094,build_time_ms=7727.75,convert_build_time_ms=7738.4215841293334961,convert_build_compact_time_ms=7745.3233442306518555,compact_time_ms=6.901760101318359375,update_time_ms=0,convert_and_update_time_ms=0,sort_time_ms=0,total_probe_time_ms=4036.5240478515625
