i_primitive=triangle,i_key_mode=safe,i_build_mode=b_sfl,i_probe_mode=p_sfl,i_num_build_keys_log=21,i_key_offset=0,i_key_stride_log=0,i_key_replication_log=0,i_reserve_keys_for_misses=0,i_local_updates=0,i_num_updates_log=0,i_num_probe_keys_log=27,i_miss_percentage=0,i_out_of_range_percentage=0,i_range_query_hit_count_log=0,i_exponent_bias=0,i_force_single_anyhit=1,i_perpendicular_rays=1,i_start_ray_at_zero=1,i_compaction=1,i_large_keys=0,i_closest_hit=0,i_skip_probing=0,i_num_rays_per_thread_log=0,i_decomposition_bits=22,i_debug=0,uncompacted_size=118918656,final_size=72169088,update_temp_buffer_size=0,convert_time_ms=0.35356798768043518066,build_time_ms=5.7178239822387695312,convert_build_time_ms=6.0713919699192047119,convert_build_compact_time_ms=6.3352959752082824707,compact_time_ms=0.26390400528907775879,update_time_ms=0,convert_and_update_time_ms=0,sort_time_ms=0,total_probe_time_ms=65.057413482666021309
i_primitive=triangle,i_key_mode=safe,i_build_mode=b_sfl,i_probe_mode=p_sfl,i_num_build_keys_log=21,i_key_offset=0,i_key_stride_log=1,i_key_replication_log=0,i_reserve_keys_for_misses=0,i_local_updates=0,i_num_updates_log=0,i_num_probe_keys_log=27,i_miss_percentage=0,i_out_of_range_percentage=0,i_range_query_hit_count_log=0,i_exponent_bias=0,i_force_single_anyhit=1,i_perpendicular_rays=1,i_start_ray_at_zero=1,i_compaction=1,i_large_keys=0,i_closest_hit=0,i_skip_probing=0,i_num_rays_per_thread_log=0,i_decomposition_bits=22,i_debug=0,uncompacted_size=118918656,final_size=78176128,update_temp_buffer_size=0,convert_time_ms=0.35295999050140380859,build_time_ms=5.7690877914428710938,convert_build_time_ms=6.1220477819442749023,convert_build_compact_time_ms=6.4087357819080352783,compact_time_ms=0.28668799996376037598,update_time_ms=0,convert_and_update_time_ms=0,sort_time_ms=0,total_probe_time_ms=66.849165344238286934
i_primitive=triangle,i_key_mode=safe,i_build_mode=b_sfl,i_probe_mode=p_sfl,i_num_build_keys_log=21,i_key_offset=0,i_key_stride_log=2,i_key_replication_log=0,i_reserve_keys_for_misses=0,i_local_updates=0,i_num_updates_log=0,i_num_probe_keys_log=27,i_miss_percentage=0,i_out_of_range_percentage=0,i_range_query_hit_count_log=0,i_exponent_bias=0,i_force_single_anyhit=1,i_perpendicular_rays=1,i_start_ray_at_zero=1,i_compaction=1,i_large_keys=0,i_closest_hit=0,i_skip_probing=0,i_num_rays_per_thread_log=0,i_decomposition_bits=22,i_debug=0,uncompacted_size=118918656,final_size=82344064,update_temp_buffer_size=0,convert_time_ms=0.35404801368713378906,build_time_ms=5.8511362075805664062,convert_build_time_ms=6.2051842212677001953,convert_build_compact_time_ms=6.4857602119445800781,compact_time_ms=0.28057599067687988281,update_time_ms=0,convert_and_update_time_ms=0,sort_time_ms=0,total_probe_time_ms=66.133859252929681816
i_primitive=triangle,i_key_mode=unsafe,i_build_mode=b_sfl,i_probe_mode=p_sfl,i_num_build_keys_log=21,i_key_offset=0,i_key_stride_log=0,i_key_replication_log=0,i_reserve_keys_for_misses=0,i_local_updates=0,i_num_updates_log=0,i_num_probe_keys_log=27,i_miss_percentage=0,i_out_of_range_percentage=0,i_range_query_hit_count_log=0,i_exponent_bias=0,i_force_single_anyhit=1,i_perpendicular_rays=1,i_start_ray_at_zero=1,i_compaction=1,i_large_keys=0,i_closest_hit=0,i_skip_probing=0,i_num_rays_per_thread_log=0,i_decomposition_bits=22,i_debug=0,uncompacted_size=118918656,final_size=83500672,update_temp_buffer_size=0,convert_time_ms=0.35104000568389892578,build_time_ms=7.57657623291015625,convert_build_time_ms=7.9276162385940551758,convert_build_compact_time_ms=8.2143362462520599365,compact_time_ms=0.28672000765800476074,update_time_ms=0,convert_and_update_time_ms=0,sort_time_ms=0,total_probe_time_ms=68.634441375732421875
i_primitive=triangle,i_key_mode=unsafe,i_build_mode=b_sfl,i_probe_mode=p_sfl,i_num_build_keys_log=21,i_key_offset=0,i_key_stride_log=1,i_key_replication_log=0,i_reserve_keys_for_misses=0,i_local_updates=0,i_num_updates_log=0,i_num_probe_keys_log=27,i_miss_percentage=0,i_out_of_range_percentage=0,i_range_query_hit_count_log=0,i_exponent_bias=0,i_force_single_anyhit=1,i_perpendicular_rays=1,i_start_ray_at_zero=1,i_compaction=1,i_large_keys=0,i_closest_hit=0,i_skip_probing=0,i_num_rays_per_thread_log=0,i_decomposition_bits=22,i_debug=0,uncompacted_size=118918656,final_size=83480704,update_temp_buffer_size=0,convert_time_ms=0.35104000568389892578,build_time_ms=6.0395522117614746094,convert_build_time_ms=6.3905922174453735352,convert_build_compact_time_ms=6.6935042142868041992,compact_time_ms=0.30291199684143066406,update_time_ms=0,convert_and_update_time_ms=0,sort_time_ms=0,total_probe_time_ms=60.322828674316404829
i_primitive=triangle,i_key_mode=unsafe,i_build_mode=b_sfl,i_probe_mode=p_sfl,i_num_build_keys_log=21,i_key_offset=0,i_key_stride_log=2,i_key_replication_log=0,i_reserve_keys_for_misses=0,i_local_updates=0,i_num_updates_log=0,i_num_probe_keys_log=27,i_miss_percentage=0,i_out_of_range_percentage=0,i_range_query_hit_count_log=0,i_exponent_bias=0,i_force_single_anyhit=1,i_perpendicular_rays=1,i_start_ray_at_zero=1,i_compaction=1,i_large_keys=0,i_closest_hit=0,i_skip_probing=0,i_num_rays_per_thread_log=0,i_decomposition_bits=22,i_debug=0,uncompacted_size=118918656,final_size=90144640,update_temp_buffer_size=0,convert_time_ms=0.35177600383758544922,build_time_ms=6.0917758941650390625,convert_build_time_ms=6.4435518980026245117,convert_build_compact_time_ms=6.7671358883380889893,compact_time_ms=0.32358399033546447754,update_time_ms=0,convert_and_update_time_ms=0,sort_time_ms=0,total_probe_time_ms=63.453315353393556109
i_primitive=triangle,i_key_mode=unsafe,i_build_mode=b_sfl,i_probe_mode=p_sfl,i_num_build_keys_log=21,i_key_offset=0,i_key_stride_log=3,i_key_replication_log=0,i_reserve_keys_for_misses=0,i_local_updates=0,i_num_updates_log=0,i_num_probe_keys_log=27,i_miss_percentage=0,i_out_of_range_percentage=0,i_range_query_hit_count_log=0,i_exponent_bias=0,i_force_single_anyhit=1,i_perpendicular_rays=1,i_start_ray_at_zero=1,i_compaction=1,i_large_keys=0,i_closest_hit=0,i_skip_probing=0,i_num_rays_per_thread_log=0,i_decomposition_bits=22,i_debug=0,uncompacted_size=118918656,final_size=91972352,update_temp_buffer_size=0,convert_time_ms=0.35091200470924377441,build_time_ms=6.0805120468139648438,convert_build_time_ms=6.4314240515232086182,convert_build_compact_time_ms=6.746496051549911499,compact_time_ms=0.31507200002670288086,update_time_ms=0,convert_and_update_time_ms=0,sort_time_ms=0,total_probe_time_ms=65.263295745849603691
i_primitive=triangle,i_key_mode=ext,i_build_mode=b_sfl,i_probe_mode=p_sfl,i_num_build_keys_log=21,i_key_offset=0,i_key_stride_log=0,i_key_replication_log=0,i_reserve_keys_for_misses=0,i_local_updates=0,i_num_updates_log=0,i_num_probe_keys_log=27,i_miss_percentage=0,i_out_of_range_percentage=0,i_range_query_hit_count_log=0,i_exponent_bias=0,i_force_single_anyhit=1,i_perpendicular_rays=1,i_start_ray_at_zero=1,i_compaction=1,i_large_keys=0,i_closest_hit=0,i_skip_probing=0,i_num_rays_per_thread_log=0,i_decomposition_bits=22,i_debug=0,uncompacted_size=118918656,final_size=83769344,update_temp_buffer_size=0,convert_time_ms=0.36342400312423706055,build_time_ms=5.9463682174682617188,convert_build_time_ms=6.3097922205924987793,convert_build_compact_time_ms=6.6159682273864746094,compact_time_ms=0.30617600679397583008,update_time_ms=0,convert_and_update_time_ms=0,sort_time_ms=0,total_probe_time_ms=67.513784790039068184
i_primitive=triangle,i_key_mode=ext,i_build_mode=b_sfl,i_probe_mode=p_sfl,i_num_build_keys_log=21,i_key_offset=0,i_key_stride_log=1,i_key_replication_log=0,i_reserve_keys_for_misses=0,i_local_updates=0,i_num_updates_log=0,i_num_probe_keys_log=27,i_miss_percentage=0,i_out_of_range_percentage=0,i_range_query_hit_count_log=0,i_exponent_bias=0,i_force_single_anyhit=1,i_perpendicular_rays=1,i_start_ray_at_zero=1,i_compaction=1,i_large_keys=0,i_closest_hit=0,i_skip_probing=0,i_num_rays_per_thread_log=0,i_decomposition_bits=22,i_debug=0,uncompacted_size=118918656,final_size=90063104,update_temp_buffer_size=0,convert_time_ms=0.36355200409889221191,build_time_ms=6.0262398719787597656,convert_build_time_ms=6.3897918760776519775,convert_build_compact_time_ms=6.7142398655414581299,compact_time_ms=0.32444798946380615234,update_time_ms=0,convert_and_update_time_ms=0,sort_time_ms=0,total_probe_time_ms=63.526556396484373579
i_primitive=triangle,i_key_mode=ext,i_build_mode=b_sfl,i_probe_mode=p_sfl,i_num_build_keys_log=21,i_key_offset=0,i_key_stride_log=2,i_key_replication_log=0,i_reserve_keys_for_misses=0,i_local_updates=0,i_num_updates_log=0,i_num_probe_keys_log=27,i_miss_percentage=0,i_out_of_range_percentage=0,i_range_query_hit_count_log=0,i_exponent_bias=0,i_force_single_anyhit=1,i_perpendicular_rays=1,i_start_ray_at_zero=1,i_compaction=1,i_large_keys=0,i_closest_hit=0,i_skip_probing=0,i_num_rays_per_thread_log=0,i_decomposition_bits=22,i_debug=0,uncompacted_size=118918656,final_size=90459136,update_temp_buffer_size=0,convert_time_ms=0.36438399553298950195,build_time_ms=5.9924478530883789062,convert_build_time_ms=6.3568318486213684082,convert_build_compact_time_ms=6.680159837007522583,compact_time_ms=0.3233279883861541748,update_time_ms=0,convert_and_update_time_ms=0,sort_time_ms=0,total_probe_time_ms=67.222781372070315342
i_primitive=triangle,i_key_mode=ext,i_build_mode=b_sfl,i_probe_mode=p_sfl,i_num_build_keys_log=21,i_key_offset=0,i_key_stride_log=3,i_key_replication_log=0,i_reserve_keys_for_misses=0,i_local_updates=0,i_num_updates_log=0,i_num_probe_keys_log=27,i_miss_percentage=0,i_out_of_range_percentage=0,i_range_query_hit_count_log=0,i_exponent_bias=0,i_force_single_anyhit=1,i_perpendicular_rays=1,i_start_ray_at_zero=1,i_compaction=1,i_large_keys=0,i_closest_hit=0,i_skip_probing=0,i_num_rays_per_thread_log=0,i_decomposition_bits=22,i_debug=0,uncompacted_size=118918656,final_size=72709632,update_temp_buffer_size=0,convert_time_ms=0.36179199814796447754,build_time_ms=5.3923840522766113281,convert_build_time_ms=5.7541760504245758057,convert_build_compact_time_ms=6.0223680436611175537,compact_time_ms=0.26819199323654174805,update_time_ms=0,convert_and_update_time_ms=0,sort_time_ms=0,total_probe_time_ms=90.623687744140625
i_primitive=triangle,i_key_mode=3d,i_build_mode=b_sfl,i_probe_mode=p_sfl,i_num_build_keys_log=21,i_key_offset=0,i_key_stride_log=0,i_key_replication_log=0,i_reserve_keys_for_misses=0,i_local_updates=0,i_num_updates_log=0,i_num_probe_keys_log=27,i_miss_percentage=0,i_out_of_range_percentage=0,i_range_query_hit_count_log=0,i_exponent_bias=0,i_force_single_anyhit=1,i_perpendicular_rays=1,i_start_ray_at_zero=1,i_compaction=1,i_large_keys=0,i_closest_hit=0,i_skip_probing=0,i_num_rays_per_thread_log=0,i_decomposition_bits=22,i_debug=0,uncompacted_size=118918656,final_size=72209280,update_temp_buffer_size=0,convert_time_ms=0.3552640080451965332,build_time_ms=5.7006077766418457031,convert_build_time_ms=6.0558717846870422363,convert_build_compact_time_ms=6.3200637698173522949,compact_time_ms=0.26419198513031005859,update_time_ms=0,convert_and_update_time_ms=0,sort_time_ms=0,total_probe_time_ms=65.182364654541018467
i_primitive=triangle,i_key_mode=3d,i_build_mode=b_sfl,i_probe_mode=p_sfl,i_num_build_keys_log=21,i_key_offset=0,i_key_stride_log=1,i_key_replication_log=0,i_reserve_keys_for_misses=0,i_local_updates=0,i_num_updates_log=0,i_num_probe_keys_log=27,i_miss_percentage=0,i_out_of_range_percentage=0,i_range_query_hit_count_log=0,i_exponent_bias=0,i_force_single_anyhit=1,i_perpendicular_rays=1,i_start_ray_at_zero=1,i_compaction=1,i_large_keys=0,i_closest_hit=0,i_skip_probing=0,i_num_rays_per_thread_log=0,i_decomposition_bits=22,i_debug=0,uncompacted_size=118918656,final_size=77681792,update_temp_buffer_size=0,convert_time_ms=0.35542398691177368164,build_time_ms=5.8306560516357421875,convert_build_time_ms=6.1860800385475158691,convert_build_compact_time_ms=6.4523200392723083496,compact_time_ms=0.26624000072479248047,update_time_ms=0,convert_and_update_time_ms=0,sort_time_ms=0,total_probe_time_ms=66.486070251464838066
i_primitive=triangle,i_key_mode=3d,i_build_mode=b_sfl,i_probe_mode=p_sfl,i_num_build_keys_log=21,i_key_offset=0,i_key_stride_log=2,i_key_replication_log=0,i_reserve_keys_for_misses=0,i_local_updates=0,i_num_updates_log=0,i_num_probe_keys_log=27,i_miss_percentage=0,i_out_of_range_percentage=0,i_range_query_hit_count_log=0,i_exponent_bias=0,i_force_single_anyhit=1,i_perpendicular_rays=1,i_start_ray_at_zero=1,i_compaction=1,i_large_keys=0,i_closest_hit=0,i_skip_probing=0,i_num_rays_per_thread_log=0,i_decomposition_bits=22,i_debug=0,uncompacted_size=118918656,final_size=84210432,update_temp_buffer_size=0,convert_time_ms=0.35577601194381713867,build_time_ms=5.8818559646606445312,convert_build_time_ms=6.2376319766044616699,convert_build_compact_time_ms=6.5479039847850799561,compact_time_ms=0.31027200818061828613,update_time_ms=0,convert_and_update_time_ms=0,sort_time_ms=0,total_probe_time_ms=64.987874603271478691
i_primitive=triangle,i_key_mode=3d,i_build_mode=b_sfl,i_probe_mode=p_sfl,i_num_build_keys_log=21,i_key_offset=0,i_key_stride_log=3,i_key_replication_log=0,i_reserve_keys_for_misses=0,i_local_updates=0,i_num_updates_log=0,i_num_probe_keys_log=27,i_miss_percentage=0,i_out_of_range_percentage=0,i_range_query_hit_count_log=0,i_exponent_bias=0,i_force_single_anyhit=1,i_perpendicular_rays=1,i_start_ray_at_zero=1,i_compaction=1,i_large_keys=0,i_closest_hit=0,i_skip_probing=0,i_num_rays_per_thread_log=0,i_decomposition_bits=22,i_debug=0,uncompacted_size=118918656,final_size=69017216,update_temp_buffer_size=0,convert_time_ms=0.35494399070739746094,build_time_ms=5.5531520843505859375,convert_build_time_ms=5.9080960750579833984,convert_build_compact_time_ms=6.1587840616703033447,compact_time_ms=0.25068798661231994629,update_time_ms=0,convert_and_update_time_ms=0,sort_time_ms=0,total_probe_time_ms=64.371921539306640625
i_primitive=triangle,i_key_mode=safe,i_build_mode=b_sfl,i_probe_mode=p_sfl,i_num_build_keys_log=22,i_key_offset=0,i_key_stride_log=0,i_key_replication_log=0,i_reserve_keys_for_misses=0,i_local_updates=0,i_num_updates_log=0,i_num_probe_keys_log=27,i_miss_percentage=0,i_out_of_range_percentage=0,i_range_query_hit_count_log=0,i_exponent_bias=0,i_force_single_anyhit=1,i_perpendicular_rays=1,i_start_ray_at_zero=1,i_compaction=1,i_large_keys=0,i_closest_hit=0,i_skip_probing=0,i_num_rays_per_thread_log=0,i_decomposition_bits=22,i_debug=0,uncompacted_size=237834624,final_size=142792064,update_temp_buffer_size=0,convert_time_ms=0.68703997135162353516,build_time_ms=10.851296424865722656,convert_build_time_ms=11.538336396217346191,convert_build_compact_time_ms=12.051360368728637695,compact_time_ms=0.51302397251129150391,update_time_ms=0,convert_and_update_time_ms=0,sort_time_ms=0,total_probe_time_ms=74.291804504394534092
i_primitive=triangle,i_key_mode=safe,i_build_mode=b_sfl,i_probe_mode=p_sfl,i_num_build_keys_log=22,i_key_offset=0,i_key_stride_log=1,i_key_replication_log=0,i_reserve_keys_for_misses=0,i_local_updates=0,i_num_updates_log=0,i_num_probe_keys_log=27,i_miss_percentage=0,i_out_of_range_percentage=0,i_range_query_hit_count_log=0,i_exponent_bias=0,i_force_single_anyhit=1,i_perpendicular_rays=1,i_start_ray_at_zero=1,i_compaction=1,i_large_keys=0,i_closest_hit=0,i_skip_probing=0,i_num_rays_per_thread_log=0,i_decomposition_bits=22,i_debug=0,uncompacted_size=237834624,final_size=155701632,update_temp_buffer_size=0,convert_time_ms=0.6847680211067199707,build_time_ms=11.053055763244628906,convert_build_time_ms=11.737823784351348877,convert_build_compact_time_ms=12.292831778526306152,compact_time_ms=0.55500799417495727539,update_time_ms=0,convert_and_update_time_ms=0,sort_time_ms=0,total_probe_time_ms=74.979840850830072441
i_primitive=triangle,i_key_mode=unsafe,i_build_mode=b_sfl,i_probe_mode=p_sfl,i_num_build_keys_log=22,i_key_offset=0,i_key_stride_log=0,i_key_replication_log=0,i_reserve_keys_for_misses=0,i_local_updates=0,i_num_updates_log=0,i_num_probe_keys_log=27,i_miss_percentage=0,i_out_of_range_percentage=0,i_range_query_hit_count_log=0,i_exponent_bias=0,i_force_single_anyhit=1,i_perpendicular_rays=1,i_start_ray_at_zero=1,i_compaction=1,i_large_keys=0,i_closest_hit=0,i_skip_probing=0,i_num_rays_per_thread_log=0,i_decomposition_bits=22,i_debug=0,uncompacted_size=237834624,final_size=165555072,update_temp_buffer_size=0,convert_time_ms=0.67887997627258300781,build_time_ms=12.131327629089355469,convert_build_time_ms=12.810207605361938477,convert_build_compact_time_ms=13.389695584774017334,compact_time_ms=0.57948797941207885742,update_time_ms=0,convert_and_update_time_ms=0,sort_time_ms=0,total_probe_time_ms=85.760213470458978691
i_primitive=triangle,i_key_mode=unsafe,i_build_mode=b_sfl,i_probe_mode=p_sfl,i_num_build_keys_log=22,i_key_offset=0,i_key_stride_log=1,i_key_replication_log=0,i_reserve_keys_for_misses=0,i_local_updates=0,i_num_updates_log=0,i_num_probe_keys_log=27,i_miss_percentage=0,i_out_of_range_percentage=0,i_range_query_hit_count_log=0,i_exponent_bias=0,i_force_single_anyhit=1,i_perpendicular_rays=1,i_start_ray_at_zero=1,i_compaction=1,i_large_keys=0,i_closest_hit=0,i_skip_probing=0,i_num_rays_per_thread_log=0,i_decomposition_bits=22,i_debug=0,uncompacted_size=237834624,final_size=165961984,update_temp_buffer_size=0,convert_time_ms=0.67827200889587402344,build_time_ms=11.458559989929199219,convert_build_time_ms=12.136831998825073242,convert_build_compact_time_ms=12.717440009117126465,compact_time_ms=0.58060801029205322266,update_time_ms=0,convert_and_update_time_ms=0,sort_time_ms=0,total_probe_time_ms=70.355103302001950283
i_primitive=triangle,i_key_mode=unsafe,i_build_mode=b_sfl,i_probe_mode=p_sfl,i_num_build_keys_log=22,i_key_offset=0,i_key_stride_log=2,i_key_replication_log=0,i_reserve_keys_for_misses=0,i_local_updates=0,i_num_updates_log=0,i_num_probe_keys_log=27,i_miss_percentage=0,i_out_of_range_percentage=0,i_range_query_hit_count_log=0,i_exponent_bias=0,i_force_single_anyhit=1,i_perpendicular_rays=1,i_start_ray_at_zero=1,i_compaction=1,i_large_keys=0,i_closest_hit=0,i_skip_probing=0,i_num_rays_per_thread_log=0,i_decomposition_bits=22,i_debug=0,uncompacted_size=237834624,final_size=177056640,update_temp_buffer_size=0,convert_time_ms=0.67904001474380493164,build_time_ms=11.515744209289550781,convert_build_time_ms=12.194784224033355713,convert_build_compact_time_ms=12.821216225624084473,compact_time_ms=0.62643200159072875977,update_time_ms=0,convert_and_update_time_ms=0,sort_time_ms=0,total_probe_time_ms=73.276404571533205967
i_primitive=triangle,i_key_mode=ext,i_build_mode=b_sfl,i_probe_mode=p_sfl,i_num_build_keys_log=22,i_key_offset=0,i_key_stride_log=0,i_key_replication_log=0,i_reserve_keys_for_misses=0,i_local_updates=0,i_num_updates_log=0,i_num_probe_keys_log=27,i_miss_percentage=0,i_out_of_range_percentage=0,i_range_query_hit_count_log=0,i_exponent_bias=0,i_force_single_anyhit=1,i_perpendicular_rays=1,i_start_ray_at_zero=1,i_compaction=1,i_large_keys=0,i_closest_hit=0,i_skip_probing=0,i_num_rays_per_thread_log=0,i_decomposition_bits=22,i_debug=0,uncompacted_size=237834624,final_size=166171008,update_temp_buffer_size=0,convert_time_ms=0.70374399423599243164,build_time_ms=11.392704010009765625,convert_build_time_ms=12.096448004245758057,convert_build_compact_time_ms=12.68320000171661377,compact_time_ms=0.58675199747085571289,update_time_ms=0,convert_and_update_time_ms=0,sort_time_ms=0,total_probe_time_ms=77.408167266845708809
i_primitive=triangle,i_key_mode=ext,i_build_mode=b_sfl,i_probe_mode=p_sfl,i_num_build_keys_log=22,i_key_offset=0,i_key_stride_log=1,i_key_replication_log=0,i_reserve_keys_for_misses=0,i_local_updates=0,i_num_updates_log=0,i_num_probe_keys_log=27,i_miss_percentage=0,i_out_of_range_percentage=0,i_range_query_hit_count_log=0,i_exponent_bias=0,i_force_single_anyhit=1,i_perpendicular_rays=1,i_start_ray_at_zero=1,i_compaction=1,i_large_keys=0,i_closest_hit=0,i_skip_probing=0,i_num_rays_per_thread_log=0,i_decomposition_bits=22,i_debug=0,uncompacted_size=237834624,final_size=176432000,update_temp_buffer_size=0,convert_time_ms=0.70473599433898925781,build_time_ms=11.541376113891601562,convert_build_time_ms=12.24611210823059082,convert_build_compact_time_ms=12.870528101921081543,compact_time_ms=0.62441599369049072266,update_time_ms=0,convert_and_update_time_ms=0,sort_time_ms=0,total_probe_time_ms=76.000057220458984375
i_primitive=triangle,i_key_mode=ext,i_build_mode=b_sfl,i_probe_mode=p_sfl,i_num_build_keys_log=22,i_key_offset=0,i_key_stride_log=2,i_key_replication_log=0,i_reserve_keys_for_misses=0,i_local_updates=0,i_num_updates_log=0,i_num_probe_keys_log=27,i_miss_percentage=0,i_out_of_range_percentage=0,i_range_query_hit_count_log=0,i_exponent_bias=0,i_force_single_anyhit=1,i_perpendicular_rays=1,i_start_ray_at_zero=1,i_compaction=1,i_large_keys=0,i_closest_hit=0,i_skip_probing=0,i_num_rays_per_thread_log=0,i_decomposition_bits=22,i_debug=0,uncompacted_size=237834624,final_size=145459968,update_temp_buffer_size=0,convert_time_ms=0.70051199197769165039,build_time_ms=10.292223930358886719,convert_build_time_ms=10.992735922336578369,convert_build_compact_time_ms=11.508831918239593506,compact_time_ms=0.51609599590301513672,update_time_ms=0,convert_and_update_time_ms=0,sort_time_ms=0,total_probe_time_ms=100.68753662109375568
i_primitive=triangle,i_key_mode=ext,i_build_mode=b_sfl,i_probe_mode=p_sfl,i_num_build_keys_log=22,i_key_offset=0,i_key_stride_log=3,i_key_replication_log=0,i_reserve_keys_for_misses=0,i_local_updates=0,i_num_updates_log=0,i_num_probe_keys_log=27,i_miss_percentage=0,i_out_of_range_percentage=0,i_range_query_hit_count_log=0,i_exponent_bias=0,i_force_single_anyhit=1,i_perpendicular_rays=1,i_start_ray_at_zero=1,i_compaction=1,i_large_keys=0,i_closest_hit=0,i_skip_probing=0,i_num_rays_per_thread_log=0,i_decomposition_bits=22,i_debug=0,uncompacted_size=237834624,final_size=145240448,update_temp_buffer_size=0,convert_time_ms=0.70240002870559692383,build_time_ms=10.348544120788574219,convert_build_time_ms=11.050944149494171143,convert_build_compact_time_ms=11.569088160991668701,compact_time_ms=0.51814401149749755859,update_time_ms=0,convert_and_update_time_ms=0,sort_time_ms=0,total_probe_time_ms=94.016876983642575283
i_primitive=triangle,i_key_mode=3d,i_build_mode=b_sfl,i_probe_mode=p_sfl,i_num_build_keys_log=22,i_key_offset=0,i_key_stride_log=0,i_key_replication_log=0,i_reserve_keys_for_misses=0,i_local_updates=0,i_num_updates_log=0,i_num_probe_keys_log=27,i_miss_percentage=0,i_out_of_range_percentage=0,i_range_query_hit_count_log=0,i_exponent_bias=0,i_force_single_anyhit=1,i_perpendicular_rays=1,i_start_ray_at_zero=1,i_compaction=1,i_large_keys=0,i_closest_hit=0,i_skip_probing=0,i_num_rays_per_thread_log=0,i_decomposition_bits=22,i_debug=0,uncompacted_size=237834624,final_size=142080512,update_temp_buffer_size=0,convert_time_ms=0.68534398078918457031,build_time_ms=10.905599594116210938,convert_build_time_ms=11.590943574905395508,convert_build_compact_time_ms=12.098847568035125732,compact_time_ms=0.50790399312973022461,update_time_ms=0,convert_and_update_time_ms=0,sort_time_ms=0,total_probe_time_ms=74.236896514892578125
i_primitive=triangle,i_key_mode=3d,i_build_mode=b_sfl,i_probe_mode=p_sfl,i_num_build_keys_log=22,i_key_offset=0,i_key_stride_log=1,i_key_replication_log=0,i_reserve_keys_for_misses=0,i_local_updates=0,i_num_updates_log=0,i_num_probe_keys_log=27,i_miss_percentage=0,i_out_of_range_percentage=0,i_range_query_hit_count_log=0,i_exponent_bias=0,i_force_single_anyhit=1,i_perpendicular_rays=1,i_start_ray_at_zero=1,i_compaction=1,i_large_keys=0,i_closest_hit=0,i_skip_probing=0,i_num_rays_per_thread_log=0,i_decomposition_bits=22,i_debug=0,uncompacted_size=237834624,final_size=160669440,update_temp_buffer_size=0,convert_time_ms=0.68720000982284545898,build_time_ms=11.088895797729492188,convert_build_time_ms=11.776095807552337646,convert_build_compact_time_ms=12.346463799476623535,compact_time_ms=0.57036799192428588867,update_time_ms=0,convert_and_update_time_ms=0,sort_time_ms=0,total_probe_time_ms=73.703251647949215908
i_primitive=triangle,i_key_mode=3d,i_build_mode=b_sfl,i_probe_mode=p_sfl,i_num_build_keys_log=22,i_key_offset=0,i_key_stride_log=2,i_key_replication_log=0,i_reserve_keys_for_misses=0,i_local_updates=0,i_num_updates_log=0,i_num_probe_keys_log=27,i_miss_percentage=0,i_out_of_range_percentage=0,i_range_query_hit_count_log=0,i_exponent_bias=0,i_force_single_anyhit=1,i_perpendicular_rays=1,i_start_ray_at_zero=1,i_compaction=1,i_large_keys=0,i_closest_hit=0,i_skip_probing=0,i_num_rays_per_thread_log=0,i_decomposition_bits=22,i_debug=0,uncompacted_size=237834624,final_size=135715712,update_temp_buffer_size=0,convert_time_ms=0.68694400787353515625,build_time_ms=10.5767364501953125,convert_build_time_ms=11.263680458068847656,convert_build_compact_time_ms=11.757248461246490479,compact_time_ms=0.49356800317764282227,update_time_ms=0,convert_and_update_time_ms=0,sort_time_ms=0,total_probe_time_ms=73.306856536865240059
i_primitive=triangle,i_key_mode=3d,i_build_mode=b_sfl,i_probe_mode=p_sfl,i_num_build_keys_log=22,i_key_offset=0,i_key_stride_log=3,i_key_replication_log=0,i_reserve_keys_for_misses=0,i_local_updates=0,i_num_updates_log=0,i_num_probe_keys_log=27,i_miss_percentage=0,i_out_of_range_percentage=0,i_range_query_hit_count_log=0,i_exponent_bias=0,i_force_single_anyhit=1,i_perpendicular_rays=1,i_start_ray_at_zero=1,i_compaction=1,i_large_keys=0,i_closest_hit=0,i_skip_probing=0,i_num_rays_per_thread_log=0,i_decomposition_bits=22,i_debug=0,uncompacted_size=237834624,final_size=132658432,update_temp_buffer_size=0,convert_time_ms=0.68739199638366699219,build_time_ms=10.46425628662109375,convert_build_time_ms=11.151648283004760742,convert_build_compact_time_ms=11.623584270477294922,compact_time_ms=0.47193598747253417969,update_time_ms=0,convert_and_update_time_ms=0,sort_time_ms=0,total_probe_time_ms=72.414034271240240059
i_primitive=triangle,i_key_mode=safe,i_build_mode=b_sfl,i_probe_mode=p_sfl,i_num_build_keys_log=23,i_key_offset=0,i_key_stride_log=0,i_key_replication_log=0,i_reserve_keys_for_misses=0,i_local_updates=0,i_num_updates_log=0,i_num_probe_keys_log=27,i_miss_percentage=0,i_out_of_range_percentage=0,i_range_query_hit_count_log=0,i_exponent_bias=0,i_force_single_anyhit=1,i_perpendicular_rays=1,i_start_ray_at_zero=1,i_compaction=1,i_large_keys=0,i_closest_hit=0,i_skip_probing=0,i_num_rays_per_thread_log=0,i_decomposition_bits=22,i_debug=0,uncompacted_size=475666304,final_size=291197952,update_temp_buffer_size=0,convert_time_ms=1.3544000387191772461,build_time_ms=21.8040313720703125,convert_build_time_ms=23.158431410789489746,convert_build_compact_time_ms=24.190335392951965332,compact_time_ms=1.0319039821624755859,update_time_ms=0,convert_and_update_time_ms=0,sort_time_ms=0,total_probe_time_ms=83.166751861572265625
i_primitive=triangle,i_key_mode=unsafe,i_build_mode=b_sfl,i_probe_mode=p_sfl,i_num_build_keys_log=23,i_key_offset=0,i_key_stride_log=0,i_key_replication_log=0,i_reserve_keys_for_misses=0,i_local_updates=0,i_num_updates_log=0,i_num_probe_keys_log=27,i_miss_percentage=0,i_out_of_range_percentage=0,i_range_query_hit_count_log=0,i_exponent_bias=0,i_force_single_anyhit=1,i_perpendicular_rays=1,i_start_ray_at_zero=1,i_compaction=1,i_large_keys=0,i_closest_hit=0,i_skip_probing=0,i_num_rays_per_thread_log=0,i_decomposition_bits=22,i_debug=0,uncompacted_size=475666304,final_size=332987520,update_temp_buffer_size=0,convert_time_ms=1.3433279991149902344,build_time_ms=23.333887100219726562,convert_build_time_ms=24.677215099334716797,convert_build_compact_time_ms=25.844575047492980957,compact_time_ms=1.1673599481582641602,update_time_ms=0,convert_and_update_time_ms=0,sort_time_ms=0,total_probe_time_ms=95.953439331054681816
i_primitive=triangle,i_key_mode=unsafe,i_build_mode=b_sfl,i_probe_mode=p_sfl,i_num_build_keys_log=23,i_key_offset=0,i_key_stride_log=1,i_key_replication_log=0,i_reserve_keys_for_misses=0,i_local_updates=0,i_num_updates_log=0,i_num_probe_keys_log=27,i_miss_percentage=0,i_out_of_range_percentage=0,i_range_query_hit_count_log=0,i_exponent_bias=0,i_force_single_anyhit=1,i_perpendicular_rays=1,i_start_ray_at_zero=1,i_compaction=1,i_large_keys=0,i_closest_hit=0,i_skip_probing=0,i_num_rays_per_thread_log=0,i_decomposition_bits=22,i_debug=0,uncompacted_size=475666304,final_size=333785600,update_temp_buffer_size=0,convert_time_ms=1.3428159952163696289,build_time_ms=22.820863723754882812,convert_build_time_ms=24.163679718971252441,convert_build_compact_time_ms=25.32899177074432373,compact_time_ms=1.1653120517730712891,update_time_ms=0,convert_and_update_time_ms=0,sort_time_ms=0,total_probe_time_ms=80.590588378906247158
i_primitive=triangle,i_key_mode=ext,i_build_mode=b_sfl,i_probe_mode=p_sfl,i_num_build_keys_log=23,i_key_offset=0,i_key_stride_log=0,i_key_replication_log=0,i_reserve_keys_for_misses=0,i_local_updates=0,i_num_updates_log=0,i_num_probe_keys_log=27,i_miss_percentage=0,i_out_of_range_percentage=0,i_range_query_hit_count_log=0,i_exponent_bias=0,i_force_single_anyhit=1,i_perpendicular_rays=1,i_start_ray_at_zero=1,i_compaction=1,i_large_keys=0,i_closest_hit=0,i_skip_probing=0,i_num_rays_per_thread_log=0,i_decomposition_bits=22,i_debug=0,uncompacted_size=475666304,final_size=353554944,update_temp_buffer_size=0,convert_time_ms=1.3871999979019165039,build_time_ms=22.963199615478515625,convert_build_time_ms=24.350399613380432129,convert_build_compact_time_ms=25.600703597068786621,compact_time_ms=1.2503039836883544922,update_time_ms=0,convert_and_update_time_ms=0,sort_time_ms=0,total_probe_time_ms=95.809490966796872158
i_primitive=triangle,i_key_mode=ext,i_build_mode=b_sfl,i_probe_mode=p_sfl,i_num_build_keys_log=23,i_key_offset=0,i_key_stride_log=1,i_key_replication_log=0,i_reserve_keys_for_misses=0,i_local_updates=0,i_num_updates_log=0,i_num_probe_keys_log=27,i_miss_percentage=0,i_out_of_range_percentage=0,i_range_query_hit_count_log=0,i_exponent_bias=0,i_force_single_anyhit=1,i_perpendicular_rays=1,i_start_ray_at_zero=1,i_compaction=1,i_large_keys=0,i_closest_hit=0,i_skip_probing=0,i_num_rays_per_thread_log=0,i_decomposition_bits=22,i_debug=0,uncompacted_size=475666304,final_size=290669696,update_temp_buffer_size=0,convert_time_ms=1.3895039558410644531,build_time_ms=20.346559524536132812,convert_build_time_ms=21.736063480377197266,convert_build_compact_time_ms=22.760063529014587402,compact_time_ms=1.0240000486373901367,update_time_ms=0,convert_and_update_time_ms=0,sort_time_ms=0,total_probe_time_ms=112.21283111572265057
i_primitive=triangle,i_key_mode=ext,i_build_mode=b_sfl,i_probe_mode=p_sfl,i_num_build_keys_log=23,i_key_offset=0,i_key_stride_log=2,i_key_replication_log=0,i_reserve_keys_for_misses=0,i_local_updates=0,i_num_updates_log=0,i_num_probe_keys_log=27,i_miss_percentage=0,i_out_of_range_percentage=0,i_range_query_hit_count_log=0,i_exponent_bias=0,i_force_single_anyhit=1,i_perpendicular_rays=1,i_start_ray_at_zero=1,i_compaction=1,i_large_keys=0,i_closest_hit=0,i_skip_probing=0,i_num_rays_per_thread_log=0,i_decomposition_bits=22,i_debug=0,uncompacted_size=475666304,final_size=292706560,update_temp_buffer_size=0,convert_time_ms=1.3875839710235595703,build_time_ms=21.168127059936523438,convert_build_time_ms=22.555711030960083008,convert_build_compact_time_ms=23.581727027893066406,compact_time_ms=1.0260159969329833984,update_time_ms=0,convert_and_update_time_ms=0,sort_time_ms=0,total_probe_time_ms=111.12299880981444744
i_primitive=triangle,i_key_mode=ext,i_build_mode=b_sfl,i_probe_mode=p_sfl,i_num_build_keys_log=23,i_key_offset=0,i_key_stride_log=3,i_key_replication_log=0,i_reserve_keys_for_misses=0,i_local_updates=0,i_num_updates_log=0,i_num_probe_keys_log=27,i_miss_percentage=0,i_out_of_range_percentage=0,i_range_query_hit_count_log=0,i_exponent_bias=0,i_force_single_anyhit=1,i_perpendicular_rays=1,i_start_ray_at_zero=1,i_compaction=1,i_large_keys=0,i_closest_hit=0,i_skip_probing=0,i_num_rays_per_thread_log=0,i_decomposition_bits=22,i_debug=0,uncompacted_size=475666304,final_size=298016128,update_temp_buffer_size=0,convert_time_ms=1.3889919519424438477,build_time_ms=22.747903823852539062,convert_build_time_ms=24.13689577579498291,convert_build_compact_time_ms=25.185471773147583008,compact_time_ms=1.0485759973526000977,update_time_ms=0,convert_and_update_time_ms=0,sort_time_ms=0,total_probe_time_ms=979.74365844726560226
i_primitive=triangle,i_key_mode=3d,i_build_mode=b_sfl,i_probe_mode=p_sfl,i_num_build_keys_log=23,i_key_offset=0,i_key_stride_log=0,i_key_replication_log=0,i_reserve_keys_for_misses=0,i_local_updates=0,i_num_updates_log=0,i_num_probe_keys_log=27,i_miss_percentage=0,i_out_of_range_percentage=0,i_range_query_hit_count_log=0,i_exponent_bias=0,i_force_single_anyhit=1,i_perpendicular_rays=1,i_start_ray_at_zero=1,i_compaction=1,i_large_keys=0,i_closest_hit=0,i_skip_probing=0,i_num_rays_per_thread_log=0,i_decomposition_bits=22,i_debug=0,uncompacted_size=475666304,final_size=303602816,update_temp_buffer_size=0,convert_time_ms=1.3602240085601806641,build_time_ms=21.7282562255859375,convert_build_time_ms=23.088480234146118164,convert_build_compact_time_ms=24.156416177749633789,compact_time_ms=1.067935943603515625,update_time_ms=0,convert_and_update_time_ms=0,sort_time_ms=0,total_probe_time_ms=80.868723297119146309
i_primitive=triangle,i_key_mode=3d,i_build_mode=b_sfl,i_probe_mode=p_sfl,i_num_build_keys_log=23,i_key_offset=0,i_key_stride_log=1,i_key_replication_log=0,i_reserve_keys_for_misses=0,i_local_updates=0,i_num_updates_log=0,i_num_probe_keys_log=27,i_miss_percentage=0,i_out_of_range_percentage=0,i_range_query_hit_count_log=0,i_exponent_bias=0,i_force_single_anyhit=1,i_perpendicular_rays=1,i_start_ray_at_zero=1,i_compaction=1,i_large_keys=0,i_closest_hit=0,i_skip_probing=0,i_num_rays_per_thread_log=0,i_decomposition_bits=22,i_debug=0,uncompacted_size=475666304,final_size=269504128,update_temp_buffer_size=0,convert_time_ms=1.360095977783203125,build_time_ms=20.983808517456054688,convert_build_time_ms=22.343904495239257812,convert_build_compact_time_ms=23.285952508449554443,compact_time_ms=0.94204801321029663086,update_time_ms=0,convert_and_update_time_ms=0,sort_time_ms=0,total_probe_time_ms=81.913103485107427559
i_primitive=triangle,i_key_mode=3d,i_build_mode=b_sfl,i_probe_mode=p_sfl,i_num_build_keys_log=23,i_key_offset=0,i_key_stride_log=2,i_key_replication_log=0,i_reserve_keys_for_misses=0,i_local_updates=0,i_num_updates_log=0,i_num_probe_keys_log=27,i_miss_percentage=0,i_out_of_range_percentage=0,i_range_query_hit_count_log=0,i_exponent_bias=0,i_force_single_anyhit=1,i_perpendicular_rays=1,i_start_ray_at_zero=1,i_compaction=1,i_large_keys=0,i_closest_hit=0,i_skip_probing=0,i_num_rays_per_thread_log=0,i_decomposition_bits=22,i_debug=0,uncompacted_size=475666304,final_size=262239104,update_temp_buffer_size=0,convert_time_ms=1.3571200370788574219,build_time_ms=20.813823699951171875,convert_build_time_ms=22.170943737030029297,convert_build_compact_time_ms=23.083327710628509521,compact_time_ms=0.91238397359848022461,update_time_ms=0,convert_and_update_time_ms=0,sort_time_ms=0,total_probe_time_ms=81.061302947998044033
i_primitive=triangle,i_key_mode=3d,i_build_mode=b_sfl,i_probe_mode=p_sfl,i_num_build_keys_log=23,i_key_offset=0,i_key_stride_log=3,i_key_replication_log=0,i_reserve_keys_for_misses=0,i_local_updates=0,i_num_updates_log=0,i_num_probe_keys_log=27,i_miss_percentage=0,i_out_of_range_percentage=0,i_range_query_hit_count_log=0,i_exponent_bias=0,i_force_single_anyhit=1,i_perpendicular_rays=1,i_start_ray_at_zero=1,i_compaction=1,i_large_keys=0,i_closest_hit=0,i_skip_probing=0,i_num_rays_per_thread_log=0,i_decomposition_bits=22,i_debug=0,uncompacted_size=475666304,final_size=262290432,update_temp_buffer_size=0,convert_time_ms=1.3594239950180053711,build_time_ms=20.859903335571289062,convert_build_time_ms=22.219327330589294434,convert_build_compact_time_ms=23.124543309211730957,compact_time_ms=0.90521597862243652344,update_time_ms=0,convert_and_update_time_ms=0,sort_time_ms=0,total_probe_time_ms=81.928847503662112217
i_primitive=triangle,i_key_mode=unsafe,i_build_mode=b_sfl,i_probe_mode=p_sfl,i_num_build_keys_log=24,i_key_offset=0,i_key_stride_log=0,i_key_replication_log=0,i_reserve_keys_for_misses=0,i_local_updates=0,i_num_updates_log=0,i_num_probe_keys_log=27,i_miss_percentage=0,i_out_of_range_percentage=0,i_range_query_hit_count_log=0,i_exponent_bias=0,i_force_single_anyhit=1,i_perpendicular_rays=1,i_start_ray_at_zero=1,i_compaction=1,i_large_keys=0,i_closest_hit=0,i_skip_probing=0,i_num_rays_per_thread_log=0,i_decomposition_bits=22,i_debug=0,uncompacted_size=951329792,final_size=686674944,update_temp_buffer_size=0,convert_time_ms=2.6627519130706787109,build_time_ms=46.775295257568359375,convert_build_time_ms=49.438047170639038086,convert_build_compact_time_ms=51.830111265182495117,compact_time_ms=2.3920640945434570312,update_time_ms=0,convert_and_update_time_ms=0,sort_time_ms=0,total_probe_time_ms=106.77940521240233807
i_primitive=triangle,i_key_mode=ext,i_build_mode=b_sfl,i_probe_mode=p_sfl,i_num_build_keys_log=24,i_key_offset=0,i_key_stride_log=0,i_key_replication_log=0,i_reserve_keys_for_misses=0,i_local_updates=0,i_num_updates_log=0,i_num_probe_keys_log=27,i_miss_percentage=0,i_out_of_range_percentage=0,i_range_query_hit_count_log=0,i_exponent_bias=0,i_force_single_anyhit=1,i_perpendicular_rays=1,i_start_ray_at_zero=1,i_compaction=1,i_large_keys=0,i_closest_hit=0,i_skip_probing=0,i_num_rays_per_thread_log=0,i_decomposition_bits=22,i_debug=0,uncompacted_size=951329792,final_size=586032768,update_temp_buffer_size=0,convert_time_ms=2.7586240768432617188,build_time_ms=41.987071990966796875,convert_build_time_ms=44.745696067810058594,convert_build_compact_time_ms=46.834496021270751953,compact_time_ms=2.0887999534606933594,update_time_ms=0,convert_and_update_time_ms=0,sort_time_ms=0,total_probe_time_ms=128.16793518066407387
i_primitive=triangle,i_key_mode=ext,i_build_mode=b_sfl,i_probe_mode=p_sfl,i_num_build_keys_log=24,i_key_offset=0,i_key_stride_log=1,i_key_replication_log=0,i_reserve_keys_for_misses=0,i_local_updates=0,i_num_updates_log=0,i_num_probe_keys_log=27,i_miss_percentage=0,i_out_of_range_percentage=0,i_range_query_hit_count_log=0,i_exponent_bias=0,i_force_single_anyhit=1,i_perpendicular_rays=1,i_start_ray_at_zero=1,i_compaction=1,i_large_keys=0,i_closest_hit=0,i_skip_probing=0,i_num_rays_per_thread_log=0,i_decomposition_bits=22,i_debug=0,uncompacted_size=951329792,final_size=591990784,update_temp_buffer_size=0,convert_time_ms=2.7557439804077148438,build_time_ms=43.62633514404296875,convert_build_time_ms=46.382079124450683594,convert_build_compact_time_ms=48.46895909309387207,compact_time_ms=2.0868799686431884766,update_time_ms=0,convert_and_update_time_ms=0,sort_time_ms=0,total_probe_time_ms=138.02579498291015625
i_primitive=triangle,i_key_mode=ext,i_build_mode=b_sfl,i_probe_mode=p_sfl,i_num_build_keys_log=24,i_key_offset=0,i_key_stride_log=2,i_key_replication_log=0,i_reserve_keys_for_misses=0,i_local_updates=0,i_num_updates_log=0,i_num_probe_keys_log=27,i_miss_percentage=0,i_out_of_range_percentage=0,i_range_query_hit_count_log=0,i_exponent_bias=0,i_force_single_anyhit=1,i_perpendicular_rays=1,i_start_ray_at_zero=1,i_compaction=1,i_large_keys=0,i_closest_hit=0,i_skip_probing=0,i_num_rays_per_thread_log=0,i_decomposition_bits=22,i_debug=0,uncompacted_size=951329792,final_size=598503680,update_temp_buffer_size=0,convert_time_ms=2.754528045654296875,build_time_ms=45.93561553955078125,convert_build_time_ms=48.690143585205078125,convert_build_compact_time_ms=50.805695533752441406,compact_time_ms=2.1155519485473632812,update_time_ms=0,convert_and_update_time_ms=0,sort_time_ms=0,total_probe_time_ms=2263.6368408203125
i_primitive=triangle,i_key_mode=3d,i_build_mode=b_sfl,i_probe_mode=p_sfl,i_num_build_keys_log=24,i_key_offset=0,i_key_stride_log=0,i_key_replication_log=0,i_reserve_keys_for_misses=0,i_local_updates=0,i_num_updates_log=0,i_num_probe_keys_log=27,i_miss_percentage=0,i_out_of_range_percentage=0,i_range_query_hit_count_log=0,i_exponent_bias=0,i_force_single_anyhit=1,i_perpendicular_rays=1,i_start_ray_at_zero=1,i_compaction=1,i_large_keys=0,i_closest_hit=0,i_skip_probing=0,i_num_rays_per_thread_log=0,i_decomposition_bits=22,i_debug=0,uncompacted_size=951329792,final_size=555571200,update_temp_buffer_size=0,convert_time_ms=2.6966400146484375,build_time_ms=41.792510986328125,convert_build_time_ms=44.4891510009765625,convert_build_compact_time_ms=46.427582979202270508,compact_time_ms=1.9384319782257080078,update_time_ms=0,convert_and_update_time_ms=0,sort_time_ms=0,total_probe_time_ms=90.547349548339838066
i_primitive=triangle,i_key_mode=3d,i_build_mode=b_sfl,i_probe_mode=p_sfl,i_num_build_keys_log=24,i_key_offset=0,i_key_stride_log=1,i_key_replication_log=0,i_reserve_keys_for_misses=0,i_local_updates=0,i_num_updates_log=0,i_num_probe_keys_log=27,i_miss_percentage=0,i_out_of_range_percentage=0,i_range_query_hit_count_log=0,i_exponent_bias=0,i_force_single_anyhit=1,i_perpendicular_rays=1,i_start_ray_at_zero=1,i_compaction=1,i_large_keys=0,i_closest_hit=0,i_skip_probing=0,i_num_rays_per_thread_log=0,i_decomposition_bits=22,i_debug=0,uncompacted_size=951329792,final_size=531263616,update_temp_buffer_size=0,convert_time_ms=2.6986880302429199219,build_time_ms=40.820735931396484375,convert_build_time_ms=43.519423961639404297,convert_build_compact_time_ms=45.397439956665039062,compact_time_ms=1.8780159950256347656,update_time_ms=0,convert_and_update_time_ms=0,sort_time_ms=0,total_probe_time_ms=89.463061523437502842
i_primitive=triangle,i_key_mode=3d,i_build_mode=b_sfl,i_probe_mode=p_sfl,i_num_build_keys_log=24,i_key_offset=0,i_key_stride_log=2,i_key_replication_log=0,i_reserve_keys_for_misses=0,i_local_updates=0,i_num_updates_log=0,i_num_probe_keys_log=27,i_miss_percentage=0,i_out_of_range_percentage=0,i_range_query_hit_count_log=0,i_exponent_bias=0,i_force_single_anyhit=1,i_perpendicular_rays=1,i_start_ray_at_zero=1,i_compaction=1,i_large_keys=0,i_closest_hit=0,i_skip_probing=0,i_num_rays_per_thread_log=0,i_decomposition_bits=22,i_debug=0,uncompacted_size=951329792,final_size=542872960,update_temp_buffer_size=0,convert_time_ms=2.6990079879760742188,build_time_ms=41.342815399169921875,convert_build_time_ms=44.041823387145996094,convert_build_compact_time_ms=45.959551334381103516,compact_time_ms=1.9177279472351074219,update_time_ms=0,convert_and_update_time_ms=0,sort_time_ms=0,total_probe_time_ms=90.255501556396481533
i_primitive=triangle,i_key_mode=3d,i_build_mode=b_sfl,i_probe_mode=p_sfl,i_num_build_keys_log=24,i_key_offset=0,i_key_stride_log=3,i_key_replication_log=0,i_reserve_keys_for_misses=0,i_local_updates=0,i_num_updates_log=0,i_num_probe_keys_log=27,i_miss_percentage=0,i_out_of_range_percentage=0,i_range_query_hit_count_log=0,i_exponent_bias=0,i_force_single_anyhit=1,i_perpendicular_rays=1,i_start_ray_at_zero=1,i_compaction=1,i_large_keys=0,i_closest_hit=0,i_skip_probing=0,i_num_rays_per_thread_log=0,i_decomposition_bits=22,i_debug=0,uncompacted_size=951329792,final_size=502001920,update_temp_buffer_size=0,convert_time_ms=2.6944000720977783203,build_time_ms=40.253406524658203125,convert_build_time_ms=42.947806596755981445,convert_build_compact_time_ms=44.696798563003540039,compact_time_ms=1.7489919662475585938,update_time_ms=0,convert_and_update_time_ms=0,sort_time_ms=0,total_probe_time_ms=89.923077392578122158
i_primitive=triangle,i_key_mode=ext,i_build_mode=b_sfl,i_probe_mode=p_sfl,i_num_build_keys_log=25,i_key_offset=0,i_key_stride_log=0,i_key_replication_log=0,i_reserve_keys_for_misses=0,i_local_updates=0,i_num_updates_log=0,i_num_probe_keys_log=27,i_miss_percentage=0,i_out_of_range_percentage=0,i_range_query_hit_count_log=0,i_exponent_bias=0,i_force_single_anyhit=1,i_perpendicular_rays=1,i_start_ray_at_zero=1,i_compaction=1,i_large_keys=0,i_closest_hit=0,i_skip_probing=0,i_num_rays_per_thread_log=0,i_decomposition_bits=22,i_debug=0,uncompacted_size=1902656640,final_size=1201410944,update_temp_buffer_size=0,convert_time_ms=5.4882879257202148438,build_time_ms=91.33465576171875,convert_build_time_ms=96.822943687438964844,convert_build_compact_time_ms=101.0520634651184082,compact_time_ms=4.2291197776794433594,update_time_ms=0,convert_and_update_time_ms=0,sort_time_ms=0,total_probe_time_ms=187.84492950439454262
i_primitive=triangle,i_key_mode=ext,i_build_mode=b_sfl,i_probe_mode=p_sfl,i_num_build_keys_log=25,i_key_offset=0,i_key_stride_log=1,i_key_replication_log=0,i_reserve_keys_for_misses=0,i_local_updates=0,i_num_updates_log=0,i_num_probe_keys_log=27,i_miss_percentage=0,i_out_of_range_percentage=0,i_range_query_hit_count_log=0,i_exponent_bias=0,i_force_single_anyhit=1,i_perpendicular_rays=1,i_start_ray_at_zero=1,i_compaction=1,i_large_keys=0,i_closest_hit=0,i_skip_probing=0,i_num_rays_per_thread_log=0,i_decomposition_bits=22,i_debug=0,uncompacted_size=1902656640,final_size=1203155456,update_temp_buffer_size=0,convert_time_ms=5.4952321052551269531,build_time_ms=93.34783935546875,convert_build_time_ms=98.843071460723876953,convert_build_compact_time_ms=103.07219123840332031,compact_time_ms=4.2291197776794433594,update_time_ms=0,convert_and_update_time_ms=0,sort_time_ms=0,total_probe_time_ms=4938.4333984374998181
i_primitive=triangle,i_key_mode=3d,i_build_mode=b_sfl,i_probe_mode=p_sfl,i_num_build_keys_log=25,i_key_offset=0,i_key_stride_log=0,i_key_replication_log=0,i_reserve_keys_for_misses=0,i_local_updates=0,i_num_updates_log=0,i_num_probe_keys_log=27,i_miss_percentage=0,i_out_of_range_percentage=0,i_range_query_hit_count_log=0,i_exponent_bias=0,i_force_single_anyhit=1,i_perpendicular_rays=1,i_start_ray_at_zero=1,i_compaction=1,i_large_keys=0,i_closest_hit=0,i_skip_probing=0,i_num_rays_per_thread_log=0,i_decomposition_bits=22,i_debug=0,uncompacted_size=1902656640,final_size=1092368256,update_temp_buffer_size=0,convert_time_ms=5.3777918815612792969,build_time_ms=82.0048980712890625,convert_build_time_ms=87.382689952850341797,convert_build_compact_time_ms=91.241122007369995117,compact_time_ms=3.8584320545196533203,update_time_ms=0,convert_and_update_time_ms=0,sort_time_ms=0,total_probe_time_ms=98.077468109130862217
i_primitive=triangle,i_key_mode=3d,i_build_mode=b_sfl,i_probe_mode=p_sfl,i_num_build_keys_log=25,i_key_offset=0,i_key_stride_log=1,i_key_replication_log=0,i_reserve_keys_for_misses=0,i_local_updates=0,i_num_updates_log=0,i_num_probe_keys_log=27,i_miss_percentage=0,i_out_of_range_percentage=0,i_range_query_hit_count_log=0,i_exponent_bias=0,i_force_single_anyhit=1,i_perpendicular_rays=1,i_start_ray_at_zero=1,i_compaction=1,i_large_keys=0,i_closest_hit=0,i_skip_probing=0,i_num_rays_per_thread_log=0,i_decomposition_bits=22,i_debug=0,uncompacted_size=1902656640,final_size=1027588864,update_temp_buffer_size=0,convert_time_ms=5.3791041374206542969,build_time_ms=79.45113372802734375,convert_build_time_ms=84.830237865447998047,convert_build_compact_time_ms=88.394781827926635742,compact_time_ms=3.5645439624786376953,update_time_ms=0,convert_and_update_time_ms=0,sort_time_ms=0,total_probe_time_ms=96.748146820068356533
i_primitive=triangle,i_key_mode=3d,i_build_mode=b_sfl,i_probe_mode=p_sfl,i_num_build_keys_log=25,i_key_offset=0,i_key_stride_log=2,i_key_replication_log=0,i_reserve_keys_for_misses=0,i_local_updates=0,i_num_updates_log=0,i_num_probe_keys_log=27,i_miss_percentage=0,i_out_of_range_percentage=0,i_range_query_hit_count_log=0,i_exponent_bias=0,i_force_single_anyhit=1,i_perpendicular_rays=1,i_start_ray_at_zero=1,i_compaction=1,i_large_keys=0,i_closest_hit=0,i_skip_probing=0,i_num_rays_per_thread_log=0,i_decomposition_bits=22,i_debug=0,uncompacted_size=1902656640,final_size=1061953536,update_temp_buffer_size=0,convert_time_ms=5.3768320083618164062,build_time_ms=78.9012451171875,convert_build_time_ms=84.278077125549316406,convert_build_compact_time_ms=87.981885194778442383,compact_time_ms=3.7038080692291259766,update_time_ms=0,convert_and_update_time_ms=0,sort_time_ms=0,total_probe_time_ms=98.127644348144528408
i_primitive=triangle,i_key_mode=3d,i_build_mode=b_sfl,i_probe_mode=p_sfl,i_num_build_keys_log=25,i_key_offset=0,i_key_stride_log=3,i_key_replication_log=0,i_reserve_keys_for_misses=0,i_local_updates=0,i_num_updates_log=0,i_num_probe_keys_log=27,i_miss_percentage=0,i_out_of_range_percentage=0,i_range_query_hit_count_log=0,i_exponent_bias=0,i_force_single_anyhit=1,i_perpendicular_rays=1,i_start_ray_at_zero=1,i_compaction=1,i_large_keys=0,i_closest_hit=0,i_skip_probing=0,i_num_rays_per_thread_log=0,i_decomposition_bits=22,i_debug=0,uncompacted_size=1902656640,final_size=1012667904,update_temp_buffer_size=0,convert_time_ms=5.3705282211303710938,build_time_ms=78.66777801513671875,convert_build_time_ms=84.038306236267089844,convert_build_compact_time_ms=87.562882184982299805,compact_time_ms=3.5245759487152099609,update_time_ms=0,convert_and_update_time_ms=0,sort_time_ms=0,total_probe_time_ms=97.630550384521484375
i_primitive=triangle,i_key_mode=ext,i_build_mode=b_sfl,i_probe_mode=p_sfl,i_num_build_keys_log=26,i_key_offset=0,i_key_stride_log=0,i_key_replication_log=0,i_reserve_keys_for_misses=0,i_local_updates=0,i_num_updates_log=0,i_num_probe_keys_log=27,i_miss_percentage=0,i_out_of_range_percentage=0,i_range_query_hit_count_log=0,i_exponent_bias=0,i_force_single_anyhit=1,i_perpendicular_rays=1,i_start_ray_at_zero=1,i_compaction=1,i_large_keys=0,i_closest_hit=0,i_skip_probing=0,i_num_rays_per_thread_log=0,i_decomposition_bits=22,i_debug=0,uncompacted_size=3805310464,final_size=2419244672,update_temp_buffer_size=0,convert_time_ms=10.952480316162109375,build_time_ms=190.6913299560546875,convert_build_time_ms=201.64381027221679688,convert_build_compact_time_ms=210.17680263519287109,compact_time_ms=8.5329923629760742188,update_time_ms=0,convert_and_update_time_ms=0,sort_time_ms=0,total_probe_time_ms=10909.45361328125
i_primitive=triangle,i_key_mode=3d,i_build_mode=b_sfl,i_probe_mode=p_sfl,i_num_build_keys_log=26,i_key_offset=0,i_key_stride_log=0,i_key_replication_log=0,i_reserve_keys_for_misses=0,i_local_updates=0,i_num_updates_log=0,i_num_probe_keys_log=27,i_miss_percentage=0,i_out_of_range_percentage=0,i_range_query_hit_count_log=0,i_exponent_bias=0,i_force_single_anyhit=1,i_perpendicular_rays=1,i_start_ray_at_zero=1,i_compaction=1,i_large_keys=0,i_closest_hit=0,i_skip_probing=0,i_num_rays_per_thread_log=0,i_decomposition_bits=22,i_debug=0,uncompacted_size=3805310464,final_size=2124294144,update_temp_buffer_size=0,convert_time_ms=10.724384307861328125,build_time_ms=165.1036224365234375,convert_build_time_ms=175.82800674438476562,convert_build_compact_time_ms=183.26122283935546875,compact_time_ms=7.433216094970703125,update_time_ms=0,convert_and_update_time_ms=0,sort_time_ms=0,total_probe_time_ms=105.20220031738281818
i_primitive=triangle,i_key_mode=3d,i_build_mode=b_sfl,i_probe_mode=p_sfl,i_num_build_keys_log=26,i_key_offset=0,i_key_stride_log=1,i_key_replication_log=0,i_reserve_keys_for_misses=0,i_local_updates=0,i_num_updates_log=0,i_num_probe_keys_log=27,i_miss_percentage=0,i_out_of_range_percentage=0,i_range_query_hit_count_log=0,i_exponent_bias=0,i_force_single_anyhit=1,i_perpendicular_rays=1,i_start_ray_at_zero=1,i_compaction=1,i_large_keys=0,i_closest_hit=0,i_skip_probing=0,i_num_rays_per_thread_log=0,i_decomposition_bits=22,i_debug=0,uncompacted_size=3805310464,final_size=2020260608,update_temp_buffer_size=0,convert_time_ms=10.729855537414550781,build_time_ms=159.1203765869140625,convert_build_time_ms=169.85023212432861328,convert_build_compact_time_ms=176.86360836029052734,compact_time_ms=7.0133762359619140625,update_time_ms=0,convert_and_update_time_ms=0,sort_time_ms=0,total_probe_time_ms=104.42859420776366619
i_primitive=triangle,i_key_mode=3d,i_build_mode=b_sfl,i_probe_mode=p_sfl,i_num_build_keys_log=26,i_key_offset=0,i_key_stride_log=2,i_key_replication_log=0,i_reserve_keys_for_misses=0,i_local_updates=0,i_num_updates_log=0,i_num_probe_keys_log=27,i_miss_percentage=0,i_out_of_range_percentage=0,i_range_query_hit_count_log=0,i_exponent_bias=0,i_force_single_anyhit=1,i_perpendicular_rays=1,i_start_ray_at_zero=1,i_compaction=1,i_large_keys=0,i_closest_hit=0,i_skip_probing=0,i_num_rays_per_thread_log=0,i_decomposition_bits=22,i_debug=0,uncompacted_size=3805310464,final_size=2046719232,update_temp_buffer_size=0,convert_time_ms=10.728735923767089844,build_time_ms=158.9063720703125,convert_build_time_ms=169.63510799407958984,convert_build_compact_time_ms=176.77238798141479492,compact_time_ms=7.1372799873352050781,update_time_ms=0,convert_and_update_time_ms=0,sort_time_ms=0,total_probe_time_ms=105.57975845336913778
i_primitive=triangle,i_key_mode=3d,i_build_mode=b_sfl,i_probe_mode=p_sfl,i_num_build_keys_log=26,i_key_offset=0,i_key_stride_log=3,i_key_replication_log=0,i_reserve_keys_for_misses=0,i_local_updates=0,i_num_updates_log=0,i_num_probe_keys_log=27,i_miss_percentage=0,i_out_of_range_percentage=0,i_range_query_hit_count_log=0,i_exponent_bias=0,i_force_single_anyhit=1,i_perpendicular_rays=1,i_start_ray_at_zero=1,i_compaction=1,i_large_keys=0,i_closest_hit=0,i_skip_probing=0,i_num_rays_per_thread_log=0,i_decomposition_bits=22,i_debug=0,uncompacted_size=3805310464,final_size=2007440128,update_temp_buffer_size=0,convert_time_ms=10.728735923767089844,build_time_ms=158.7158966064453125,convert_build_time_ms=169.44463253021240234,convert_build_compact_time_ms=176.43240833282470703,compact_time_ms=6.9877758026123046875,update_time_ms=0,convert_and_update_time_ms=0,sort_time_ms=0,total_probe_time_ms=105.09697341918945312
