i_primitive=triangle,i_key_mode=3d,i_build_mode=b_sfl,i_probe_mode=p_sfl,i_update_type=global,i_num_build_keys_log=25,i_key_offset=0,i_key_stride_log=0,i_key_replication_log=0,i_reserve_keys_for_misses=0,i_num_updates_log=0,i_local_update_chunk_size_log=1,i_num_probe_keys_log=27,i_miss_percentage=0,i_out_of_range_percentage=0,i_range_query_hit_count_log=0,i_exponent_bias=0,i_force_single_anyhit=1,i_perpendicular_rays=1,i_start_ray_at_zero=0,i_compaction=1,i_large_keys=0,i_closest_hit=0,i_skip_probing=1,i_num_rays_per_thread_log=0,i_force_uniform_keys=0,i_x_bits=23,i_y_bits=9,i_z_bits=0,i_debug=0,uncompacted_size=1902656640,final_size=1228404992,update_temp_buffer_size=0,convert_time_ms=5.4010558128356933594,build_time_ms=84.66022491455078125,convert_build_time_ms=90.061280727386474609,convert_build_compact_time_ms=94.39276885986328125,compact_time_ms=4.3314881324768066406,update_time_ms=0,convert_and_update_time_ms=0,sort_time_ms=0,total_probe_time_ms=0
i_primitive=triangle,i_key_mode=3d,i_build_mode=b_sfl,i_probe_mode=p_sfl,i_update_type=global,i_num_build_keys_log=25,i_key_offset=0,i_key_stride_log=0,i_key_replication_log=0,i_reserve_keys_for_misses=0,i_num_updates_log=4,i_local_update_chunk_size_log=1,i_num_probe_keys_log=27,i_miss_percentage=0,i_out_of_range_percentage=0,i_range_query_hit_count_log=0,i_exponent_bias=0,i_force_single_anyhit=1,i_perpendicular_rays=1,i_start_ray_at_zero=0,i_compaction=1,i_large_keys=0,i_closest_hit=0,i_skip_probing=1,i_num_rays_per_thread_log=0,i_force_uniform_keys=0,i_x_bits=23,i_y_bits=9,i_z_bits=0,i_debug=0,uncompacted_size=2191654784,final_size=1988326016,update_temp_buffer_size=142607488,convert_time_ms=5.4058241844177246094,build_time_ms=77.07135772705078125,convert_build_time_ms=82.477181911468505859,convert_build_compact_time_ms=88.944766044616699219,compact_time_ms=6.4675841331481933594,update_time_ms=25.594879150390625,convert_and_update_time_ms=30.773983001708984375,sort_time_ms=0,total_probe_time_ms=0
i_primitive=triangle,i_key_mode=3d,i_build_mode=b_sfl,i_probe_mode=p_sfl,i_update_type=global,i_num_build_keys_log=25,i_key_offset=0,i_key_stride_log=0,i_key_replication_log=0,i_reserve_keys_for_misses=0,i_num_updates_log=8,i_local_update_chunk_size_log=1,i_num_probe_keys_log=27,i_miss_percentage=0,i_out_of_range_percentage=0,i_range_query_hit_count_log=0,i_exponent_bias=0,i_force_single_anyhit=1,i_perpendicular_rays=1,i_start_ray_at_zero=0,i_compaction=1,i_large_keys=0,i_closest_hit=0,i_skip_probing=1,i_num_rays_per_thread_log=0,i_force_uniform_keys=0,i_x_bits=23,i_y_bits=9,i_z_bits=0,i_debug=0,uncompacted_size=2191654784,final_size=1988326016,update_temp_buffer_size=142607488,convert_time_ms=5.3978238105773925781,build_time_ms=76.8481292724609375,convert_build_time_ms=82.245953083038330078,convert_build_compact_time_ms=88.741185188293457031,compact_time_ms=6.4952321052551269531,update_time_ms=25.48598480224609375,convert_and_update_time_ms=30.644064903259277344,sort_time_ms=0,total_probe_time_ms=0
i_primitive=triangle,i_key_mode=3d,i_build_mode=b_sfl,i_probe_mode=p_sfl,i_update_type=global,i_num_build_keys_log=25,i_key_offset=0,i_key_stride_log=0,i_key_replication_log=0,i_reserve_keys_for_misses=0,i_num_updates_log=12,i_local_update_chunk_size_log=1,i_num_probe_keys_log=27,i_miss_percentage=0,i_out_of_range_percentage=0,i_range_query_hit_count_log=0,i_exponent_bias=0,i_force_single_anyhit=1,i_perpendicular_rays=1,i_start_ray_at_zero=0,i_compaction=1,i_large_keys=0,i_closest_hit=0,i_skip_probing=1,i_num_rays_per_thread_log=0,i_force_uniform_keys=0,i_x_bits=23,i_y_bits=9,i_z_bits=0,i_debug=0,uncompacted_size=2191654784,final_size=1988326016,update_temp_buffer_size=142607488,convert_time_ms=5.408351898193359375,build_time_ms=77.27916717529296875,convert_build_time_ms=82.687519073486328125,convert_build_compact_time_ms=89.151903152465820312,compact_time_ms=6.4643840789794921875,update_time_ms=25.639583587646484375,convert_and_update_time_ms=30.774751663208007812,sort_time_ms=0,total_probe_time_ms=0
i_primitive=triangle,i_key_mode=3d,i_build_mode=b_sfl,i_probe_mode=p_sfl,i_update_type=global,i_num_build_keys_log=25,i_key_offset=0,i_key_stride_log=0,i_key_replication_log=0,i_reserve_keys_for_misses=0,i_num_updates_log=16,i_local_update_chunk_size_log=1,i_num_probe_keys_log=27,i_miss_percentage=0,i_out_of_range_percentage=0,i_range_query_hit_count_log=0,i_exponent_bias=0,i_force_single_anyhit=1,i_perpendicular_rays=1,i_start_ray_at_zero=0,i_compaction=1,i_large_keys=0,i_closest_hit=0,i_skip_probing=1,i_num_rays_per_thread_log=0,i_force_uniform_keys=0,i_x_bits=23,i_y_bits=9,i_z_bits=0,i_debug=0,uncompacted_size=2191654784,final_size=1988326016,update_temp_buffer_size=142607488,convert_time_ms=5.402751922607421875,build_time_ms=76.83878326416015625,convert_build_time_ms=82.241535186767578125,convert_build_compact_time_ms=88.723423004150390625,compact_time_ms=6.4818878173828125,update_time_ms=25.640960693359375,convert_and_update_time_ms=30.781696796417236328,sort_time_ms=0,total_probe_time_ms=0
i_primitive=triangle,i_key_mode=3d,i_build_mode=b_sfl,i_probe_mode=p_sfl,i_update_type=global,i_num_build_keys_log=25,i_key_offset=0,i_key_stride_log=0,i_key_replication_log=0,i_reserve_keys_for_misses=0,i_num_updates_log=20,i_local_update_chunk_size_log=1,i_num_probe_keys_log=27,i_miss_percentage=0,i_out_of_range_percentage=0,i_range_query_hit_count_log=0,i_exponent_bias=0,i_force_single_anyhit=1,i_perpendicular_rays=1,i_start_ray_at_zero=0,i_compaction=1,i_large_keys=0,i_closest_hit=0,i_skip_probing=1,i_num_rays_per_thread_log=0,i_force_uniform_keys=0,i_x_bits=23,i_y_bits=9,i_z_bits=0,i_debug=0,uncompacted_size=2191654784,final_size=1988326016,update_temp_buffer_size=142607488,convert_time_ms=5.3992638587951660156,build_time_ms=77.16454315185546875,convert_build_time_ms=82.563807010650634766,convert_build_compact_time_ms=89.025247097015380859,compact_time_ms=6.4614400863647460938,update_time_ms=25.878528594970703125,convert_and_update_time_ms=31.084704399108886719,sort_time_ms=0,total_probe_time_ms=0
i_primitive=triangle,i_key_mode=3d,i_build_mode=b_sfl,i_probe_mode=p_sfl,i_update_type=global,i_num_build_keys_log=25,i_key_offset=0,i_key_stride_log=0,i_key_replication_log=0,i_reserve_keys_for_misses=0,i_num_updates_log=24,i_local_update_chunk_size_log=1,i_num_probe_keys_log=27,i_miss_percentage=0,i_out_of_range_percentage=0,i_range_query_hit_count_log=0,i_exponent_bias=0,i_force_single_anyhit=1,i_perpendicular_rays=1,i_start_ray_at_zero=0,i_compaction=1,i_large_keys=0,i_closest_hit=0,i_skip_probing=1,i_num_rays_per_thread_log=0,i_force_uniform_keys=0,i_x_bits=23,i_y_bits=9,i_z_bits=0,i_debug=0,uncompacted_size=2191654784,final_size=1988326016,update_temp_buffer_size=142607488,convert_time_ms=5.4053440093994140625,build_time_ms=76.78643035888671875,convert_build_time_ms=82.191774368286132812,convert_build_compact_time_ms=88.643838405609130859,compact_time_ms=6.4520640373229980469,update_time_ms=30.741504669189453125,convert_and_update_time_ms=35.879456520080566406,sort_time_ms=0,total_probe_time_ms=0
i_primitive=triangle,i_key_mode=3d,i_build_mode=b_asc,i_probe_mode=p_sfl,i_update_type=global,i_num_build_keys_log=25,i_key_offset=0,i_key_stride_log=0,i_key_replication_log=0,i_reserve_keys_for_misses=0,i_num_updates_log=0,i_local_update_chunk_size_log=1,i_num_probe_keys_log=27,i_miss_percentage=0,i_out_of_range_percentage=0,i_range_query_hit_count_log=0,i_exponent_bias=0,i_force_single_anyhit=1,i_perpendicular_rays=1,i_start_ray_at_zero=0,i_compaction=1,i_large_keys=0,i_closest_hit=0,i_skip_probing=1,i_num_rays_per_thread_log=0,i_force_uniform_keys=0,i_x_bits=23,i_y_bits=9,i_z_bits=0,i_debug=0,uncompacted_size=1902656640,final_size=1230342528,update_temp_buffer_size=0,convert_time_ms=5.406208038330078125,build_time_ms=63.055873870849609375,convert_build_time_ms=68.4620819091796875,convert_build_compact_time_ms=72.821249961853027344,compact_time_ms=4.3591680526733398438,update_time_ms=0,convert_and_update_time_ms=0,sort_time_ms=0,total_probe_time_ms=0
i_primitive=triangle,i_key_mode=3d,i_build_mode=b_asc,i_probe_mode=p_sfl,i_update_type=global,i_num_build_keys_log=25,i_key_offset=0,i_key_stride_log=0,i_key_replication_log=0,i_reserve_keys_for_misses=0,i_num_updates_log=4,i_local_update_chunk_size_log=1,i_num_probe_keys_log=27,i_miss_percentage=0,i_out_of_range_percentage=0,i_range_query_hit_count_log=0,i_exponent_bias=0,i_force_single_anyhit=1,i_perpendicular_rays=1,i_start_ray_at_zero=0,i_compaction=1,i_large_keys=0,i_closest_hit=0,i_skip_probing=1,i_num_rays_per_thread_log=0,i_force_uniform_keys=0,i_x_bits=23,i_y_bits=9,i_z_bits=0,i_debug=0,uncompacted_size=2191654784,final_size=1988326016,update_temp_buffer_size=142607488,convert_time_ms=5.4024639129638671875,build_time_ms=63.39347076416015625,convert_build_time_ms=68.795934677124023438,convert_build_compact_time_ms=75.280830860137939453,compact_time_ms=6.4848961830139160156,update_time_ms=12.824576377868652344,convert_and_update_time_ms=17.96096038818359375,sort_time_ms=0,total_probe_time_ms=0
i_primitive=triangle,i_key_mode=3d,i_build_mode=b_asc,i_probe_mode=p_sfl,i_update_type=global,i_num_build_keys_log=25,i_key_offset=0,i_key_stride_log=0,i_key_replication_log=0,i_reserve_keys_for_misses=0,i_num_updates_log=8,i_local_update_chunk_size_log=1,i_num_probe_keys_log=27,i_miss_percentage=0,i_out_of_range_percentage=0,i_range_query_hit_count_log=0,i_exponent_bias=0,i_force_single_anyhit=1,i_perpendicular_rays=1,i_start_ray_at_zero=0,i_compaction=1,i_large_keys=0,i_closest_hit=0,i_skip_probing=1,i_num_rays_per_thread_log=0,i_force_uniform_keys=0,i_x_bits=23,i_y_bits=9,i_z_bits=0,i_debug=0,uncompacted_size=2191654784,final_size=1988326016,update_temp_buffer_size=142607488,convert_time_ms=5.405055999755859375,build_time_ms=64.07782745361328125,convert_build_time_ms=69.482883453369140625,convert_build_compact_time_ms=75.969923496246337891,compact_time_ms=6.4870400428771972656,update_time_ms=12.836607933044433594,convert_and_update_time_ms=17.968287944793701172,sort_time_ms=0,total_probe_time_ms=0
i_primitive=triangle,i_key_mode=3d,i_build_mode=b_asc,i_probe_mode=p_sfl,i_update_type=global,i_num_build_keys_log=25,i_key_offset=0,i_key_stride_log=0,i_key_replication_log=0,i_reserve_keys_for_misses=0,i_num_updates_log=12,i_local_update_chunk_size_log=1,i_num_probe_keys_log=27,i_miss_percentage=0,i_out_of_range_percentage=0,i_range_query_hit_count_log=0,i_exponent_bias=0,i_force_single_anyhit=1,i_perpendicular_rays=1,i_start_ray_at_zero=0,i_compaction=1,i_large_keys=0,i_closest_hit=0,i_skip_probing=1,i_num_rays_per_thread_log=0,i_force_uniform_keys=0,i_x_bits=23,i_y_bits=9,i_z_bits=0,i_debug=0,uncompacted_size=2191654784,final_size=1988326016,update_temp_buffer_size=142607488,convert_time_ms=5.4024319648742675781,build_time_ms=63.761409759521484375,convert_build_time_ms=69.163841724395751953,convert_build_compact_time_ms=75.632449626922607422,compact_time_ms=6.4686079025268554688,update_time_ms=12.88191986083984375,convert_and_update_time_ms=18.017279624938964844,sort_time_ms=0,total_probe_time_ms=0
i_primitive=triangle,i_key_mode=3d,i_build_mode=b_asc,i_probe_mode=p_sfl,i_update_type=global,i_num_build_keys_log=25,i_key_offset=0,i_key_stride_log=0,i_key_replication_log=0,i_reserve_keys_for_misses=0,i_num_updates_log=16,i_local_update_chunk_size_log=1,i_num_probe_keys_log=27,i_miss_percentage=0,i_out_of_range_percentage=0,i_range_query_hit_count_log=0,i_exponent_bias=0,i_force_single_anyhit=1,i_perpendicular_rays=1,i_start_ray_at_zero=0,i_compaction=1,i_large_keys=0,i_closest_hit=0,i_skip_probing=1,i_num_rays_per_thread_log=0,i_force_uniform_keys=0,i_x_bits=23,i_y_bits=9,i_z_bits=0,i_debug=0,uncompacted_size=2191654784,final_size=1988326016,update_temp_buffer_size=142607488,convert_time_ms=5.3987841606140136719,build_time_ms=63.847232818603515625,convert_build_time_ms=69.246016979217529297,convert_build_compact_time_ms=75.719745159149169922,compact_time_ms=6.473728179931640625,update_time_ms=12.874752044677734375,convert_and_update_time_ms=18.0102081298828125,sort_time_ms=0,total_probe_time_ms=0
i_primitive=triangle,i_key_mode=3d,i_build_mode=b_asc,i_probe_mode=p_sfl,i_update_type=global,i_num_build_keys_log=25,i_key_offset=0,i_key_stride_log=0,i_key_replication_log=0,i_reserve_keys_for_misses=0,i_num_updates_log=20,i_local_update_chunk_size_log=1,i_num_probe_keys_log=27,i_miss_percentage=0,i_out_of_range_percentage=0,i_range_query_hit_count_log=0,i_exponent_bias=0,i_force_single_anyhit=1,i_perpendicular_rays=1,i_start_ray_at_zero=0,i_compaction=1,i_large_keys=0,i_closest_hit=0,i_skip_probing=1,i_num_rays_per_thread_log=0,i_force_uniform_keys=0,i_x_bits=23,i_y_bits=9,i_z_bits=0,i_debug=0,uncompacted_size=2191654784,final_size=1988326016,update_temp_buffer_size=142607488,convert_time_ms=5.4081921577453613281,build_time_ms=63.3989105224609375,convert_build_time_ms=68.807102680206298828,convert_build_compact_time_ms=75.286974906921386719,compact_time_ms=6.4798722267150878906,update_time_ms=13.30483245849609375,convert_and_update_time_ms=18.426432609558105469,sort_time_ms=0,total_probe_time_ms=0
i_primitive=triangle,i_key_mode=3d,i_build_mode=b_asc,i_probe_mode=p_sfl,i_update_type=global,i_num_build_keys_log=25,i_key_offset=0,i_key_stride_log=0,i_key_replication_log=0,i_reserve_keys_for_misses=0,i_num_updates_log=24,i_local_update_chunk_size_log=1,i_num_probe_keys_log=27,i_miss_percentage=0,i_out_of_range_percentage=0,i_range_query_hit_count_log=0,i_exponent_bias=0,i_force_single_anyhit=1,i_perpendicular_rays=1,i_start_ray_at_zero=0,i_compaction=1,i_large_keys=0,i_closest_hit=0,i_skip_probing=1,i_num_rays_per_thread_log=0,i_force_uniform_keys=0,i_x_bits=23,i_y_bits=9,i_z_bits=0,i_debug=0,uncompacted_size=2191654784,final_size=1988326016,update_temp_buffer_size=142607488,convert_time_ms=5.3960638046264648438,build_time_ms=63.43065643310546875,convert_build_time_ms=68.826720237731933594,convert_build_compact_time_ms=75.305568218231201172,compact_time_ms=6.4788479804992675781,update_time_ms=16.26828765869140625,convert_and_update_time_ms=21.387007713317871094,sort_time_ms=0,total_probe_time_ms=0
i_primitive=triangle,i_key_mode=3d,i_build_mode=b_sfl,i_probe_mode=p_sfl,i_update_type=pos_local,i_num_build_keys_log=25,i_key_offset=0,i_key_stride_log=0,i_key_replication_log=0,i_reserve_keys_for_misses=0,i_num_updates_log=0,i_local_update_chunk_size_log=1,i_num_probe_keys_log=27,i_miss_percentage=0,i_out_of_range_percentage=0,i_range_query_hit_count_log=0,i_exponent_bias=0,i_force_single_anyhit=1,i_perpendicular_rays=1,i_start_ray_at_zero=0,i_compaction=1,i_large_keys=0,i_closest_hit=0,i_skip_probing=1,i_num_rays_per_thread_log=0,i_force_uniform_keys=0,i_x_bits=23,i_y_bits=9,i_z_bits=0,i_debug=0,uncompacted_size=1902656640,final_size=1228065792,update_temp_buffer_size=0,convert_time_ms=5.3890881538391113281,build_time_ms=84.26694488525390625,convert_build_time_ms=89.656033039093017578,convert_build_compact_time_ms=93.989569187164306641,compact_time_ms=4.3335361480712890625,update_time_ms=0,convert_and_update_time_ms=0,sort_time_ms=0,total_probe_time_ms=0
i_primitive=triangle,i_key_mode=3d,i_build_mode=b_sfl,i_probe_mode=p_sfl,i_update_type=pos_local,i_num_build_keys_log=25,i_key_offset=0,i_key_stride_log=0,i_key_replication_log=0,i_reserve_keys_for_misses=0,i_num_updates_log=4,i_local_update_chunk_size_log=1,i_num_probe_keys_log=27,i_miss_percentage=0,i_out_of_range_percentage=0,i_range_query_hit_count_log=0,i_exponent_bias=0,i_force_single_anyhit=1,i_perpendicular_rays=1,i_start_ray_at_zero=0,i_compaction=1,i_large_keys=0,i_closest_hit=0,i_skip_probing=1,i_num_rays_per_thread_log=0,i_force_uniform_keys=0,i_x_bits=23,i_y_bits=9,i_z_bits=0,i_debug=0,uncompacted_size=2191654784,final_size=1988326016,update_temp_buffer_size=142607488,convert_time_ms=5.3914561271667480469,build_time_ms=76.89011383056640625,convert_build_time_ms=82.281569957733154297,convert_build_compact_time_ms=88.756226062774658203,compact_time_ms=6.4746561050415039062,update_time_ms=25.614240646362304688,convert_and_update_time_ms=30.736576557159423828,sort_time_ms=0,total_probe_time_ms=0
i_primitive=triangle,i_key_mode=3d,i_build_mode=b_sfl,i_probe_mode=p_sfl,i_update_type=pos_local,i_num_build_keys_log=25,i_key_offset=0,i_key_stride_log=0,i_key_replication_log=0,i_reserve_keys_for_misses=0,i_num_updates_log=8,i_local_update_chunk_size_log=1,i_num_probe_keys_log=27,i_miss_percentage=0,i_out_of_range_percentage=0,i_range_query_hit_count_log=0,i_exponent_bias=0,i_force_single_anyhit=1,i_perpendicular_rays=1,i_start_ray_at_zero=0,i_compaction=1,i_large_keys=0,i_closest_hit=0,i_skip_probing=1,i_num_rays_per_thread_log=0,i_force_uniform_keys=0,i_x_bits=23,i_y_bits=9,i_z_bits=0,i_debug=0,uncompacted_size=2191654784,final_size=1988326016,update_temp_buffer_size=142607488,convert_time_ms=5.3956480026245117188,build_time_ms=77.505218505859375,convert_build_time_ms=82.900866508483886719,convert_build_compact_time_ms=89.376642704010009766,compact_time_ms=6.4757761955261230469,update_time_ms=25.6880645751953125,convert_and_update_time_ms=30.809696674346923828,sort_time_ms=0,total_probe_time_ms=0
i_primitive=triangle,i_key_mode=3d,i_build_mode=b_sfl,i_probe_mode=p_sfl,i_update_type=pos_local,i_num_build_keys_log=25,i_key_offset=0,i_key_stride_log=0,i_key_replication_log=0,i_reserve_keys_for_misses=0,i_num_updates_log=12,i_local_update_chunk_size_log=1,i_num_probe_keys_log=27,i_miss_percentage=0,i_out_of_range_percentage=0,i_range_query_hit_count_log=0,i_exponent_bias=0,i_force_single_anyhit=1,i_perpendicular_rays=1,i_start_ray_at_zero=0,i_compaction=1,i_large_keys=0,i_closest_hit=0,i_skip_probing=1,i_num_rays_per_thread_log=0,i_force_uniform_keys=0,i_x_bits=23,i_y_bits=9,i_z_bits=0,i_debug=0,uncompacted_size=2191654784,final_size=1988326016,update_temp_buffer_size=142607488,convert_time_ms=5.3968000411987304688,build_time_ms=77.1584014892578125,convert_build_time_ms=82.555201530456542969,convert_build_compact_time_ms=89.047361373901367188,compact_time_ms=6.4921598434448242188,update_time_ms=24.942592620849609375,convert_and_update_time_ms=30.061664581298828125,sort_time_ms=0,total_probe_time_ms=0
i_primitive=triangle,i_key_mode=3d,i_build_mode=b_sfl,i_probe_mode=p_sfl,i_update_type=pos_local,i_num_build_keys_log=25,i_key_offset=0,i_key_stride_log=0,i_key_replication_log=0,i_reserve_keys_for_misses=0,i_num_updates_log=16,i_local_update_chunk_size_log=1,i_num_probe_keys_log=27,i_miss_percentage=0,i_out_of_range_percentage=0,i_range_query_hit_count_log=0,i_exponent_bias=0,i_force_single_anyhit=1,i_perpendicular_rays=1,i_start_ray_at_zero=0,i_compaction=1,i_large_keys=0,i_closest_hit=0,i_skip_probing=1,i_num_rays_per_thread_log=0,i_force_uniform_keys=0,i_x_bits=23,i_y_bits=9,i_z_bits=0,i_debug=0,uncompacted_size=2191654784,final_size=1988326016,update_temp_buffer_size=142607488,convert_time_ms=5.400608062744140625,build_time_ms=77.1051483154296875,convert_build_time_ms=82.505756378173828125,convert_build_compact_time_ms=89.011068344116210938,compact_time_ms=6.5053119659423828125,update_time_ms=25.67372894287109375,convert_and_update_time_ms=30.792417049407958984,sort_time_ms=0,total_probe_time_ms=0
i_primitive=triangle,i_key_mode=3d,i_build_mode=b_sfl,i_probe_mode=p_sfl,i_update_type=pos_local,i_num_build_keys_log=25,i_key_offset=0,i_key_stride_log=0,i_key_replication_log=0,i_reserve_keys_for_misses=0,i_num_updates_log=20,i_local_update_chunk_size_log=1,i_num_probe_keys_log=27,i_miss_percentage=0,i_out_of_range_percentage=0,i_range_query_hit_count_log=0,i_exponent_bias=0,i_force_single_anyhit=1,i_perpendicular_rays=1,i_start_ray_at_zero=0,i_compaction=1,i_large_keys=0,i_closest_hit=0,i_skip_probing=1,i_num_rays_per_thread_log=0,i_force_uniform_keys=0,i_x_bits=23,i_y_bits=9,i_z_bits=0,i_debug=0,uncompacted_size=2191654784,final_size=1988326016,update_temp_buffer_size=142607488,convert_time_ms=5.4030079841613769531,build_time_ms=77.11743927001953125,convert_build_time_ms=82.520447254180908203,convert_build_compact_time_ms=89.022847175598144531,compact_time_ms=6.5023999214172363281,update_time_ms=26.044031143188476562,convert_and_update_time_ms=31.160383224487304688,sort_time_ms=0,total_probe_time_ms=0
i_primitive=triangle,i_key_mode=3d,i_build_mode=b_sfl,i_probe_mode=p_sfl,i_update_type=pos_local,i_num_build_keys_log=25,i_key_offset=0,i_key_stride_log=0,i_key_replication_log=0,i_reserve_keys_for_misses=0,i_num_updates_log=24,i_local_update_chunk_size_log=1,i_num_probe_keys_log=27,i_miss_percentage=0,i_out_of_range_percentage=0,i_range_query_hit_count_log=0,i_exponent_bias=0,i_force_single_anyhit=1,i_perpendicular_rays=1,i_start_ray_at_zero=0,i_compaction=1,i_large_keys=0,i_closest_hit=0,i_skip_probing=1,i_num_rays_per_thread_log=0,i_force_uniform_keys=0,i_x_bits=23,i_y_bits=9,i_z_bits=0,i_debug=0,uncompacted_size=2191654784,final_size=1988326016,update_temp_buffer_size=142607488,convert_time_ms=5.4017920494079589844,build_time_ms=76.66381072998046875,convert_build_time_ms=82.065602779388427734,convert_build_compact_time_ms=88.556738853454589844,compact_time_ms=6.4911360740661621094,update_time_ms=30.780416488647460938,convert_and_update_time_ms=35.894784450531005859,sort_time_ms=0,total_probe_time_ms=0
i_primitive=triangle,i_key_mode=3d,i_build_mode=b_asc,i_probe_mode=p_sfl,i_update_type=pos_local,i_num_build_keys_log=25,i_key_offset=0,i_key_stride_log=0,i_key_replication_log=0,i_reserve_keys_for_misses=0,i_num_updates_log=0,i_local_update_chunk_size_log=1,i_num_probe_keys_log=27,i_miss_percentage=0,i_out_of_range_percentage=0,i_range_query_hit_count_log=0,i_exponent_bias=0,i_force_single_anyhit=1,i_perpendicular_rays=1,i_start_ray_at_zero=0,i_compaction=1,i_large_keys=0,i_closest_hit=0,i_skip_probing=1,i_num_rays_per_thread_log=0,i_force_uniform_keys=0,i_x_bits=23,i_y_bits=9,i_z_bits=0,i_debug=0,uncompacted_size=1902656640,final_size=1231876480,update_temp_buffer_size=0,convert_time_ms=5.4069437980651855469,build_time_ms=62.380031585693359375,convert_build_time_ms=67.786975383758544922,convert_build_compact_time_ms=72.120447158813476562,compact_time_ms=4.3334717750549316406,update_time_ms=0,convert_and_update_time_ms=0,sort_time_ms=0,total_probe_time_ms=0
i_primitive=triangle,i_key_mode=3d,i_build_mode=b_asc,i_probe_mode=p_sfl,i_update_type=pos_local,i_num_build_keys_log=25,i_key_offset=0,i_key_stride_log=0,i_key_replication_log=0,i_reserve_keys_for_misses=0,i_num_updates_log=4,i_local_update_chunk_size_log=1,i_num_probe_keys_log=27,i_miss_percentage=0,i_out_of_range_percentage=0,i_range_query_hit_count_log=0,i_exponent_bias=0,i_force_single_anyhit=1,i_perpendicular_rays=1,i_start_ray_at_zero=0,i_compaction=1,i_large_keys=0,i_closest_hit=0,i_skip_probing=1,i_num_rays_per_thread_log=0,i_force_uniform_keys=0,i_x_bits=23,i_y_bits=9,i_z_bits=0,i_debug=0,uncompacted_size=2191654784,final_size=1988326016,update_temp_buffer_size=142607488,convert_time_ms=5.400447845458984375,build_time_ms=63.3066864013671875,convert_build_time_ms=68.707134246826171875,convert_build_compact_time_ms=75.197246074676513672,compact_time_ms=6.4901118278503417969,update_time_ms=12.828672409057617188,convert_and_update_time_ms=17.938720226287841797,sort_time_ms=0,total_probe_time_ms=0
i_primitive=triangle,i_key_mode=3d,i_build_mode=b_asc,i_probe_mode=p_sfl,i_update_type=pos_local,i_num_build_keys_log=25,i_key_offset=0,i_key_stride_log=0,i_key_replication_log=0,i_reserve_keys_for_misses=0,i_num_updates_log=8,i_local_update_chunk_size_log=1,i_num_probe_keys_log=27,i_miss_percentage=0,i_out_of_range_percentage=0,i_range_query_hit_count_log=0,i_exponent_bias=0,i_force_single_anyhit=1,i_perpendicular_rays=1,i_start_ray_at_zero=0,i_compaction=1,i_large_keys=0,i_closest_hit=0,i_skip_probing=1,i_num_rays_per_thread_log=0,i_force_uniform_keys=0,i_x_bits=23,i_y_bits=9,i_z_bits=0,i_debug=0,uncompacted_size=2191654784,final_size=1988326016,update_temp_buffer_size=142607488,convert_time_ms=5.4064960479736328125,build_time_ms=63.33644866943359375,convert_build_time_ms=68.742944717407226562,convert_build_compact_time_ms=75.228928565979003906,compact_time_ms=6.4859838485717773438,update_time_ms=12.783616065979003906,convert_and_update_time_ms=17.892672061920166016,sort_time_ms=0,total_probe_time_ms=0
i_primitive=triangle,i_key_mode=3d,i_build_mode=b_asc,i_probe_mode=p_sfl,i_update_type=pos_local,i_num_build_keys_log=25,i_key_offset=0,i_key_stride_log=0,i_key_replication_log=0,i_reserve_keys_for_misses=0,i_num_updates_log=12,i_local_update_chunk_size_log=1,i_num_probe_keys_log=27,i_miss_percentage=0,i_out_of_range_percentage=0,i_range_query_hit_count_log=0,i_exponent_bias=0,i_force_single_anyhit=1,i_perpendicular_rays=1,i_start_ray_at_zero=0,i_compaction=1,i_large_keys=0,i_closest_hit=0,i_skip_probing=1,i_num_rays_per_thread_log=0,i_force_uniform_keys=0,i_x_bits=23,i_y_bits=9,i_z_bits=0,i_debug=0,uncompacted_size=2191654784,final_size=1988326016,update_temp_buffer_size=142607488,convert_time_ms=5.3922557830810546875,build_time_ms=64.2631683349609375,convert_build_time_ms=69.655424118041992188,convert_build_compact_time_ms=76.135296344757080078,compact_time_ms=6.4798722267150878906,update_time_ms=12.835840225219726562,convert_and_update_time_ms=17.957472324371337891,sort_time_ms=0,total_probe_time_ms=0
i_primitive=triangle,i_key_mode=3d,i_build_mode=b_asc,i_probe_mode=p_sfl,i_update_type=pos_local,i_num_build_keys_log=25,i_key_offset=0,i_key_stride_log=0,i_key_replication_log=0,i_reserve_keys_for_misses=0,i_num_updates_log=16,i_local_update_chunk_size_log=1,i_num_probe_keys_log=27,i_miss_percentage=0,i_out_of_range_percentage=0,i_range_query_hit_count_log=0,i_exponent_bias=0,i_force_single_anyhit=1,i_perpendicular_rays=1,i_start_ray_at_zero=0,i_compaction=1,i_large_keys=0,i_closest_hit=0,i_skip_probing=1,i_num_rays_per_thread_log=0,i_force_uniform_keys=0,i_x_bits=23,i_y_bits=9,i_z_bits=0,i_debug=0,uncompacted_size=2191654784,final_size=1988326016,update_temp_buffer_size=142607488,convert_time_ms=5.3986239433288574219,build_time_ms=64.02559661865234375,convert_build_time_ms=69.424220561981201172,convert_build_compact_time_ms=75.900860786437988281,compact_time_ms=6.4766402244567871094,update_time_ms=12.861184120178222656,convert_and_update_time_ms=17.973311901092529297,sort_time_ms=0,total_probe_time_ms=0
i_primitive=triangle,i_key_mode=3d,i_build_mode=b_asc,i_probe_mode=p_sfl,i_update_type=pos_local,i_num_build_keys_log=25,i_key_offset=0,i_key_stride_log=0,i_key_replication_log=0,i_reserve_keys_for_misses=0,i_num_updates_log=20,i_local_update_chunk_size_log=1,i_num_probe_keys_log=27,i_miss_percentage=0,i_out_of_range_percentage=0,i_range_query_hit_count_log=0,i_exponent_bias=0,i_force_single_anyhit=1,i_perpendicular_rays=1,i_start_ray_at_zero=0,i_compaction=1,i_large_keys=0,i_closest_hit=0,i_skip_probing=1,i_num_rays_per_thread_log=0,i_force_uniform_keys=0,i_x_bits=23,i_y_bits=9,i_z_bits=0,i_debug=0,uncompacted_size=2191654784,final_size=1988326016,update_temp_buffer_size=142607488,convert_time_ms=5.4034562110900878906,build_time_ms=63.4071044921875,convert_build_time_ms=68.810560703277587891,convert_build_compact_time_ms=75.282240867614746094,compact_time_ms=6.4716801643371582031,update_time_ms=12.861439704895019531,convert_and_update_time_ms=17.984255790710449219,sort_time_ms=0,total_probe_time_ms=0
i_primitive=triangle,i_key_mode=3d,i_build_mode=b_asc,i_probe_mode=p_sfl,i_update_type=pos_local,i_num_build_keys_log=25,i_key_offset=0,i_key_stride_log=0,i_key_replication_log=0,i_reserve_keys_for_misses=0,i_num_updates_log=24,i_local_update_chunk_size_log=1,i_num_probe_keys_log=27,i_miss_percentage=0,i_out_of_range_percentage=0,i_range_query_hit_count_log=0,i_exponent_bias=0,i_force_single_anyhit=1,i_perpendicular_rays=1,i_start_ray_at_zero=0,i_compaction=1,i_large_keys=0,i_closest_hit=0,i_skip_probing=1,i_num_rays_per_thread_log=0,i_force_uniform_keys=0,i_x_bits=23,i_y_bits=9,i_z_bits=0,i_debug=0,uncompacted_size=2191654784,final_size=1988326016,update_temp_buffer_size=142607488,convert_time_ms=5.4067521095275878906,build_time_ms=64.12493133544921875,convert_build_time_ms=69.531683444976806641,convert_build_compact_time_ms=76.018723487854003906,compact_time_ms=6.4870400428771972656,update_time_ms=12.94745635986328125,convert_and_update_time_ms=18.069056510925292969,sort_time_ms=0,total_probe_time_ms=0
i_primitive=triangle,i_key_mode=3d,i_build_mode=b_sfl,i_probe_mode=p_sfl,i_update_type=rank_local,i_num_build_keys_log=25,i_key_offset=0,i_key_stride_log=0,i_key_replication_log=0,i_reserve_keys_for_misses=0,i_num_updates_log=0,i_local_update_chunk_size_log=1,i_num_probe_keys_log=27,i_miss_percentage=0,i_out_of_range_percentage=0,i_range_query_hit_count_log=0,i_exponent_bias=0,i_force_single_anyhit=1,i_perpendicular_rays=1,i_start_ray_at_zero=0,i_compaction=1,i_large_keys=0,i_closest_hit=0,i_skip_probing=1,i_num_rays_per_thread_log=0,i_force_uniform_keys=0,i_x_bits=23,i_y_bits=9,i_z_bits=0,i_debug=0,uncompacted_size=1902656640,final_size=1228145536,update_temp_buffer_size=0,convert_time_ms=5.3954558372497558594,build_time_ms=84.695037841796875,convert_build_time_ms=90.090493679046630859,convert_build_compact_time_ms=94.388157844543457031,compact_time_ms=4.2976641654968261719,update_time_ms=0,convert_and_update_time_ms=0,sort_time_ms=0,total_probe_time_ms=0
i_primitive=triangle,i_key_mode=3d,i_build_mode=b_sfl,i_probe_mode=p_sfl,i_update_type=rank_local,i_num_build_keys_log=25,i_key_offset=0,i_key_stride_log=0,i_key_replication_log=0,i_reserve_keys_for_misses=0,i_num_updates_log=4,i_local_update_chunk_size_log=1,i_num_probe_keys_log=27,i_miss_percentage=0,i_out_of_range_percentage=0,i_range_query_hit_count_log=0,i_exponent_bias=0,i_force_single_anyhit=1,i_perpendicular_rays=1,i_start_ray_at_zero=0,i_compaction=1,i_large_keys=0,i_closest_hit=0,i_skip_probing=1,i_num_rays_per_thread_log=0,i_force_uniform_keys=0,i_x_bits=23,i_y_bits=9,i_z_bits=0,i_debug=0,uncompacted_size=2191654784,final_size=1988326016,update_temp_buffer_size=142607488,convert_time_ms=5.3915839195251464844,build_time_ms=77.14713287353515625,convert_build_time_ms=82.538716793060302734,convert_build_compact_time_ms=89.008348941802978516,compact_time_ms=6.4696321487426757812,update_time_ms=25.616384506225585938,convert_and_update_time_ms=31.022304534912109375,sort_time_ms=0,total_probe_time_ms=0
i_primitive=triangle,i_key_mode=3d,i_build_mode=b_sfl,i_probe_mode=p_sfl,i_update_type=rank_local,i_num_build_keys_log=25,i_key_offset=0,i_key_stride_log=0,i_key_replication_log=0,i_reserve_keys_for_misses=0,i_num_updates_log=8,i_local_update_chunk_size_log=1,i_num_probe_keys_log=27,i_miss_percentage=0,i_out_of_range_percentage=0,i_range_query_hit_count_log=0,i_exponent_bias=0,i_force_single_anyhit=1,i_perpendicular_rays=1,i_start_ray_at_zero=0,i_compaction=1,i_large_keys=0,i_closest_hit=0,i_skip_probing=1,i_num_rays_per_thread_log=0,i_force_uniform_keys=0,i_x_bits=23,i_y_bits=9,i_z_bits=0,i_debug=0,uncompacted_size=2191654784,final_size=1988326016,update_temp_buffer_size=142607488,convert_time_ms=5.3942399024963378906,build_time_ms=76.9852142333984375,convert_build_time_ms=82.379454135894775391,convert_build_compact_time_ms=88.875710010528564453,compact_time_ms=6.4962558746337890625,update_time_ms=25.550848007202148438,convert_and_update_time_ms=30.953055858612060547,sort_time_ms=0,total_probe_time_ms=0
i_primitive=triangle,i_key_mode=3d,i_build_mode=b_sfl,i_probe_mode=p_sfl,i_update_type=rank_local,i_num_build_keys_log=25,i_key_offset=0,i_key_stride_log=0,i_key_replication_log=0,i_reserve_keys_for_misses=0,i_num_updates_log=12,i_local_update_chunk_size_log=1,i_num_probe_keys_log=27,i_miss_percentage=0,i_out_of_range_percentage=0,i_range_query_hit_count_log=0,i_exponent_bias=0,i_force_single_anyhit=1,i_perpendicular_rays=1,i_start_ray_at_zero=0,i_compaction=1,i_large_keys=0,i_closest_hit=0,i_skip_probing=1,i_num_rays_per_thread_log=0,i_force_uniform_keys=0,i_x_bits=23,i_y_bits=9,i_z_bits=0,i_debug=0,uncompacted_size=2191654784,final_size=1988326016,update_temp_buffer_size=142607488,convert_time_ms=5.3929281234741210938,build_time_ms=77.06400299072265625,convert_build_time_ms=82.456931114196777344,convert_build_compact_time_ms=88.936707019805908203,compact_time_ms=6.4797759056091308594,update_time_ms=25.620479583740234375,convert_and_update_time_ms=31.023423671722412109,sort_time_ms=0,total_probe_time_ms=0
i_primitive=triangle,i_key_mode=3d,i_build_mode=b_sfl,i_probe_mode=p_sfl,i_update_type=rank_local,i_num_build_keys_log=25,i_key_offset=0,i_key_stride_log=0,i_key_replication_log=0,i_reserve_keys_for_misses=0,i_num_updates_log=16,i_local_update_chunk_size_log=1,i_num_probe_keys_log=27,i_miss_percentage=0,i_out_of_range_percentage=0,i_range_query_hit_count_log=0,i_exponent_bias=0,i_force_single_anyhit=1,i_perpendicular_rays=1,i_start_ray_at_zero=0,i_compaction=1,i_large_keys=0,i_closest_hit=0,i_skip_probing=1,i_num_rays_per_thread_log=0,i_force_uniform_keys=0,i_x_bits=23,i_y_bits=9,i_z_bits=0,i_debug=0,uncompacted_size=2191654784,final_size=1988326016,update_temp_buffer_size=142607488,convert_time_ms=5.3902721405029296875,build_time_ms=76.62563323974609375,convert_build_time_ms=82.015905380249023438,convert_build_compact_time_ms=88.482465267181396484,compact_time_ms=6.4665598869323730469,update_time_ms=25.176992416381835938,convert_and_update_time_ms=30.588224411010742188,sort_time_ms=0,total_probe_time_ms=0
i_primitive=triangle,i_key_mode=3d,i_build_mode=b_sfl,i_probe_mode=p_sfl,i_update_type=rank_local,i_num_build_keys_log=25,i_key_offset=0,i_key_stride_log=0,i_key_replication_log=0,i_reserve_keys_for_misses=0,i_num_updates_log=20,i_local_update_chunk_size_log=1,i_num_probe_keys_log=27,i_miss_percentage=0,i_out_of_range_percentage=0,i_range_query_hit_count_log=0,i_exponent_bias=0,i_force_single_anyhit=1,i_perpendicular_rays=1,i_start_ray_at_zero=0,i_compaction=1,i_large_keys=0,i_closest_hit=0,i_skip_probing=1,i_num_rays_per_thread_log=0,i_force_uniform_keys=0,i_x_bits=23,i_y_bits=9,i_z_bits=0,i_debug=0,uncompacted_size=2191654784,final_size=1988326016,update_temp_buffer_size=142607488,convert_time_ms=5.4074559211730957031,build_time_ms=77.11743927001953125,convert_build_time_ms=82.524895191192626953,convert_build_compact_time_ms=89.001695156097412109,compact_time_ms=6.4767999649047851562,update_time_ms=25.697248458862304688,convert_and_update_time_ms=31.100800514221191406,sort_time_ms=0,total_probe_time_ms=0
i_primitive=triangle,i_key_mode=3d,i_build_mode=b_sfl,i_probe_mode=p_sfl,i_update_type=rank_local,i_num_build_keys_log=25,i_key_offset=0,i_key_stride_log=0,i_key_replication_log=0,i_reserve_keys_for_misses=0,i_num_updates_log=24,i_local_update_chunk_size_log=1,i_num_probe_keys_log=27,i_miss_percentage=0,i_out_of_range_percentage=0,i_range_query_hit_count_log=0,i_exponent_bias=0,i_force_single_anyhit=1,i_perpendicular_rays=1,i_start_ray_at_zero=0,i_compaction=1,i_large_keys=0,i_closest_hit=0,i_skip_probing=1,i_num_rays_per_thread_log=0,i_force_uniform_keys=0,i_x_bits=23,i_y_bits=9,i_z_bits=0,i_debug=0,uncompacted_size=2191654784,final_size=1988326016,update_temp_buffer_size=142607488,convert_time_ms=5.3947520256042480469,build_time_ms=77.47347259521484375,convert_build_time_ms=82.868224620819091797,convert_build_compact_time_ms=89.339712619781494141,compact_time_ms=6.4714879989624023438,update_time_ms=25.726976394653320312,convert_and_update_time_ms=31.1340484619140625,sort_time_ms=0,total_probe_time_ms=0
i_primitive=triangle,i_key_mode=3d,i_build_mode=b_asc,i_probe_mode=p_sfl,i_update_type=rank_local,i_num_build_keys_log=25,i_key_offset=0,i_key_stride_log=0,i_key_replication_log=0,i_reserve_keys_for_misses=0,i_num_updates_log=0,i_local_update_chunk_size_log=1,i_num_probe_keys_log=27,i_miss_percentage=0,i_out_of_range_percentage=0,i_range_query_hit_count_log=0,i_exponent_bias=0,i_force_single_anyhit=1,i_perpendicular_rays=1,i_start_ray_at_zero=0,i_compaction=1,i_large_keys=0,i_closest_hit=0,i_skip_probing=1,i_num_rays_per_thread_log=0,i_force_uniform_keys=0,i_x_bits=23,i_y_bits=9,i_z_bits=0,i_debug=0,uncompacted_size=1902656640,final_size=1231152256,update_temp_buffer_size=0,convert_time_ms=5.3982400894165039062,build_time_ms=62.844928741455078125,convert_build_time_ms=68.243168830871582031,convert_build_compact_time_ms=72.600288867950439453,compact_time_ms=4.3571200370788574219,update_time_ms=0,convert_and_update_time_ms=0,sort_time_ms=0,total_probe_time_ms=0
i_primitive=triangle,i_key_mode=3d,i_build_mode=b_asc,i_probe_mode=p_sfl,i_update_type=rank_local,i_num_build_keys_log=25,i_key_offset=0,i_key_stride_log=0,i_key_replication_log=0,i_reserve_keys_for_misses=0,i_num_updates_log=4,i_local_update_chunk_size_log=1,i_num_probe_keys_log=27,i_miss_percentage=0,i_out_of_range_percentage=0,i_range_query_hit_count_log=0,i_exponent_bias=0,i_force_single_anyhit=1,i_perpendicular_rays=1,i_start_ray_at_zero=0,i_compaction=1,i_large_keys=0,i_closest_hit=0,i_skip_probing=1,i_num_rays_per_thread_log=0,i_force_uniform_keys=0,i_x_bits=23,i_y_bits=9,i_z_bits=0,i_debug=0,uncompacted_size=2191654784,final_size=1988326016,update_temp_buffer_size=142607488,convert_time_ms=5.391712188720703125,build_time_ms=64.16588592529296875,convert_build_time_ms=69.557598114013671875,convert_build_compact_time_ms=76.044638156890869141,compact_time_ms=6.4870400428771972656,update_time_ms=12.800000190734863281,convert_and_update_time_ms=17.916800022125244141,sort_time_ms=0,total_probe_time_ms=0
i_primitive=triangle,i_key_mode=3d,i_build_mode=b_asc,i_probe_mode=p_sfl,i_update_type=rank_local,i_num_build_keys_log=25,i_key_offset=0,i_key_stride_log=0,i_key_replication_log=0,i_reserve_keys_for_misses=0,i_num_updates_log=8,i_local_update_chunk_size_log=1,i_num_probe_keys_log=27,i_miss_percentage=0,i_out_of_range_percentage=0,i_range_query_hit_count_log=0,i_exponent_bias=0,i_force_single_anyhit=1,i_perpendicular_rays=1,i_start_ray_at_zero=0,i_compaction=1,i_large_keys=0,i_closest_hit=0,i_skip_probing=1,i_num_rays_per_thread_log=0,i_force_uniform_keys=0,i_x_bits=23,i_y_bits=9,i_z_bits=0,i_debug=0,uncompacted_size=2191654784,final_size=1988326016,update_temp_buffer_size=142607488,convert_time_ms=5.3917441368103027344,build_time_ms=63.630336761474609375,convert_build_time_ms=69.022080898284912109,convert_build_compact_time_ms=75.517313003540039062,compact_time_ms=6.4952321052551269531,update_time_ms=12.858367919921875,convert_and_update_time_ms=17.981343746185302734,sort_time_ms=0,total_probe_time_ms=0
i_primitive=triangle,i_key_mode=3d,i_build_mode=b_asc,i_probe_mode=p_sfl,i_update_type=rank_local,i_num_build_keys_log=25,i_key_offset=0,i_key_stride_log=0,i_key_replication_log=0,i_reserve_keys_for_misses=0,i_num_updates_log=12,i_local_update_chunk_size_log=1,i_num_probe_keys_log=27,i_miss_percentage=0,i_out_of_range_percentage=0,i_range_query_hit_count_log=0,i_exponent_bias=0,i_force_single_anyhit=1,i_perpendicular_rays=1,i_start_ray_at_zero=0,i_compaction=1,i_large_keys=0,i_closest_hit=0,i_skip_probing=1,i_num_rays_per_thread_log=0,i_force_uniform_keys=0,i_x_bits=23,i_y_bits=9,i_z_bits=0,i_debug=0,uncompacted_size=2191654784,final_size=1988326016,update_temp_buffer_size=142607488,convert_time_ms=5.3906879425048828125,build_time_ms=63.254528045654296875,convert_build_time_ms=68.645215988159179688,convert_build_compact_time_ms=75.131231784820556641,compact_time_ms=6.4860157966613769531,update_time_ms=12.841983795166015625,convert_and_update_time_ms=17.965312004089355469,sort_time_ms=0,total_probe_time_ms=0
i_primitive=triangle,i_key_mode=3d,i_build_mode=b_asc,i_probe_mode=p_sfl,i_update_type=rank_local,i_num_build_keys_log=25,i_key_offset=0,i_key_stride_log=0,i_key_replication_log=0,i_reserve_keys_for_misses=0,i_num_updates_log=16,i_local_update_chunk_size_log=1,i_num_probe_keys_log=27,i_miss_percentage=0,i_out_of_range_percentage=0,i_range_query_hit_count_log=0,i_exponent_bias=0,i_force_single_anyhit=1,i_perpendicular_rays=1,i_start_ray_at_zero=0,i_compaction=1,i_large_keys=0,i_closest_hit=0,i_skip_probing=1,i_num_rays_per_thread_log=0,i_force_uniform_keys=0,i_x_bits=23,i_y_bits=9,i_z_bits=0,i_debug=0,uncompacted_size=2191654784,final_size=1988326016,update_temp_buffer_size=142607488,convert_time_ms=5.3974399566650390625,build_time_ms=63.75628662109375,convert_build_time_ms=69.153726577758789062,convert_build_compact_time_ms=75.638718605041503906,compact_time_ms=6.4849920272827148438,update_time_ms=12.805120468139648438,convert_and_update_time_ms=17.92505645751953125,sort_time_ms=0,total_probe_time_ms=0
i_primitive=triangle,i_key_mode=3d,i_build_mode=b_asc,i_probe_mode=p_sfl,i_update_type=rank_local,i_num_build_keys_log=25,i_key_offset=0,i_key_stride_log=0,i_key_replication_log=0,i_reserve_keys_for_misses=0,i_num_updates_log=20,i_local_update_chunk_size_log=1,i_num_probe_keys_log=27,i_miss_percentage=0,i_out_of_range_percentage=0,i_range_query_hit_count_log=0,i_exponent_bias=0,i_force_single_anyhit=1,i_perpendicular_rays=1,i_start_ray_at_zero=0,i_compaction=1,i_large_keys=0,i_closest_hit=0,i_skip_probing=1,i_num_rays_per_thread_log=0,i_force_uniform_keys=0,i_x_bits=23,i_y_bits=9,i_z_bits=0,i_debug=0,uncompacted_size=2191654784,final_size=1988326016,update_temp_buffer_size=142607488,convert_time_ms=5.3988480567932128906,build_time_ms=63.77471923828125,convert_build_time_ms=69.173567295074462891,convert_build_compact_time_ms=75.654463291168212891,compact_time_ms=6.48089599609375,update_time_ms=12.845055580139160156,convert_and_update_time_ms=17.971295356750488281,sort_time_ms=0,total_probe_time_ms=0
i_primitive=triangle,i_key_mode=3d,i_build_mode=b_asc,i_probe_mode=p_sfl,i_update_type=rank_local,i_num_build_keys_log=25,i_key_offset=0,i_key_stride_log=0,i_key_replication_log=0,i_reserve_keys_for_misses=0,i_num_updates_log=24,i_local_update_chunk_size_log=1,i_num_probe_keys_log=27,i_miss_percentage=0,i_out_of_range_percentage=0,i_range_query_hit_count_log=0,i_exponent_bias=0,i_force_single_anyhit=1,i_perpendicular_rays=1,i_start_ray_at_zero=0,i_compaction=1,i_large_keys=0,i_closest_hit=0,i_skip_probing=1,i_num_rays_per_thread_log=0,i_force_uniform_keys=0,i_x_bits=23,i_y_bits=9,i_z_bits=0,i_debug=0,uncompacted_size=2191654784,final_size=1988326016,update_temp_buffer_size=142607488,convert_time_ms=5.3968000411987304688,build_time_ms=62.854015350341796875,convert_build_time_ms=68.250815391540527344,convert_build_compact_time_ms=74.724543571472167969,compact_time_ms=6.473728179931640625,update_time_ms=13.031423568725585938,convert_and_update_time_ms=18.150943756103515625,sort_time_ms=0,total_probe_time_ms=0
i_primitive=triangle,i_key_mode=3d,i_build_mode=b_sfl,i_probe_mode=p_sfl,i_update_type=global,i_num_build_keys_log=26,i_key_offset=0,i_key_stride_log=0,i_key_replication_log=0,i_reserve_keys_for_misses=0,i_num_updates_log=0,i_local_update_chunk_size_log=1,i_num_probe_keys_log=27,i_miss_percentage=0,i_out_of_range_percentage=0,i_range_query_hit_count_log=0,i_exponent_bias=0,i_force_single_anyhit=1,i_perpendicular_rays=1,i_start_ray_at_zero=0,i_compaction=1,i_large_keys=0,i_closest_hit=0,i_skip_probing=1,i_num_rays_per_thread_log=0,i_force_uniform_keys=0,i_x_bits=23,i_y_bits=9,i_z_bits=0,i_debug=0,uncompacted_size=3805310464,final_size=2380152064,update_temp_buffer_size=0,convert_time_ms=10.764191627502441406,build_time_ms=174.1578216552734375,convert_build_time_ms=184.92201328277587891,convert_build_compact_time_ms=193.26838111877441406,compact_time_ms=8.3463678359985351562,update_time_ms=0,convert_and_update_time_ms=0,sort_time_ms=0,total_probe_time_ms=0
i_primitive=triangle,i_key_mode=3d,i_build_mode=b_sfl,i_probe_mode=p_sfl,i_update_type=global,i_num_build_keys_log=26,i_key_offset=0,i_key_stride_log=0,i_key_replication_log=0,i_reserve_keys_for_misses=0,i_num_updates_log=4,i_local_update_chunk_size_log=1,i_num_probe_keys_log=27,i_miss_percentage=0,i_out_of_range_percentage=0,i_range_query_hit_count_log=0,i_exponent_bias=0,i_force_single_anyhit=1,i_perpendicular_rays=1,i_start_ray_at_zero=0,i_compaction=1,i_large_keys=0,i_closest_hit=0,i_skip_probing=1,i_num_rays_per_thread_log=0,i_force_uniform_keys=0,i_x_bits=23,i_y_bits=9,i_z_bits=0,i_debug=0,uncompacted_size=4383306496,final_size=3962354560,update_temp_buffer_size=285213824,convert_time_ms=10.769023895263671875,build_time_ms=161.4365386962890625,convert_build_time_ms=172.20556259155273438,convert_build_compact_time_ms=185.49298667907714844,compact_time_ms=13.287424087524414062,update_time_ms=49.545215606689453125,convert_and_update_time_ms=59.768383979797363281,sort_time_ms=0,total_probe_time_ms=0
i_primitive=triangle,i_key_mode=3d,i_build_mode=b_sfl,i_probe_mode=p_sfl,i_update_type=global,i_num_build_keys_log=26,i_key_offset=0,i_key_stride_log=0,i_key_replication_log=0,i_reserve_keys_for_misses=0,i_num_updates_log=8,i_local_update_chunk_size_log=1,i_num_probe_keys_log=27,i_miss_percentage=0,i_out_of_range_percentage=0,i_range_query_hit_count_log=0,i_exponent_bias=0,i_force_single_anyhit=1,i_perpendicular_rays=1,i_start_ray_at_zero=0,i_compaction=1,i_large_keys=0,i_closest_hit=0,i_skip_probing=1,i_num_rays_per_thread_log=0,i_force_uniform_keys=0,i_x_bits=23,i_y_bits=9,i_z_bits=0,i_debug=0,uncompacted_size=4383306496,final_size=3961611904,update_temp_buffer_size=285213824,convert_time_ms=10.76531219482421875,build_time_ms=161.036956787109375,convert_build_time_ms=171.80226898193359375,convert_build_compact_time_ms=185.12246131896972656,compact_time_ms=13.320192337036132812,update_time_ms=49.4397430419921875,convert_and_update_time_ms=59.664446830749511719,sort_time_ms=0,total_probe_time_ms=0
i_primitive=triangle,i_key_mode=3d,i_build_mode=b_sfl,i_probe_mode=p_sfl,i_update_type=global,i_num_build_keys_log=26,i_key_offset=0,i_key_stride_log=0,i_key_replication_log=0,i_reserve_keys_for_misses=0,i_num_updates_log=12,i_local_update_chunk_size_log=1,i_num_probe_keys_log=27,i_miss_percentage=0,i_out_of_range_percentage=0,i_range_query_hit_count_log=0,i_exponent_bias=0,i_force_single_anyhit=1,i_perpendicular_rays=1,i_start_ray_at_zero=0,i_compaction=1,i_large_keys=0,i_closest_hit=0,i_skip_probing=1,i_num_rays_per_thread_log=0,i_force_uniform_keys=0,i_x_bits=23,i_y_bits=9,i_z_bits=0,i_debug=0,uncompacted_size=4383306496,final_size=3962136320,update_temp_buffer_size=285213824,convert_time_ms=10.771455764770507812,build_time_ms=159.263580322265625,convert_build_time_ms=170.03503608703613281,convert_build_compact_time_ms=182.92921161651611328,compact_time_ms=12.894175529479980469,update_time_ms=49.668094635009765625,convert_and_update_time_ms=59.8834228515625,sort_time_ms=0,total_probe_time_ms=0
i_primitive=triangle,i_key_mode=3d,i_build_mode=b_sfl,i_probe_mode=p_sfl,i_update_type=global,i_num_build_keys_log=26,i_key_offset=0,i_key_stride_log=0,i_key_replication_log=0,i_reserve_keys_for_misses=0,i_num_updates_log=16,i_local_update_chunk_size_log=1,i_num_probe_keys_log=27,i_miss_percentage=0,i_out_of_range_percentage=0,i_range_query_hit_count_log=0,i_exponent_bias=0,i_force_single_anyhit=1,i_perpendicular_rays=1,i_start_ray_at_zero=0,i_compaction=1,i_large_keys=0,i_closest_hit=0,i_skip_probing=1,i_num_rays_per_thread_log=0,i_force_uniform_keys=0,i_x_bits=23,i_y_bits=9,i_z_bits=0,i_debug=0,uncompacted_size=4383306496,final_size=3961399296,update_temp_buffer_size=285213824,convert_time_ms=10.767680168151855469,build_time_ms=153.337860107421875,convert_build_time_ms=164.10554027557373047,convert_build_compact_time_ms=177.00691604614257812,compact_time_ms=12.901375770568847656,update_time_ms=49.545024871826171875,convert_and_update_time_ms=59.77452850341796875,sort_time_ms=0,total_probe_time_ms=0
i_primitive=triangle,i_key_mode=3d,i_build_mode=b_sfl,i_probe_mode=p_sfl,i_update_type=global,i_num_build_keys_log=26,i_key_offset=0,i_key_stride_log=0,i_key_replication_log=0,i_reserve_keys_for_misses=0,i_num_updates_log=20,i_local_update_chunk_size_log=1,i_num_probe_keys_log=27,i_miss_percentage=0,i_out_of_range_percentage=0,i_range_query_hit_count_log=0,i_exponent_bias=0,i_force_single_anyhit=1,i_perpendicular_rays=1,i_start_ray_at_zero=0,i_compaction=1,i_large_keys=0,i_closest_hit=0,i_skip_probing=1,i_num_rays_per_thread_log=0,i_force_uniform_keys=0,i_x_bits=23,i_y_bits=9,i_z_bits=0,i_debug=0,uncompacted_size=4383306496,final_size=3962136576,update_temp_buffer_size=285213824,convert_time_ms=10.766719818115234375,build_time_ms=159.75628662109375,convert_build_time_ms=170.52300643920898438,convert_build_compact_time_ms=183.39570999145507812,compact_time_ms=12.87270355224609375,update_time_ms=50.0530548095703125,convert_and_update_time_ms=60.271615028381347656,sort_time_ms=0,total_probe_time_ms=0
i_primitive=triangle,i_key_mode=3d,i_build_mode=b_sfl,i_probe_mode=p_sfl,i_update_type=global,i_num_build_keys_log=26,i_key_offset=0,i_key_stride_log=0,i_key_replication_log=0,i_reserve_keys_for_misses=0,i_num_updates_log=24,i_local_update_chunk_size_log=1,i_num_probe_keys_log=27,i_miss_percentage=0,i_out_of_range_percentage=0,i_range_query_hit_count_log=0,i_exponent_bias=0,i_force_single_anyhit=1,i_perpendicular_rays=1,i_start_ray_at_zero=0,i_compaction=1,i_large_keys=0,i_closest_hit=0,i_skip_probing=1,i_num_rays_per_thread_log=0,i_force_uniform_keys=0,i_x_bits=23,i_y_bits=9,i_z_bits=0,i_debug=0,uncompacted_size=4383306496,final_size=3961614464,update_temp_buffer_size=285213824,convert_time_ms=10.795104026794433594,build_time_ms=160.7403564453125,convert_build_time_ms=171.53546047210693359,convert_build_compact_time_ms=184.87101268768310547,compact_time_ms=13.335552215576171875,update_time_ms=57.036670684814453125,convert_and_update_time_ms=67.257471084594726562,sort_time_ms=0,total_probe_time_ms=0
i_primitive=triangle,i_key_mode=3d,i_build_mode=b_asc,i_probe_mode=p_sfl,i_update_type=global,i_num_build_keys_log=26,i_key_offset=0,i_key_stride_log=0,i_key_replication_log=0,i_reserve_keys_for_misses=0,i_num_updates_log=0,i_local_update_chunk_size_log=1,i_num_probe_keys_log=27,i_miss_percentage=0,i_out_of_range_percentage=0,i_range_query_hit_count_log=0,i_exponent_bias=0,i_force_single_anyhit=1,i_perpendicular_rays=1,i_start_ray_at_zero=0,i_compaction=1,i_large_keys=0,i_closest_hit=0,i_skip_probing=1,i_num_rays_per_thread_log=0,i_force_uniform_keys=0,i_x_bits=23,i_y_bits=9,i_z_bits=0,i_debug=0,uncompacted_size=3805310464,final_size=2398835456,update_temp_buffer_size=0,convert_time_ms=10.772959709167480469,build_time_ms=131.0525054931640625,convert_build_time_ms=141.82546520233154297,convert_build_compact_time_ms=150.3430328369140625,compact_time_ms=8.5175676345825195312,update_time_ms=0,convert_and_update_time_ms=0,sort_time_ms=0,total_probe_time_ms=0
i_primitive=triangle,i_key_mode=3d,i_build_mode=b_asc,i_probe_mode=p_sfl,i_update_type=global,i_num_build_keys_log=26,i_key_offset=0,i_key_stride_log=0,i_key_replication_log=0,i_reserve_keys_for_misses=0,i_num_updates_log=4,i_local_update_chunk_size_log=1,i_num_probe_keys_log=27,i_miss_percentage=0,i_out_of_range_percentage=0,i_range_query_hit_count_log=0,i_exponent_bias=0,i_force_single_anyhit=1,i_perpendicular_rays=1,i_start_ray_at_zero=0,i_compaction=1,i_large_keys=0,i_closest_hit=0,i_skip_probing=1,i_num_rays_per_thread_log=0,i_force_uniform_keys=0,i_x_bits=23,i_y_bits=9,i_z_bits=0,i_debug=0,uncompacted_size=4383306496,final_size=3962136576,update_temp_buffer_size=285213824,convert_time_ms=10.781248092651367188,build_time_ms=136.791961669921875,convert_build_time_ms=147.57320976257324219,convert_build_compact_time_ms=160.52578544616699219,compact_time_ms=12.95257568359375,update_time_ms=25.596927642822265625,convert_and_update_time_ms=35.811679840087890625,sort_time_ms=0,total_probe_time_ms=0
i_primitive=triangle,i_key_mode=3d,i_build_mode=b_asc,i_probe_mode=p_sfl,i_update_type=global,i_num_build_keys_log=26,i_key_offset=0,i_key_stride_log=0,i_key_replication_log=0,i_reserve_keys_for_misses=0,i_num_updates_log=8,i_local_update_chunk_size_log=1,i_num_probe_keys_log=27,i_miss_percentage=0,i_out_of_range_percentage=0,i_range_query_hit_count_log=0,i_exponent_bias=0,i_force_single_anyhit=1,i_perpendicular_rays=1,i_start_ray_at_zero=0,i_compaction=1,i_large_keys=0,i_closest_hit=0,i_skip_probing=1,i_num_rays_per_thread_log=0,i_force_uniform_keys=0,i_x_bits=23,i_y_bits=9,i_z_bits=0,i_debug=0,uncompacted_size=4383306496,final_size=3961399296,update_temp_buffer_size=285213824,convert_time_ms=10.788800239562988281,build_time_ms=132.9541168212890625,convert_build_time_ms=143.74291706085205078,convert_build_compact_time_ms=156.63507747650146484,compact_time_ms=12.892160415649414062,update_time_ms=25.827327728271484375,convert_and_update_time_ms=36.051936149597167969,sort_time_ms=0,total_probe_time_ms=0
i_primitive=triangle,i_key_mode=3d,i_build_mode=b_asc,i_probe_mode=p_sfl,i_update_type=global,i_num_build_keys_log=26,i_key_offset=0,i_key_stride_log=0,i_key_replication_log=0,i_reserve_keys_for_misses=0,i_num_updates_log=12,i_local_update_chunk_size_log=1,i_num_probe_keys_log=27,i_miss_percentage=0,i_out_of_range_percentage=0,i_range_query_hit_count_log=0,i_exponent_bias=0,i_force_single_anyhit=1,i_perpendicular_rays=1,i_start_ray_at_zero=0,i_compaction=1,i_large_keys=0,i_closest_hit=0,i_skip_probing=1,i_num_rays_per_thread_log=0,i_force_uniform_keys=0,i_x_bits=23,i_y_bits=9,i_z_bits=0,i_debug=0,uncompacted_size=4383306496,final_size=3961399296,update_temp_buffer_size=285213824,convert_time_ms=10.783679962158203125,build_time_ms=137.04473876953125,convert_build_time_ms=147.82841873168945312,convert_build_compact_time_ms=160.78077030181884766,compact_time_ms=12.952351570129394531,update_time_ms=25.6972808837890625,convert_and_update_time_ms=35.918400764465332031,sort_time_ms=0,total_probe_time_ms=0
i_primitive=triangle,i_key_mode=3d,i_build_mode=b_asc,i_probe_mode=p_sfl,i_update_type=global,i_num_build_keys_log=26,i_key_offset=0,i_key_stride_log=0,i_key_replication_log=0,i_reserve_keys_for_misses=0,i_num_updates_log=16,i_local_update_chunk_size_log=1,i_num_probe_keys_log=27,i_miss_percentage=0,i_out_of_range_percentage=0,i_range_query_hit_count_log=0,i_exponent_bias=0,i_force_single_anyhit=1,i_perpendicular_rays=1,i_start_ray_at_zero=0,i_compaction=1,i_large_keys=0,i_closest_hit=0,i_skip_probing=1,i_num_rays_per_thread_log=0,i_force_uniform_keys=0,i_x_bits=23,i_y_bits=9,i_z_bits=0,i_debug=0,uncompacted_size=4383306496,final_size=3962136576,update_temp_buffer_size=285213824,convert_time_ms=10.76828765869140625,build_time_ms=131.4437103271484375,convert_build_time_ms=142.21199798583984375,convert_build_compact_time_ms=155.10415840148925781,compact_time_ms=12.892160415649414062,update_time_ms=25.831167221069335938,convert_and_update_time_ms=36.045022964477539062,sort_time_ms=0,total_probe_time_ms=0
i_primitive=triangle,i_key_mode=3d,i_build_mode=b_asc,i_probe_mode=p_sfl,i_update_type=global,i_num_build_keys_log=26,i_key_offset=0,i_key_stride_log=0,i_key_replication_log=0,i_reserve_keys_for_misses=0,i_num_updates_log=20,i_local_update_chunk_size_log=1,i_num_probe_keys_log=27,i_miss_percentage=0,i_out_of_range_percentage=0,i_range_query_hit_count_log=0,i_exponent_bias=0,i_force_single_anyhit=1,i_perpendicular_rays=1,i_start_ray_at_zero=0,i_compaction=1,i_large_keys=0,i_closest_hit=0,i_skip_probing=1,i_num_rays_per_thread_log=0,i_force_uniform_keys=0,i_x_bits=23,i_y_bits=9,i_z_bits=0,i_debug=0,uncompacted_size=4383306496,final_size=3961399296,update_temp_buffer_size=285213824,convert_time_ms=10.792192459106445312,build_time_ms=131.8144073486328125,convert_build_time_ms=142.60659980773925781,convert_build_compact_time_ms=155.55917549133300781,compact_time_ms=12.95257568359375,update_time_ms=26.116800308227539062,convert_and_update_time_ms=36.338560104370117188,sort_time_ms=0,total_probe_time_ms=0
i_primitive=triangle,i_key_mode=3d,i_build_mode=b_asc,i_probe_mode=p_sfl,i_update_type=global,i_num_build_keys_log=26,i_key_offset=0,i_key_stride_log=0,i_key_replication_log=0,i_reserve_keys_for_misses=0,i_num_updates_log=24,i_local_update_chunk_size_log=1,i_num_probe_keys_log=27,i_miss_percentage=0,i_out_of_range_percentage=0,i_range_query_hit_count_log=0,i_exponent_bias=0,i_force_single_anyhit=1,i_perpendicular_rays=1,i_start_ray_at_zero=0,i_compaction=1,i_large_keys=0,i_closest_hit=0,i_skip_probing=1,i_num_rays_per_thread_log=0,i_force_uniform_keys=0,i_x_bits=23,i_y_bits=9,i_z_bits=0,i_debug=0,uncompacted_size=4383306496,final_size=3962136576,update_temp_buffer_size=285213824,convert_time_ms=10.789183616638183594,build_time_ms=130.3910369873046875,convert_build_time_ms=141.18022060394287109,convert_build_compact_time_ms=154.10822105407714844,compact_time_ms=12.928000450134277344,update_time_ms=30.912511825561523438,convert_and_update_time_ms=41.218463897705078125,sort_time_ms=0,total_probe_time_ms=0
i_primitive=triangle,i_key_mode=3d,i_build_mode=b_sfl,i_probe_mode=p_sfl,i_update_type=pos_local,i_num_build_keys_log=26,i_key_offset=0,i_key_stride_log=0,i_key_replication_log=0,i_reserve_keys_for_misses=0,i_num_updates_log=0,i_local_update_chunk_size_log=1,i_num_probe_keys_log=27,i_miss_percentage=0,i_out_of_range_percentage=0,i_range_query_hit_count_log=0,i_exponent_bias=0,i_force_single_anyhit=1,i_perpendicular_rays=1,i_start_ray_at_zero=0,i_compaction=1,i_large_keys=0,i_closest_hit=0,i_skip_probing=1,i_num_rays_per_thread_log=0,i_force_uniform_keys=0,i_x_bits=23,i_y_bits=9,i_z_bits=0,i_debug=0,uncompacted_size=3805310464,final_size=2379330304,update_temp_buffer_size=0,convert_time_ms=10.793855667114257812,build_time_ms=175.2215728759765625,convert_build_time_ms=186.01542854309082031,convert_build_compact_time_ms=194.37946033477783203,compact_time_ms=8.3640317916870117188,update_time_ms=0,convert_and_update_time_ms=0,sort_time_ms=0,total_probe_time_ms=0
i_primitive=triangle,i_key_mode=3d,i_build_mode=b_sfl,i_probe_mode=p_sfl,i_update_type=pos_local,i_num_build_keys_log=26,i_key_offset=0,i_key_stride_log=0,i_key_replication_log=0,i_reserve_keys_for_misses=0,i_num_updates_log=4,i_local_update_chunk_size_log=1,i_num_probe_keys_log=27,i_miss_percentage=0,i_out_of_range_percentage=0,i_range_query_hit_count_log=0,i_exponent_bias=0,i_force_single_anyhit=1,i_perpendicular_rays=1,i_start_ray_at_zero=0,i_compaction=1,i_large_keys=0,i_closest_hit=0,i_skip_probing=1,i_num_rays_per_thread_log=0,i_force_uniform_keys=0,i_x_bits=23,i_y_bits=9,i_z_bits=0,i_debug=0,uncompacted_size=4383306496,final_size=3960668544,update_temp_buffer_size=285213824,convert_time_ms=10.795040130615234375,build_time_ms=156.621734619140625,convert_build_time_ms=167.41677474975585938,convert_build_compact_time_ms=180.69600677490234375,compact_time_ms=13.279232025146484375,update_time_ms=49.282047271728515625,convert_and_update_time_ms=59.505183219909667969,sort_time_ms=0,total_probe_time_ms=0
i_primitive=triangle,i_key_mode=3d,i_build_mode=b_sfl,i_probe_mode=p_sfl,i_update_type=pos_local,i_num_build_keys_log=26,i_key_offset=0,i_key_stride_log=0,i_key_replication_log=0,i_reserve_keys_for_misses=0,i_num_updates_log=8,i_local_update_chunk_size_log=1,i_num_probe_keys_log=27,i_miss_percentage=0,i_out_of_range_percentage=0,i_range_query_hit_count_log=0,i_exponent_bias=0,i_force_single_anyhit=1,i_perpendicular_rays=1,i_start_ray_at_zero=0,i_compaction=1,i_large_keys=0,i_closest_hit=0,i_skip_probing=1,i_num_rays_per_thread_log=0,i_force_uniform_keys=0,i_x_bits=23,i_y_bits=9,i_z_bits=0,i_debug=0,uncompacted_size=4383306496,final_size=3961609600,update_temp_buffer_size=285213824,convert_time_ms=10.794752120971679688,build_time_ms=159.3098297119140625,convert_build_time_ms=170.10458183288574219,convert_build_compact_time_ms=183.44317340850830078,compact_time_ms=13.338591575622558594,update_time_ms=49.796833038330078125,convert_and_update_time_ms=60.016352653503417969,sort_time_ms=0,total_probe_time_ms=0
i_primitive=triangle,i_key_mode=3d,i_build_mode=b_sfl,i_probe_mode=p_sfl,i_update_type=pos_local,i_num_build_keys_log=26,i_key_offset=0,i_key_stride_log=0,i_key_replication_log=0,i_reserve_keys_for_misses=0,i_num_updates_log=12,i_local_update_chunk_size_log=1,i_num_probe_keys_log=27,i_miss_percentage=0,i_out_of_range_percentage=0,i_range_query_hit_count_log=0,i_exponent_bias=0,i_force_single_anyhit=1,i_perpendicular_rays=1,i_start_ray_at_zero=0,i_compaction=1,i_large_keys=0,i_closest_hit=0,i_skip_probing=1,i_num_rays_per_thread_log=0,i_force_uniform_keys=0,i_x_bits=23,i_y_bits=9,i_z_bits=0,i_debug=0,uncompacted_size=4383306496,final_size=3960961664,update_temp_buffer_size=285213824,convert_time_ms=10.791232109069824219,build_time_ms=158.51397705078125,convert_build_time_ms=169.30520915985107422,convert_build_compact_time_ms=182.61618518829345703,compact_time_ms=13.310976028442382812,update_time_ms=49.752063751220703125,convert_and_update_time_ms=59.975872039794921875,sort_time_ms=0,total_probe_time_ms=0
i_primitive=triangle,i_key_mode=3d,i_build_mode=b_sfl,i_probe_mode=p_sfl,i_update_type=pos_local,i_num_build_keys_log=26,i_key_offset=0,i_key_stride_log=0,i_key_replication_log=0,i_reserve_keys_for_misses=0,i_num_updates_log=16,i_local_update_chunk_size_log=1,i_num_probe_keys_log=27,i_miss_percentage=0,i_out_of_range_percentage=0,i_range_query_hit_count_log=0,i_exponent_bias=0,i_force_single_anyhit=1,i_perpendicular_rays=1,i_start_ray_at_zero=0,i_compaction=1,i_large_keys=0,i_closest_hit=0,i_skip_probing=1,i_num_rays_per_thread_log=0,i_force_uniform_keys=0,i_x_bits=23,i_y_bits=9,i_z_bits=0,i_debug=0,uncompacted_size=4383306496,final_size=3961399040,update_temp_buffer_size=285213824,convert_time_ms=10.787199974060058594,build_time_ms=151.91314697265625,convert_build_time_ms=162.70034694671630859,convert_build_compact_time_ms=175.57919502258300781,compact_time_ms=12.878848075866699219,update_time_ms=49.57161712646484375,convert_and_update_time_ms=59.793504714965820312,sort_time_ms=0,total_probe_time_ms=0
i_primitive=triangle,i_key_mode=3d,i_build_mode=b_sfl,i_probe_mode=p_sfl,i_update_type=pos_local,i_num_build_keys_log=26,i_key_offset=0,i_key_stride_log=0,i_key_replication_log=0,i_reserve_keys_for_misses=0,i_num_updates_log=20,i_local_update_chunk_size_log=1,i_num_probe_keys_log=27,i_miss_percentage=0,i_out_of_range_percentage=0,i_range_query_hit_count_log=0,i_exponent_bias=0,i_force_single_anyhit=1,i_perpendicular_rays=1,i_start_ray_at_zero=0,i_compaction=1,i_large_keys=0,i_closest_hit=0,i_skip_probing=1,i_num_rays_per_thread_log=0,i_force_uniform_keys=0,i_x_bits=23,i_y_bits=9,i_z_bits=0,i_debug=0,uncompacted_size=4383306496,final_size=3960420096,update_temp_buffer_size=285213824,convert_time_ms=10.785663604736328125,build_time_ms=161.0035247802734375,convert_build_time_ms=171.78918838500976562,convert_build_compact_time_ms=184.64960479736328125,compact_time_ms=12.860416412353515625,update_time_ms=50.229248046875,convert_and_update_time_ms=60.451359748840332031,sort_time_ms=0,total_probe_time_ms=0
i_primitive=triangle,i_key_mode=3d,i_build_mode=b_sfl,i_probe_mode=p_sfl,i_update_type=pos_local,i_num_build_keys_log=26,i_key_offset=0,i_key_stride_log=0,i_key_replication_log=0,i_reserve_keys_for_misses=0,i_num_updates_log=24,i_local_update_chunk_size_log=1,i_num_probe_keys_log=27,i_miss_percentage=0,i_out_of_range_percentage=0,i_range_query_hit_count_log=0,i_exponent_bias=0,i_force_single_anyhit=1,i_perpendicular_rays=1,i_start_ray_at_zero=0,i_compaction=1,i_large_keys=0,i_closest_hit=0,i_skip_probing=1,i_num_rays_per_thread_log=0,i_force_uniform_keys=0,i_x_bits=23,i_y_bits=9,i_z_bits=0,i_debug=0,uncompacted_size=4383306496,final_size=3960863104,update_temp_buffer_size=285213824,convert_time_ms=10.767647743225097656,build_time_ms=161.7407989501953125,convert_build_time_ms=172.50844669342041016,convert_build_compact_time_ms=185.78870296478271484,compact_time_ms=13.280256271362304688,update_time_ms=56.943614959716796875,convert_and_update_time_ms=67.162335395812988281,sort_time_ms=0,total_probe_time_ms=0
i_primitive=triangle,i_key_mode=3d,i_build_mode=b_asc,i_probe_mode=p_sfl,i_update_type=pos_local,i_num_build_keys_log=26,i_key_offset=0,i_key_stride_log=0,i_key_replication_log=0,i_reserve_keys_for_misses=0,i_num_updates_log=0,i_local_update_chunk_size_log=1,i_num_probe_keys_log=27,i_miss_percentage=0,i_out_of_range_percentage=0,i_range_query_hit_count_log=0,i_exponent_bias=0,i_force_single_anyhit=1,i_perpendicular_rays=1,i_start_ray_at_zero=0,i_compaction=1,i_large_keys=0,i_closest_hit=0,i_skip_probing=1,i_num_rays_per_thread_log=0,i_force_uniform_keys=0,i_x_bits=23,i_y_bits=9,i_z_bits=0,i_debug=0,uncompacted_size=3805310464,final_size=2402264832,update_temp_buffer_size=0,convert_time_ms=10.766976356506347656,build_time_ms=138.503173828125,convert_build_time_ms=149.27015018463134766,convert_build_compact_time_ms=157.83590984344482422,compact_time_ms=8.5657596588134765625,update_time_ms=0,convert_and_update_time_ms=0,sort_time_ms=0,total_probe_time_ms=0
i_primitive=triangle,i_key_mode=3d,i_build_mode=b_asc,i_probe_mode=p_sfl,i_update_type=pos_local,i_num_build_keys_log=26,i_key_offset=0,i_key_stride_log=0,i_key_replication_log=0,i_reserve_keys_for_misses=0,i_num_updates_log=4,i_local_update_chunk_size_log=1,i_num_probe_keys_log=27,i_miss_percentage=0,i_out_of_range_percentage=0,i_range_query_hit_count_log=0,i_exponent_bias=0,i_force_single_anyhit=1,i_perpendicular_rays=1,i_start_ray_at_zero=0,i_compaction=1,i_large_keys=0,i_closest_hit=0,i_skip_probing=1,i_num_rays_per_thread_log=0,i_force_uniform_keys=0,i_x_bits=23,i_y_bits=9,i_z_bits=0,i_debug=0,uncompacted_size=4383306496,final_size=3962136576,update_temp_buffer_size=285213824,convert_time_ms=10.767775535583496094,build_time_ms=130.0438995361328125,convert_build_time_ms=140.81167507171630859,convert_build_compact_time_ms=153.75298690795898438,compact_time_ms=12.941311836242675781,update_time_ms=25.643007278442382812,convert_and_update_time_ms=35.862623214721679688,sort_time_ms=0,total_probe_time_ms=0
i_primitive=triangle,i_key_mode=3d,i_build_mode=b_asc,i_probe_mode=p_sfl,i_update_type=pos_local,i_num_build_keys_log=26,i_key_offset=0,i_key_stride_log=0,i_key_replication_log=0,i_reserve_keys_for_misses=0,i_num_updates_log=8,i_local_update_chunk_size_log=1,i_num_probe_keys_log=27,i_miss_percentage=0,i_out_of_range_percentage=0,i_range_query_hit_count_log=0,i_exponent_bias=0,i_force_single_anyhit=1,i_perpendicular_rays=1,i_start_ray_at_zero=0,i_compaction=1,i_large_keys=0,i_closest_hit=0,i_skip_probing=1,i_num_rays_per_thread_log=0,i_force_uniform_keys=0,i_x_bits=23,i_y_bits=9,i_z_bits=0,i_debug=0,uncompacted_size=4383306496,final_size=3961399296,update_temp_buffer_size=285213824,convert_time_ms=10.765343666076660156,build_time_ms=129.071075439453125,convert_build_time_ms=139.83641910552978516,convert_build_compact_time_ms=152.78285121917724609,compact_time_ms=12.946432113647460938,update_time_ms=25.684991836547851562,convert_and_update_time_ms=35.901760101318359375,sort_time_ms=0,total_probe_time_ms=0
i_primitive=triangle,i_key_mode=3d,i_build_mode=b_asc,i_probe_mode=p_sfl,i_update_type=pos_local,i_num_build_keys_log=26,i_key_offset=0,i_key_stride_log=0,i_key_replication_log=0,i_reserve_keys_for_misses=0,i_num_updates_log=12,i_local_update_chunk_size_log=1,i_num_probe_keys_log=27,i_miss_percentage=0,i_out_of_range_percentage=0,i_range_query_hit_count_log=0,i_exponent_bias=0,i_force_single_anyhit=1,i_perpendicular_rays=1,i_start_ray_at_zero=0,i_compaction=1,i_large_keys=0,i_closest_hit=0,i_skip_probing=1,i_num_rays_per_thread_log=0,i_force_uniform_keys=0,i_x_bits=23,i_y_bits=9,i_z_bits=0,i_debug=0,uncompacted_size=4383306496,final_size=3961399296,update_temp_buffer_size=285213824,convert_time_ms=10.784159660339355469,build_time_ms=130.3173065185546875,convert_build_time_ms=141.10146617889404297,convert_build_compact_time_ms=154.04482650756835938,compact_time_ms=12.943360328674316406,update_time_ms=25.809919357299804688,convert_and_update_time_ms=36.029631614685058594,sort_time_ms=0,total_probe_time_ms=0
i_primitive=triangle,i_key_mode=3d,i_build_mode=b_asc,i_probe_mode=p_sfl,i_update_type=pos_local,i_num_build_keys_log=26,i_key_offset=0,i_key_stride_log=0,i_key_replication_log=0,i_reserve_keys_for_misses=0,i_num_updates_log=16,i_local_update_chunk_size_log=1,i_num_probe_keys_log=27,i_miss_percentage=0,i_out_of_range_percentage=0,i_range_query_hit_count_log=0,i_exponent_bias=0,i_force_single_anyhit=1,i_perpendicular_rays=1,i_start_ray_at_zero=0,i_compaction=1,i_large_keys=0,i_closest_hit=0,i_skip_probing=1,i_num_rays_per_thread_log=0,i_force_uniform_keys=0,i_x_bits=23,i_y_bits=9,i_z_bits=0,i_debug=0,uncompacted_size=4383306496,final_size=3962136576,update_temp_buffer_size=285213824,convert_time_ms=10.785823822021484375,build_time_ms=135.899139404296875,convert_build_time_ms=146.68496322631835938,convert_build_compact_time_ms=159.60374736785888672,compact_time_ms=12.918784141540527344,update_time_ms=25.668607711791992188,convert_and_update_time_ms=35.885279655456542969,sort_time_ms=0,total_probe_time_ms=0
i_primitive=triangle,i_key_mode=3d,i_build_mode=b_asc,i_probe_mode=p_sfl,i_update_type=pos_local,i_num_build_keys_log=26,i_key_offset=0,i_key_stride_log=0,i_key_replication_log=0,i_reserve_keys_for_misses=0,i_num_updates_log=20,i_local_update_chunk_size_log=1,i_num_probe_keys_log=27,i_miss_percentage=0,i_out_of_range_percentage=0,i_range_query_hit_count_log=0,i_exponent_bias=0,i_force_single_anyhit=1,i_perpendicular_rays=1,i_start_ray_at_zero=0,i_compaction=1,i_large_keys=0,i_closest_hit=0,i_skip_probing=1,i_num_rays_per_thread_log=0,i_force_uniform_keys=0,i_x_bits=23,i_y_bits=9,i_z_bits=0,i_debug=0,uncompacted_size=4383306496,final_size=3962136576,update_temp_buffer_size=285213824,convert_time_ms=10.790623664855957031,build_time_ms=134.6519012451171875,convert_build_time_ms=145.44252490997314453,convert_build_compact_time_ms=158.32034873962402344,compact_time_ms=12.877823829650878906,update_time_ms=25.962495803833007812,convert_and_update_time_ms=36.183327674865722656,sort_time_ms=0,total_probe_time_ms=0
i_primitive=triangle,i_key_mode=3d,i_build_mode=b_asc,i_probe_mode=p_sfl,i_update_type=pos_local,i_num_build_keys_log=26,i_key_offset=0,i_key_stride_log=0,i_key_replication_log=0,i_reserve_keys_for_misses=0,i_num_updates_log=24,i_local_update_chunk_size_log=1,i_num_probe_keys_log=27,i_miss_percentage=0,i_out_of_range_percentage=0,i_range_query_hit_count_log=0,i_exponent_bias=0,i_force_single_anyhit=1,i_perpendicular_rays=1,i_start_ray_at_zero=0,i_compaction=1,i_large_keys=0,i_closest_hit=0,i_skip_probing=1,i_num_rays_per_thread_log=0,i_force_uniform_keys=0,i_x_bits=23,i_y_bits=9,i_z_bits=0,i_debug=0,uncompacted_size=4383306496,final_size=3962136576,update_temp_buffer_size=285213824,convert_time_ms=10.772512435913085938,build_time_ms=132.780029296875,convert_build_time_ms=143.55254173278808594,convert_build_compact_time_ms=156.49692535400390625,compact_time_ms=12.944383621215820312,update_time_ms=26.134527206420898438,convert_and_update_time_ms=36.355743408203125,sort_time_ms=0,total_probe_time_ms=0
i_primitive=triangle,i_key_mode=3d,i_build_mode=b_sfl,i_probe_mode=p_sfl,i_update_type=rank_local,i_num_build_keys_log=26,i_key_offset=0,i_key_stride_log=0,i_key_replication_log=0,i_reserve_keys_for_misses=0,i_num_updates_log=0,i_local_update_chunk_size_log=1,i_num_probe_keys_log=27,i_miss_percentage=0,i_out_of_range_percentage=0,i_range_query_hit_count_log=0,i_exponent_bias=0,i_force_single_anyhit=1,i_perpendicular_rays=1,i_start_ray_at_zero=0,i_compaction=1,i_large_keys=0,i_closest_hit=0,i_skip_probing=1,i_num_rays_per_thread_log=0,i_force_uniform_keys=0,i_x_bits=23,i_y_bits=9,i_z_bits=0,i_debug=0,uncompacted_size=3805310464,final_size=2378979840,update_temp_buffer_size=0,convert_time_ms=10.775584220886230469,build_time_ms=176.521209716796875,convert_build_time_ms=187.29679393768310547,convert_build_compact_time_ms=195.64853763580322266,compact_time_ms=8.3517436981201171875,update_time_ms=0,convert_and_update_time_ms=0,sort_time_ms=0,total_probe_time_ms=0
i_primitive=triangle,i_key_mode=3d,i_build_mode=b_sfl,i_probe_mode=p_sfl,i_update_type=rank_local,i_num_build_keys_log=26,i_key_offset=0,i_key_stride_log=0,i_key_replication_log=0,i_reserve_keys_for_misses=0,i_num_updates_log=4,i_local_update_chunk_size_log=1,i_num_probe_keys_log=27,i_miss_percentage=0,i_out_of_range_percentage=0,i_range_query_hit_count_log=0,i_exponent_bias=0,i_force_single_anyhit=1,i_perpendicular_rays=1,i_start_ray_at_zero=0,i_compaction=1,i_large_keys=0,i_closest_hit=0,i_skip_probing=1,i_num_rays_per_thread_log=0,i_force_uniform_keys=0,i_x_bits=23,i_y_bits=9,i_z_bits=0,i_debug=0,uncompacted_size=4383306496,final_size=3961399040,update_temp_buffer_size=285213824,convert_time_ms=10.765407562255859375,build_time_ms=158.9237823486328125,convert_build_time_ms=169.68918991088867188,convert_build_compact_time_ms=182.56982994079589844,compact_time_ms=12.880640029907226562,update_time_ms=49.751041412353515625,convert_and_update_time_ms=60.544129371643066406,sort_time_ms=0,total_probe_time_ms=0
i_primitive=triangle,i_key_mode=3d,i_build_mode=b_sfl,i_probe_mode=p_sfl,i_update_type=rank_local,i_num_build_keys_log=26,i_key_offset=0,i_key_stride_log=0,i_key_replication_log=0,i_reserve_keys_for_misses=0,i_num_updates_log=8,i_local_update_chunk_size_log=1,i_num_probe_keys_log=27,i_miss_percentage=0,i_out_of_range_percentage=0,i_range_query_hit_count_log=0,i_exponent_bias=0,i_force_single_anyhit=1,i_perpendicular_rays=1,i_start_ray_at_zero=0,i_compaction=1,i_large_keys=0,i_closest_hit=0,i_skip_probing=1,i_num_rays_per_thread_log=0,i_force_uniform_keys=0,i_x_bits=23,i_y_bits=9,i_z_bits=0,i_debug=0,uncompacted_size=4383306496,final_size=3961352960,update_temp_buffer_size=285213824,convert_time_ms=10.769344329833984375,build_time_ms=160.522247314453125,convert_build_time_ms=171.29159164428710938,convert_build_compact_time_ms=184.12922382354736328,compact_time_ms=12.837632179260253906,update_time_ms=49.69881439208984375,convert_and_update_time_ms=60.499550819396972656,sort_time_ms=0,total_probe_time_ms=0
i_primitive=triangle,i_key_mode=3d,i_build_mode=b_sfl,i_probe_mode=p_sfl,i_update_type=rank_local,i_num_build_keys_log=26,i_key_offset=0,i_key_stride_log=0,i_key_replication_log=0,i_reserve_keys_for_misses=0,i_num_updates_log=12,i_local_update_chunk_size_log=1,i_num_probe_keys_log=27,i_miss_percentage=0,i_out_of_range_percentage=0,i_range_query_hit_count_log=0,i_exponent_bias=0,i_force_single_anyhit=1,i_perpendicular_rays=1,i_start_ray_at_zero=0,i_compaction=1,i_large_keys=0,i_closest_hit=0,i_skip_probing=1,i_num_rays_per_thread_log=0,i_force_uniform_keys=0,i_x_bits=23,i_y_bits=9,i_z_bits=0,i_debug=0,uncompacted_size=4383306496,final_size=3960877184,update_temp_buffer_size=285213824,convert_time_ms=10.776255607604980469,build_time_ms=159.7419586181640625,convert_build_time_ms=170.51821422576904297,convert_build_compact_time_ms=183.86298179626464844,compact_time_ms=13.344767570495605469,update_time_ms=49.801952362060546875,convert_and_update_time_ms=60.59369659423828125,sort_time_ms=0,total_probe_time_ms=0
i_primitive=triangle,i_key_mode=3d,i_build_mode=b_sfl,i_probe_mode=p_sfl,i_update_type=rank_local,i_num_build_keys_log=26,i_key_offset=0,i_key_stride_log=0,i_key_replication_log=0,i_reserve_keys_for_misses=0,i_num_updates_log=16,i_local_update_chunk_size_log=1,i_num_probe_keys_log=27,i_miss_percentage=0,i_out_of_range_percentage=0,i_range_query_hit_count_log=0,i_exponent_bias=0,i_force_single_anyhit=1,i_perpendicular_rays=1,i_start_ray_at_zero=0,i_compaction=1,i_large_keys=0,i_closest_hit=0,i_skip_probing=1,i_num_rays_per_thread_log=0,i_force_uniform_keys=0,i_x_bits=23,i_y_bits=9,i_z_bits=0,i_debug=0,uncompacted_size=4383306496,final_size=3960061824,update_temp_buffer_size=285213824,convert_time_ms=10.775712013244628906,build_time_ms=161.4602203369140625,convert_build_time_ms=172.23593235015869141,convert_build_compact_time_ms=185.49138832092285156,compact_time_ms=13.255455970764160156,update_time_ms=49.784832000732421875,convert_and_update_time_ms=60.57049560546875,sort_time_ms=0,total_probe_time_ms=0
i_primitive=triangle,i_key_mode=3d,i_build_mode=b_sfl,i_probe_mode=p_sfl,i_update_type=rank_local,i_num_build_keys_log=26,i_key_offset=0,i_key_stride_log=0,i_key_replication_log=0,i_reserve_keys_for_misses=0,i_num_updates_log=20,i_local_update_chunk_size_log=1,i_num_probe_keys_log=27,i_miss_percentage=0,i_out_of_range_percentage=0,i_range_query_hit_count_log=0,i_exponent_bias=0,i_force_single_anyhit=1,i_perpendicular_rays=1,i_start_ray_at_zero=0,i_compaction=1,i_large_keys=0,i_closest_hit=0,i_skip_probing=1,i_num_rays_per_thread_log=0,i_force_uniform_keys=0,i_x_bits=23,i_y_bits=9,i_z_bits=0,i_debug=0,uncompacted_size=4383306496,final_size=3962873600,update_temp_buffer_size=285213824,convert_time_ms=10.770527839660644531,build_time_ms=159.970306396484375,convert_build_time_ms=170.74083423614501953,convert_build_compact_time_ms=183.56928253173828125,compact_time_ms=12.828448295593261719,update_time_ms=49.762302398681640625,convert_and_update_time_ms=60.553950309753417969,sort_time_ms=0,total_probe_time_ms=0
i_primitive=triangle,i_key_mode=3d,i_build_mode=b_sfl,i_probe_mode=p_sfl,i_update_type=rank_local,i_num_build_keys_log=26,i_key_offset=0,i_key_stride_log=0,i_key_replication_log=0,i_reserve_keys_for_misses=0,i_num_updates_log=24,i_local_update_chunk_size_log=1,i_num_probe_keys_log=27,i_miss_percentage=0,i_out_of_range_percentage=0,i_range_query_hit_count_log=0,i_exponent_bias=0,i_force_single_anyhit=1,i_perpendicular_rays=1,i_start_ray_at_zero=0,i_compaction=1,i_large_keys=0,i_closest_hit=0,i_skip_probing=1,i_num_rays_per_thread_log=0,i_force_uniform_keys=0,i_x_bits=23,i_y_bits=9,i_z_bits=0,i_debug=0,uncompacted_size=4383306496,final_size=3959892224,update_temp_buffer_size=285213824,convert_time_ms=10.769087791442871094,build_time_ms=158.95245361328125,convert_build_time_ms=169.72154140472412109,convert_build_compact_time_ms=182.55635738372802734,compact_time_ms=12.83481597900390625,update_time_ms=50.098175048828125,convert_and_update_time_ms=60.891230583190917969,sort_time_ms=0,total_probe_time_ms=0
i_primitive=triangle,i_key_mode=3d,i_build_mode=b_asc,i_probe_mode=p_sfl,i_update_type=rank_local,i_num_build_keys_log=26,i_key_offset=0,i_key_stride_log=0,i_key_replication_log=0,i_reserve_keys_for_misses=0,i_num_updates_log=0,i_local_update_chunk_size_log=1,i_num_probe_keys_log=27,i_miss_percentage=0,i_out_of_range_percentage=0,i_range_query_hit_count_log=0,i_exponent_bias=0,i_force_single_anyhit=1,i_perpendicular_rays=1,i_start_ray_at_zero=0,i_compaction=1,i_large_keys=0,i_closest_hit=0,i_skip_probing=1,i_num_rays_per_thread_log=0,i_force_uniform_keys=0,i_x_bits=23,i_y_bits=9,i_z_bits=0,i_debug=0,uncompacted_size=3805310464,final_size=2399661312,update_temp_buffer_size=0,convert_time_ms=10.766079902648925781,build_time_ms=135.646209716796875,convert_build_time_ms=146.41228961944580078,convert_build_compact_time_ms=154.98112201690673828,compact_time_ms=8.5688323974609375,update_time_ms=0,convert_and_update_time_ms=0,sort_time_ms=0,total_probe_time_ms=0
i_primitive=triangle,i_key_mode=3d,i_build_mode=b_asc,i_probe_mode=p_sfl,i_update_type=rank_local,i_num_build_keys_log=26,i_key_offset=0,i_key_stride_log=0,i_key_replication_log=0,i_reserve_keys_for_misses=0,i_num_updates_log=4,i_local_update_chunk_size_log=1,i_num_probe_keys_log=27,i_miss_percentage=0,i_out_of_range_percentage=0,i_range_query_hit_count_log=0,i_exponent_bias=0,i_force_single_anyhit=1,i_perpendicular_rays=1,i_start_ray_at_zero=0,i_compaction=1,i_large_keys=0,i_closest_hit=0,i_skip_probing=1,i_num_rays_per_thread_log=0,i_force_uniform_keys=0,i_x_bits=23,i_y_bits=9,i_z_bits=0,i_debug=0,uncompacted_size=4383306496,final_size=3962136576,update_temp_buffer_size=285213824,convert_time_ms=10.768159866333007812,build_time_ms=135.467010498046875,convert_build_time_ms=146.23517036437988281,convert_build_compact_time_ms=159.15190601348876953,compact_time_ms=12.916735649108886719,update_time_ms=25.641984939575195312,convert_and_update_time_ms=35.857696533203125,sort_time_ms=0,total_probe_time_ms=0
i_primitive=triangle,i_key_mode=3d,i_build_mode=b_asc,i_probe_mode=p_sfl,i_update_type=rank_local,i_num_build_keys_log=26,i_key_offset=0,i_key_stride_log=0,i_key_replication_log=0,i_reserve_keys_for_misses=0,i_num_updates_log=8,i_local_update_chunk_size_log=1,i_num_probe_keys_log=27,i_miss_percentage=0,i_out_of_range_percentage=0,i_range_query_hit_count_log=0,i_exponent_bias=0,i_force_single_anyhit=1,i_perpendicular_rays=1,i_start_ray_at_zero=0,i_compaction=1,i_large_keys=0,i_closest_hit=0,i_skip_probing=1,i_num_rays_per_thread_log=0,i_force_uniform_keys=0,i_x_bits=23,i_y_bits=9,i_z_bits=0,i_debug=0,uncompacted_size=4383306496,final_size=3962136576,update_temp_buffer_size=285213824,convert_time_ms=10.794719696044921875,build_time_ms=133.80096435546875,convert_build_time_ms=144.59568405151367188,convert_build_compact_time_ms=157.55952358245849609,compact_time_ms=12.963839530944824219,update_time_ms=25.558015823364257812,convert_and_update_time_ms=35.77996826171875,sort_time_ms=0,total_probe_time_ms=0
i_primitive=triangle,i_key_mode=3d,i_build_mode=b_asc,i_probe_mode=p_sfl,i_update_type=rank_local,i_num_build_keys_log=26,i_key_offset=0,i_key_stride_log=0,i_key_replication_log=0,i_reserve_keys_for_misses=0,i_num_updates_log=12,i_local_update_chunk_size_log=1,i_num_probe_keys_log=27,i_miss_percentage=0,i_out_of_range_percentage=0,i_range_query_hit_count_log=0,i_exponent_bias=0,i_force_single_anyhit=1,i_perpendicular_rays=1,i_start_ray_at_zero=0,i_compaction=1,i_large_keys=0,i_closest_hit=0,i_skip_probing=1,i_num_rays_per_thread_log=0,i_force_uniform_keys=0,i_x_bits=23,i_y_bits=9,i_z_bits=0,i_debug=0,uncompacted_size=4383306496,final_size=3961399296,update_temp_buffer_size=285213824,convert_time_ms=10.78409576416015625,build_time_ms=128.2856292724609375,convert_build_time_ms=139.06972503662109375,convert_build_compact_time_ms=151.97417259216308594,compact_time_ms=12.904447555541992188,update_time_ms=25.641984939575195312,convert_and_update_time_ms=35.863872528076171875,sort_time_ms=0,total_probe_time_ms=0
i_primitive=triangle,i_key_mode=3d,i_build_mode=b_asc,i_probe_mode=p_sfl,i_update_type=rank_local,i_num_build_keys_log=26,i_key_offset=0,i_key_stride_log=0,i_key_replication_log=0,i_reserve_keys_for_misses=0,i_num_updates_log=16,i_local_update_chunk_size_log=1,i_num_probe_keys_log=27,i_miss_percentage=0,i_out_of_range_percentage=0,i_range_query_hit_count_log=0,i_exponent_bias=0,i_force_single_anyhit=1,i_perpendicular_rays=1,i_start_ray_at_zero=0,i_compaction=1,i_large_keys=0,i_closest_hit=0,i_skip_probing=1,i_num_rays_per_thread_log=0,i_force_uniform_keys=0,i_x_bits=23,i_y_bits=9,i_z_bits=0,i_debug=0,uncompacted_size=4383306496,final_size=3961399296,update_temp_buffer_size=285213824,convert_time_ms=10.770400047302246094,build_time_ms=132.3015289306640625,convert_build_time_ms=143.07192897796630859,convert_build_compact_time_ms=155.99992942810058594,compact_time_ms=12.928000450134277344,update_time_ms=25.729888916015625,convert_and_update_time_ms=35.956320762634277344,sort_time_ms=0,total_probe_time_ms=0
i_primitive=triangle,i_key_mode=3d,i_build_mode=b_asc,i_probe_mode=p_sfl,i_update_type=rank_local,i_num_build_keys_log=26,i_key_offset=0,i_key_stride_log=0,i_key_replication_log=0,i_reserve_keys_for_misses=0,i_num_updates_log=20,i_local_update_chunk_size_log=1,i_num_probe_keys_log=27,i_miss_percentage=0,i_out_of_range_percentage=0,i_range_query_hit_count_log=0,i_exponent_bias=0,i_force_single_anyhit=1,i_perpendicular_rays=1,i_start_ray_at_zero=0,i_compaction=1,i_large_keys=0,i_closest_hit=0,i_skip_probing=1,i_num_rays_per_thread_log=0,i_force_uniform_keys=0,i_x_bits=23,i_y_bits=9,i_z_bits=0,i_debug=0,uncompacted_size=4383306496,final_size=3962136576,update_temp_buffer_size=285213824,convert_time_ms=10.784735679626464844,build_time_ms=131.7671661376953125,convert_build_time_ms=142.55190181732177734,convert_build_compact_time_ms=155.47862148284912109,compact_time_ms=12.92671966552734375,update_time_ms=25.62451171875,convert_and_update_time_ms=35.847071647644042969,sort_time_ms=0,total_probe_time_ms=0
i_primitive=triangle,i_key_mode=3d,i_build_mode=b_asc,i_probe_mode=p_sfl,i_update_type=rank_local,i_num_build_keys_log=26,i_key_offset=0,i_key_stride_log=0,i_key_replication_log=0,i_reserve_keys_for_misses=0,i_num_updates_log=24,i_local_update_chunk_size_log=1,i_num_probe_keys_log=27,i_miss_percentage=0,i_out_of_range_percentage=0,i_range_query_hit_count_log=0,i_exponent_bias=0,i_force_single_anyhit=1,i_perpendicular_rays=1,i_start_ray_at_zero=0,i_compaction=1,i_large_keys=0,i_closest_hit=0,i_skip_probing=1,i_num_rays_per_thread_log=0,i_force_uniform_keys=0,i_x_bits=23,i_y_bits=9,i_z_bits=0,i_debug=0,uncompacted_size=4383306496,final_size=3961399296,update_temp_buffer_size=285213824,convert_time_ms=10.785247802734375,build_time_ms=133.0042877197265625,convert_build_time_ms=143.7895355224609375,convert_build_compact_time_ms=156.70319938659667969,compact_time_ms=12.913663864135742188,update_time_ms=25.989824295043945312,convert_and_update_time_ms=36.211040496826171875,sort_time_ms=0,total_probe_time_ms=0
