build_bytes,  build_time_ms, checked_result, gpu_resident_bytes, i_build_key_uniformity, i_configuration,   i_hit_rate, i_key_size, i_log_build_size, i_log_key_multiplicity, i_log_num_batches, i_log_probe_size, i_misses_are_outliers, i_probe_zipf_coefficient, i_runs, i_sort_insert, i_sort_probe,       i_type, i_value_size,  probe_time_ms, sort_time_ms
    3538480,   0.4334591951,              1,            1400496,           1.0000000000,      build_size, 1.0000000000,         32,               15,                      0,                 0,               27,                     0,             0.0000000000,      5,             0,            0,    rtx_index,           32,  16.4900863647, 0.0000000000
    3538480,   0.4394176047,              1,            1400496,           1.0000000000,      build_size, 1.0000000000,         32,               15,                      0,                 0,               27,                     0,             0.0000000000,      5,             0,            1,    rtx_index,           32,  14.4742015839, 6.4403455734
    3538352,   0.4361535985,              1,            1400368,           1.0000000000,      build_size, 1.0000000000,         32,               15,                      0,                 0,               27,                     0,             0.0000000000,      5,             1,            0,    rtx_index,           32,  16.4625984192, 0.0000000000
    3538352,   0.4542912003,              1,            1400368,           1.0000000000,      build_size, 1.0000000000,         32,               15,                      0,                 0,               27,                     0,             0.0000000000,      5,             1,            1,    rtx_index,           32,  14.3927936554, 6.4093952179
    7134000,   0.5139008008,              1,            2862128,           1.0000000000,      build_size, 1.0000000000,         32,               16,                      0,                 0,               27,                     0,             0.0000000000,      5,             0,            0,    rtx_index,           32,  19.0568637848, 0.0000000000
    7134000,   0.5271232042,              1,            2862128,           1.0000000000,      build_size, 1.0000000000,         32,               16,                      0,                 0,               27,                     0,             0.0000000000,      5,             0,            1,    rtx_index,           32,  14.8486591339, 6.4284351349
    7134000,   0.5171584051,              1,            2862128,           1.0000000000,      build_size, 1.0000000000,         32,               16,                      0,                 0,               27,                     0,             0.0000000000,      5,             1,            0,    rtx_index,           32,  19.2565563202, 0.0000000000
    7134000,   0.5317695968,              1,            2862128,           1.0000000000,      build_size, 1.0000000000,         32,               16,                      0,                 0,               27,                     0,             0.0000000000,      5,             1,            1,    rtx_index,           32,  14.7607553482, 6.4225215912
   14318512,   0.6935871936,              1,            5778864,           1.0000000000,      build_size, 1.0000000000,         32,               17,                      0,                 0,               27,                     0,             0.0000000000,      5,             0,            0,    rtx_index,           32,  21.0988613129, 0.0000000000
   14318512,   0.6937600054,              1,            5778864,           1.0000000000,      build_size, 1.0000000000,         32,               17,                      0,                 0,               27,                     0,             0.0000000000,      5,             0,            1,    rtx_index,           32,  15.2338558197, 6.4280575752
   14307376,   0.6928575911,              1,            5767728,           1.0000000000,      build_size, 1.0000000000,         32,               17,                      0,                 0,               27,                     0,             0.0000000000,      5,             1,            0,    rtx_index,           32,  21.1982082367, 0.0000000000
   14307376,   0.7325631998,              1,            5767728,           1.0000000000,      build_size, 1.0000000000,         32,               17,                      0,                 0,               27,                     0,             0.0000000000,      5,             1,            1,    rtx_index,           32,  15.2223232269, 6.4454655647
   28305328,   1.0130495951,              1,           11230128,           1.0000000000,      build_size, 1.0000000000,         32,               18,                      0,                 0,               27,                     0,             0.0000000000,      5,             0,            0,    rtx_index,           32,  22.9199550629, 0.0000000000
   28305328,   0.9999103867,              1,           11230128,           1.0000000000,      build_size, 1.0000000000,         32,               18,                      0,                 0,               27,                     0,             0.0000000000,      5,             0,            1,    rtx_index,           32,  15.6653568268, 6.3883008003
   28300208,   0.9788927950,              1,           11225008,           1.0000000000,      build_size, 1.0000000000,         32,               18,                      0,                 0,               27,                     0,             0.0000000000,      5,             1,            0,    rtx_index,           32,  23.2056449890, 0.0000000000
   28300208,   1.0086656034,              1,           11225008,           1.0000000000,      build_size, 1.0000000000,         32,               18,                      0,                 0,               27,                     0,             0.0000000000,      5,             1,            1,    rtx_index,           32,  15.6411775589, 6.4014335632
   56555440,   1.7332672134,              1,           22409008,           1.0000000000,      build_size, 1.0000000000,         32,               19,                      0,                 0,               27,                     0,             0.0000000000,      5,             0,            0,    rtx_index,           32,  36.6511299133, 0.0000000000
   56555440,   1.7584640130,              1,           22409008,           1.0000000000,      build_size, 1.0000000000,         32,               19,                      0,                 0,               27,                     0,             0.0000000000,      5,             0,            1,    rtx_index,           32,  16.2627841949, 6.4212928772
   56550576,   1.6984959736,              1,           22404144,           1.0000000000,      build_size, 1.0000000000,         32,               19,                      0,                 0,               27,                     0,             0.0000000000,      5,             1,            0,    rtx_index,           32,  36.6227722168, 0.0000000000
   56550576,   1.7171904057,              1,           22404144,           1.0000000000,      build_size, 1.0000000000,         32,               19,                      0,                 0,               27,                     0,             0.0000000000,      5,             1,            1,    rtx_index,           32,  16.2326595306, 6.4159615517
  114145840,   3.3625664175,              1,           45856944,           1.0000000000,      build_size, 1.0000000000,         32,               20,                      0,                 0,               27,                     0,             0.0000000000,      5,             0,            0,    rtx_index,           32,  49.3651458740, 0.0000000000
  114145840,   3.4786943972,              1,           45856944,           1.0000000000,      build_size, 1.0000000000,         32,               20,                      0,                 0,               27,                     0,             0.0000000000,      5,             0,            1,    rtx_index,           32,  16.9965633392, 6.4595839500
  114016816,   3.0923519790,              1,           45727920,           1.0000000000,      build_size, 1.0000000000,         32,               20,                      0,                 0,               27,                     0,             0.0000000000,      5,             1,            0,    rtx_index,           32,  49.2469955444, 0.0000000000
  114016816,   3.3026495993,              1,           45727920,           1.0000000000,      build_size, 1.0000000000,         32,               20,                      0,                 0,               27,                     0,             0.0000000000,      5,             1,            1,    rtx_index,           32,  16.9168701172, 6.3870593071
  227742000,   6.7396544218,              1,           91168304,           1.0000000000,      build_size, 1.0000000000,         32,               21,                      0,                 0,               27,                     0,             0.0000000000,      5,             0,            0,    rtx_index,           32,  60.0260734558, 0.0000000000
  227742000,   7.1106944263,              1,           91168304,           1.0000000000,      build_size, 1.0000000000,         32,               21,                      0,                 0,               27,                     0,             0.0000000000,      5,             0,            1,    rtx_index,           32,  17.6932735443, 6.3664127350
  227441072,   5.9448446691,              1,           90867376,           1.0000000000,      build_size, 1.0000000000,         32,               21,                      0,                 0,               27,                     0,             0.0000000000,      5,             1,            0,    rtx_index,           32,  60.0232131958, 0.0000000000
  227441072,   6.2801600158,              1,           90867376,           1.0000000000,      build_size, 1.0000000000,         32,               21,                      0,                 0,               27,                     0,             0.0000000000,      5,             1,            1,    rtx_index,           32,  17.5490947723, 6.3743680000
  451962672,  12.0082049370,              1,          178819376,           1.0000000000,      build_size, 1.0000000000,         32,               22,                      0,                 0,               27,                     0,             0.0000000000,      5,             0,            0,    rtx_index,           32,  69.5891311646, 0.0000000000
  451962672,  12.6805248022,              1,          178819376,           1.0000000000,      build_size, 1.0000000000,         32,               22,                      0,                 0,               27,                     0,             0.0000000000,      5,             0,            1,    rtx_index,           32,  18.8010498047, 6.3557567596
  451332784,  11.1251393080,              1,          178189488,           1.0000000000,      build_size, 1.0000000000,         32,               22,                      0,                 0,               27,                     0,             0.0000000000,      5,             1,            0,    rtx_index,           32,  69.1988800049, 0.0000000000
  451332784,  11.7433409214,              1,          178189488,           1.0000000000,      build_size, 1.0000000000,         32,               22,                      0,                 0,               27,                     0,             0.0000000000,      5,             1,            1,    rtx_index,           32,  18.2273662567, 6.3578111649
  904484016,  23.3707650423,              1,          358201264,           1.0000000000,      build_size, 1.0000000000,         32,               23,                      0,                 0,               27,                     0,             0.0000000000,      5,             0,            0,    rtx_index,           32,  77.7322052002, 0.0000000000
  904484016,  24.3190211535,              1,          358201264,           1.0000000000,      build_size, 1.0000000000,         32,               23,                      0,                 0,               27,                     0,             0.0000000000,      5,             0,            1,    rtx_index,           32,  20.4069438934, 6.3744127274
  903411632,  21.3715839624,              1,          357128880,           1.0000000000,      build_size, 1.0000000000,         32,               23,                      0,                 0,               27,                     0,             0.0000000000,      5,             1,            0,    rtx_index,           32,  77.6462249756, 0.0000000000
  903411632,  22.2293180704,              1,          357128880,           1.0000000000,      build_size, 1.0000000000,         32,               23,                      0,                 0,               27,                     0,             0.0000000000,      5,             1,            1,    rtx_index,           32,  19.9833213806, 6.3911807060
 1814501808,  47.2331067562,              1,          721940016,           1.0000000000,      build_size, 1.0000000000,         32,               24,                      0,                 0,               27,                     0,             0.0000000000,      5,             0,            0,    rtx_index,           32,  85.7253875732, 0.0000000000
 1814501808,  47.6179705620,              1,          721940016,           1.0000000000,      build_size, 1.0000000000,         32,               24,                      0,                 0,               27,                     0,             0.0000000000,      5,             0,            1,    rtx_index,           32,  22.8220932007, 6.3621119499
 1807610800,  42.2752258301,              1,          715049008,           1.0000000000,      build_size, 1.0000000000,         32,               24,                      0,                 0,               27,                     0,             0.0000000000,      5,             1,            0,    rtx_index,           32,  85.7444732666, 0.0000000000
 1807610800,  42.8297790527,              1,          715049008,           1.0000000000,      build_size, 1.0000000000,         32,               24,                      0,                 0,               27,                     0,             0.0000000000,      5,             1,            1,    rtx_index,           32,  22.4169986725, 6.3096832275
 3600656816,  93.5941042900,              1,         1415537072,           1.0000000000,      build_size, 1.0000000000,         32,               25,                      0,                 0,               27,                     0,             0.0000000000,      5,             0,            0,    rtx_index,           32,  94.2049270630, 0.0000000000
 3600656816,  93.6262280464,              1,         1415537072,           1.0000000000,      build_size, 1.0000000000,         32,               25,                      0,                 0,               27,                     0,             0.0000000000,      5,             0,            1,    rtx_index,           32,  26.6565242767, 6.3668416977
 3583006768,  82.8521353722,              1,         1397887024,           1.0000000000,      build_size, 1.0000000000,         32,               25,                      0,                 0,               27,                     0,             0.0000000000,      5,             1,            0,    rtx_index,           32,  94.4263488770, 0.0000000000
 3583006768,  83.0878780365,              1,         1397887024,           1.0000000000,      build_size, 1.0000000000,         32,               25,                      0,                 0,               27,                     0,             0.0000000000,      5,             1,            1,    rtx_index,           32,  25.4844478607, 6.4366591454
 7151040944, 189.0163179398,              1,         2780805424,           1.0000000000,      build_size, 1.0000000000,         32,               26,                      0,                 0,               27,                     0,             0.0000000000,      5,             0,            0,    rtx_index,           32, 103.0293457031, 0.0000000000
 7151040944, 189.6392959595,              1,         2780805424,           1.0000000000,      build_size, 1.0000000000,         32,               26,                      0,                 0,               27,                     0,             0.0000000000,      5,             0,            1,    rtx_index,           32,  34.2837242126, 6.3657983780
 7109068976, 165.6986026764,              1,         2738833456,           1.0000000000,      build_size, 1.0000000000,         32,               26,                      0,                 0,               27,                     0,             0.0000000000,      5,             1,            0,    rtx_index,           32, 102.8573425293, 0.0000000000
 7109068976, 165.5444751740,              1,         2738833456,           1.0000000000,      build_size, 1.0000000000,         32,               26,                      0,                 0,               27,                     0,             0.0000000000,      5,             1,            1,    rtx_index,           32,  30.8711433411, 6.3352832794
     665087,   0.0810240010,              1,             262144,           1.0000000000,      build_size, 1.0000000000,         32,               15,                      0,                 0,               27,                     0,             0.0000000000,      5,             0,            0, sorted_array,           32,  13.1844478607, 0.0000000000
     665087,   0.0787584005,              1,             262144,           1.0000000000,      build_size, 1.0000000000,         32,               15,                      0,                 0,               27,                     0,             0.0000000000,      5,             0,            1, sorted_array,           32,   4.4087296486, 6.4966656685
     665087,   0.0924736001,              1,             262144,           1.0000000000,      build_size, 1.0000000000,         32,               15,                      0,                 0,               27,                     0,             0.0000000000,      5,             1,            0, sorted_array,           32,  12.4276739120, 0.0000000000
     665087,   0.0962304015,              1,             262144,           1.0000000000,      build_size, 1.0000000000,         32,               15,                      0,                 0,               27,                     0,             0.0000000000,      5,             1,            1, sorted_array,           32,   4.4261247635, 6.4339713097
    1324543,   0.0810880005,              1,             524288,           1.0000000000,      build_size, 1.0000000000,         32,               16,                      0,                 0,               27,                     0,             0.0000000000,      5,             0,            0, sorted_array,           32,  14.7688831329, 0.0000000000
    1324543,   0.1133184018,              1,             524288,           1.0000000000,      build_size, 1.0000000000,         32,               16,                      0,                 0,               27,                     0,             0.0000000000,      5,             0,            1, sorted_array,           32,   4.8033663750, 6.4594048500
    1324543,   0.0934592007,              1,             524288,           1.0000000000,      build_size, 1.0000000000,         32,               16,                      0,                 0,               27,                     0,             0.0000000000,      5,             1,            0, sorted_array,           32,  15.1130174637, 0.0000000000
    1324543,   0.1041024012,              1,             524288,           1.0000000000,      build_size, 1.0000000000,         32,               16,                      0,                 0,               27,                     0,             0.0000000000,      5,             1,            1, sorted_array,           32,   4.7990783691, 6.4876607895
    2643455,   0.1037504010,              1,            1048576,           1.0000000000,      build_size, 1.0000000000,         32,               17,                      0,                 0,               27,                     0,             0.0000000000,      5,             0,            0, sorted_array,           32,  18.6157054901, 0.0000000000
    2643455,   0.1014208021,              1,            1048576,           1.0000000000,      build_size, 1.0000000000,         32,               17,                      0,                 0,               27,                     0,             0.0000000000,      5,             0,            1, sorted_array,           32,   5.1976191521, 6.4592256546
    2643455,   0.0817792011,              1,            1048576,           1.0000000000,      build_size, 1.0000000000,         32,               17,                      0,                 0,               27,                     0,             0.0000000000,      5,             1,            0, sorted_array,           32,  17.6955196381, 0.0000000000
    2643455,   0.1023552021,              1,            1048576,           1.0000000000,      build_size, 1.0000000000,         32,               17,                      0,                 0,               27,                     0,             0.0000000000,      5,             1,            1, sorted_array,           32,   5.1226623535, 6.4958079338
    5281279,   0.0904447999,              1,            2097152,           1.0000000000,      build_size, 1.0000000000,         32,               18,                      0,                 0,               27,                     0,             0.0000000000,      5,             0,            0, sorted_array,           32,  21.3290878296, 0.0000000000
    5281279,   0.1255423984,              1,            2097152,           1.0000000000,      build_size, 1.0000000000,         32,               18,                      0,                 0,               27,                     0,             0.0000000000,      5,             0,            1, sorted_array,           32,   5.7464448929, 6.4319488525
    5281279,   0.1035200031,              1,            2097152,           1.0000000000,      build_size, 1.0000000000,         32,               18,                      0,                 0,               27,                     0,             0.0000000000,      5,             1,            0, sorted_array,           32,  21.0470527649, 0.0000000000
    5281279,   0.1069631999,              1,            2097152,           1.0000000000,      build_size, 1.0000000000,         32,               18,                      0,                 0,               27,                     0,             0.0000000000,      5,             1,            1, sorted_array,           32,   5.5537663460, 6.4620351791
   10557951,   0.1059264015,              1,            4194304,           1.0000000000,      build_size, 1.0000000000,         32,               19,                      0,                 0,               27,                     0,             0.0000000000,      5,             0,            0, sorted_array,           32,  24.3104640961, 0.0000000000
   10557951,   0.1449407995,              1,            4194304,           1.0000000000,      build_size, 1.0000000000,         32,               19,                      0,                 0,               27,                     0,             0.0000000000,      5,             0,            1, sorted_array,           32,   6.2089151382, 6.4419584274
   10557951,   0.1196160007,              1,            4194304,           1.0000000000,      build_size, 1.0000000000,         32,               19,                      0,                 0,               27,                     0,             0.0000000000,      5,             1,            0, sorted_array,           32,  24.2489280701, 0.0000000000
   10557951,   0.1233024016,              1,            4194304,           1.0000000000,      build_size, 1.0000000000,         32,               19,                      0,                 0,               27,                     0,             0.0000000000,      5,             1,            1, sorted_array,           32,   5.9339200020, 6.4774144173
   21110271,   0.1631935997,              1,            8388608,           1.0000000000,      build_size, 1.0000000000,         32,               20,                      0,                 0,               27,                     0,             0.0000000000,      5,             0,            0, sorted_array,           32,  31.2592704773, 0.0000000000
   21110271,   0.2019327994,              1,            8388608,           1.0000000000,      build_size, 1.0000000000,         32,               20,                      0,                 0,               27,                     0,             0.0000000000,      5,             0,            1, sorted_array,           32,   6.5427455902, 6.4726208687
   21110271,   0.1795071999,              1,            8388608,           1.0000000000,      build_size, 1.0000000000,         32,               20,                      0,                 0,               27,                     0,             0.0000000000,      5,             1,            0, sorted_array,           32,  31.2315902710, 0.0000000000
   21110271,   0.1873087978,              1,            8388608,           1.0000000000,      build_size, 1.0000000000,         32,               20,                      0,                 0,               27,                     0,             0.0000000000,      5,             1,            1, sorted_array,           32,   6.5888447762, 6.4215040207
   42214911,   0.2833151989,              1,           16777216,           1.0000000000,      build_size, 1.0000000000,         32,               21,                      0,                 0,               27,                     0,             0.0000000000,      5,             0,            0, sorted_array,           32,  53.0665473938, 0.0000000000
   42214911,   0.2963584073,              1,           16777216,           1.0000000000,      build_size, 1.0000000000,         32,               21,                      0,                 0,               27,                     0,             0.0000000000,      5,             0,            1, sorted_array,           32,   7.1764222145, 6.4013824463
   42214911,   0.2653247971,              1,           16777216,           1.0000000000,      build_size, 1.0000000000,         32,               21,                      0,                 0,               27,                     0,             0.0000000000,      5,             1,            0, sorted_array,           32,  52.5678588867, 0.0000000000
   42214911,   0.3007680040,              1,           16777216,           1.0000000000,      build_size, 1.0000000000,         32,               21,                      0,                 0,               27,                     0,             0.0000000000,      5,             1,            1, sorted_array,           32,   7.1145600319, 6.3784639359
   84424191,   0.4692992017,              1,           33554432,           1.0000000000,      build_size, 1.0000000000,         32,               22,                      0,                 0,               27,                     0,             0.0000000000,      5,             0,            0, sorted_array,           32, 113.1304962158, 0.0000000000
   84424191,   0.5084032014,              1,           33554432,           1.0000000000,      build_size, 1.0000000000,         32,               22,                      0,                 0,               27,                     0,             0.0000000000,      5,             0,            1, sorted_array,           32,   7.7574336052, 6.3596545219
   84424191,   0.4687039912,              1,           33554432,           1.0000000000,      build_size, 1.0000000000,         32,               22,                      0,                 0,               27,                     0,             0.0000000000,      5,             1,            0, sorted_array,           32, 113.3553741455, 0.0000000000
   84424191,   0.4945023995,              1,           33554432,           1.0000000000,      build_size, 1.0000000000,         32,               22,                      0,                 0,               27,                     0,             0.0000000000,      5,             1,            1, sorted_array,           32,   7.5653120041, 6.6320383072
  168842751,   0.8213056050,              1,           67108864,           1.0000000000,      build_size, 1.0000000000,         32,               23,                      0,                 0,               27,                     0,             0.0000000000,      5,             0,            0, sorted_array,           32, 152.0224273682, 0.0000000000
  168842751,   0.9069056027,              1,           67108864,           1.0000000000,      build_size, 1.0000000000,         32,               23,                      0,                 0,               27,                     0,             0.0000000000,      5,             0,            1, sorted_array,           32,   8.2747329712, 6.3541311264
  168842751,   0.8553280137,              1,           67108864,           1.0000000000,      build_size, 1.0000000000,         32,               23,                      0,                 0,               27,                     0,             0.0000000000,      5,             1,            0, sorted_array,           32, 151.9570922852, 0.0000000000
  168842751,   0.8839808017,              1,           67108864,           1.0000000000,      build_size, 1.0000000000,         32,               23,                      0,                 0,               27,                     0,             0.0000000000,      5,             1,            1, sorted_array,           32,   7.9079422951, 6.4580928802
  337679871,   1.5971008077,              1,          134217728,           1.0000000000,      build_size, 1.0000000000,         32,               24,                      0,                 0,               27,                     0,             0.0000000000,      5,             0,            0, sorted_array,           32, 209.6158966064, 0.0000000000
  337679871,   1.7130367994,              1,          134217728,           1.0000000000,      build_size, 1.0000000000,         32,               24,                      0,                 0,               27,                     0,             0.0000000000,      5,             0,            1, sorted_array,           32,   9.1058242798, 6.3581439972
  337679871,   1.5894016311,              1,          134217728,           1.0000000000,      build_size, 1.0000000000,         32,               24,                      0,                 0,               27,                     0,             0.0000000000,      5,             1,            0, sorted_array,           32, 209.7448944092, 0.0000000000
  337679871,   1.6918592155,              1,          134217728,           1.0000000000,      build_size, 1.0000000000,         32,               24,                      0,                 0,               27,                     0,             0.0000000000,      5,             1,            1, sorted_array,           32,   8.5995136261, 6.3461184502
  675355135,   3.1101952195,              1,          268435456,           1.0000000000,      build_size, 1.0000000000,         32,               25,                      0,                 0,               27,                     0,             0.0000000000,      5,             0,            0, sorted_array,           32, 244.1940948486, 0.0000000000
  675355135,   3.3176703781,              1,          268435456,           1.0000000000,      build_size, 1.0000000000,         32,               25,                      0,                 0,               27,                     0,             0.0000000000,      5,             0,            1, sorted_array,           32,  10.3692607880, 6.3358527184
  675355135,   3.1627519697,              1,          268435456,           1.0000000000,      build_size, 1.0000000000,         32,               25,                      0,                 0,               27,                     0,             0.0000000000,      5,             1,            0, sorted_array,           32, 244.5277191162, 0.0000000000
  675355135,   3.2810879767,              1,          268435456,           1.0000000000,      build_size, 1.0000000000,         32,               25,                      0,                 0,               27,                     0,             0.0000000000,      5,             1,            1, sorted_array,           32,   8.9873983383, 6.4333824158
 1350704639,   6.4586048663,              1,          536870912,           1.0000000000,      build_size, 1.0000000000,         32,               26,                      0,                 0,               27,                     0,             0.0000000000,      5,             0,            0, sorted_array,           32, 271.6806640625, 0.0000000000
 1350704639,   6.5363071918,              1,          536870912,           1.0000000000,      build_size, 1.0000000000,         32,               26,                      0,                 0,               27,                     0,             0.0000000000,      5,             0,            1, sorted_array,           32,  12.9824768066, 6.3844288826
 1350704639,   6.4006528914,              1,          536870912,           1.0000000000,      build_size, 1.0000000000,         32,               26,                      0,                 0,               27,                     0,             0.0000000000,      5,             1,            0, sorted_array,           32, 271.9326049805, 0.0000000000
 1350704639,   6.5152768195,              1,          536870912,           1.0000000000,      build_size, 1.0000000000,         32,               26,                      0,                 0,               27,                     0,             0.0000000000,      5,             1,            1, sorted_array,           32,   9.4164993286, 6.3973696709
     331456,   0.0167552002,              1,             331456,           1.0000000000,      build_size, 1.0000000000,         32,               15,                      0,                 0,               27,                     0,             0.0000000000,      5,             0,            0,     warpcore,           32,  27.1333248138, 0.0000000000
     331456,   0.0182272002,              1,             331456,           1.0000000000,      build_size, 1.0000000000,         32,               15,                      0,                 0,               27,                     0,             0.0000000000,      5,             0,            1,     warpcore,           32,  19.5620864868, 6.4499711990
     331456,   0.0167488001,              1,             331456,           1.0000000000,      build_size, 1.0000000000,         32,               15,                      0,                 0,               27,                     0,             0.0000000000,      5,             1,            0,     warpcore,           32,  26.9837440491, 0.0000000000
     331456,   0.0180544004,              1,             331456,           1.0000000000,      build_size, 1.0000000000,         32,               15,                      0,                 0,               27,                     0,             0.0000000000,      5,             1,            1,     warpcore,           32,  19.0091266632, 6.4198655128
     657088,   0.0236608002,              1,             657088,           1.0000000000,      build_size, 1.0000000000,         32,               16,                      0,                 0,               27,                     0,             0.0000000000,      5,             0,            0,     warpcore,           32,  27.0636863708, 0.0000000000
     657088,   0.0255552001,              1,             657088,           1.0000000000,      build_size, 1.0000000000,         32,               16,                      0,                 0,               27,                     0,             0.0000000000,      5,             0,            1,     warpcore,           32,  19.4361213684, 6.4507648468
     657088,   0.0235776000,              1,             657088,           1.0000000000,      build_size, 1.0000000000,         32,               16,                      0,                 0,               27,                     0,             0.0000000000,      5,             1,            0,     warpcore,           32,  26.9854270935, 0.0000000000
     657088,   0.0251263998,              1,             657088,           1.0000000000,      build_size, 1.0000000000,         32,               16,                      0,                 0,               27,                     0,             0.0000000000,      5,             1,            1,     warpcore,           32,  18.7129795074, 6.4995327950
    1324352,   0.0394815996,              1,            1324352,           1.0000000000,      build_size, 1.0000000000,         32,               17,                      0,                 0,               27,                     0,             0.0000000000,      5,             0,            0,     warpcore,           32,  26.7271999359, 0.0000000000
    1324352,   0.0407551989,              1,            1324352,           1.0000000000,      build_size, 1.0000000000,         32,               17,                      0,                 0,               27,                     0,             0.0000000000,      5,             0,            1,     warpcore,           32,  20.6709121704, 6.5191487312
    1324352,   0.0395007990,              1,            1324352,           1.0000000000,      build_size, 1.0000000000,         32,               17,                      0,                 0,               27,                     0,             0.0000000000,      5,             1,            0,     warpcore,           32,  26.9819324493, 0.0000000000
    1324352,   0.0417599991,              1,            1324352,           1.0000000000,      build_size, 1.0000000000,         32,               17,                      0,                 0,               27,                     0,             0.0000000000,      5,             1,            1,     warpcore,           32,  19.7324798584, 6.4333824158
    2622272,   0.0671744004,              1,            2622272,           1.0000000000,      build_size, 1.0000000000,         32,               18,                      0,                 0,               27,                     0,             0.0000000000,      5,             0,            0,     warpcore,           32,  27.0630912781, 0.0000000000
    2622272,   0.0679552004,              1,            2622272,           1.0000000000,      build_size, 1.0000000000,         32,               18,                      0,                 0,               27,                     0,             0.0000000000,      5,             0,            1,     warpcore,           32,  21.0601982117, 6.9197695732
    2622272,   0.0669696003,              1,            2622272,           1.0000000000,      build_size, 1.0000000000,         32,               18,                      0,                 0,               27,                     0,             0.0000000000,      5,             1,            0,     warpcore,           32,  27.4308990479, 0.0000000000
    2622272,   0.0695744008,              1,            2622272,           1.0000000000,      build_size, 1.0000000000,         32,               18,                      0,                 0,               27,                     0,             0.0000000000,      5,             1,            1,     warpcore,           32,  19.9946113586, 6.5179582596
    5260096,   0.1295808047,              1,            5260096,           1.0000000000,      build_size, 1.0000000000,         32,               19,                      0,                 0,               27,                     0,             0.0000000000,      5,             0,            0,     warpcore,           32,  33.4034942627, 0.0000000000
    5260096,   0.1318464011,              1,            5260096,           1.0000000000,      build_size, 1.0000000000,         32,               19,                      0,                 0,               27,                     0,             0.0000000000,      5,             0,            1,     warpcore,           32,  21.6051776886, 6.8726335526
    5260096,   0.1291904002,              1,            5260096,           1.0000000000,      build_size, 1.0000000000,         32,               19,                      0,                 0,               27,                     0,             0.0000000000,      5,             1,            0,     warpcore,           32,  33.0805252075, 0.0000000000
    5260096,   0.1355199963,              1,            5260096,           1.0000000000,      build_size, 1.0000000000,         32,               19,                      0,                 0,               27,                     0,             0.0000000000,      5,             1,            1,     warpcore,           32,  21.0921470642, 6.4004096031
   10511296,   0.3316736042,              1,           10511296,           1.0000000000,      build_size, 1.0000000000,         32,               20,                      0,                 0,               27,                     0,             0.0000000000,      5,             0,            0,     warpcore,           32,  40.1485702515, 0.0000000000
   10511296,   0.3483840048,              1,           10511296,           1.0000000000,      build_size, 1.0000000000,         32,               20,                      0,                 0,               27,                     0,             0.0000000000,      5,             0,            1,     warpcore,           32,  22.1974525452, 6.4735361099
   10511296,   0.3348479986,              1,           10511296,           1.0000000000,      build_size, 1.0000000000,         32,               20,                      0,                 0,               27,                     0,             0.0000000000,      5,             1,            0,     warpcore,           32,  39.8169151306, 0.0000000000
   10511296,   0.3473151982,              1,           10511296,           1.0000000000,      build_size, 1.0000000000,         32,               20,                      0,                 0,               27,                     0,             0.0000000000,      5,             1,            1,     warpcore,           32,  20.8199684143, 6.4161791801
   21163456,   0.7344128013,              1,           21163456,           1.0000000000,      build_size, 1.0000000000,         32,               21,                      0,                 0,               27,                     0,             0.0000000000,      5,             0,            0,     warpcore,           32,  43.4364036560, 0.0000000000
   21163456,   0.7634559989,              1,           21163456,           1.0000000000,      build_size, 1.0000000000,         32,               21,                      0,                 0,               27,                     0,             0.0000000000,      5,             0,            1,     warpcore,           32,  23.3885700226, 6.4229184151
   21163456,   0.7290880084,              1,           21163456,           1.0000000000,      build_size, 1.0000000000,         32,               21,                      0,                 0,               27,                     0,             0.0000000000,      5,             1,            0,     warpcore,           32,  43.5834877014, 0.0000000000
   21163456,   0.7571456075,              1,           21163456,           1.0000000000,      build_size, 1.0000000000,         32,               21,                      0,                 0,               27,                     0,             0.0000000000,      5,             1,            1,     warpcore,           32,  21.3542785645, 6.4450432777
   42119104,   1.5361727953,              1,           42119104,           1.0000000000,      build_size, 1.0000000000,         32,               22,                      0,                 0,               27,                     0,             0.0000000000,      5,             0,            0,     warpcore,           32,  45.9163017273, 0.0000000000
   42119104,   1.5699520111,              1,           42119104,           1.0000000000,      build_size, 1.0000000000,         32,               22,                      0,                 0,               27,                     0,             0.0000000000,      5,             0,            1,     warpcore,           32,  23.5845375061, 6.4319168091
   42119104,   1.5308799744,              1,           42119104,           1.0000000000,      build_size, 1.0000000000,         32,               22,                      0,                 0,               27,                     0,             0.0000000000,      5,             1,            0,     warpcore,           32,  45.9651329041, 0.0000000000
   42119104,   1.5816063881,              1,           42119104,           1.0000000000,      build_size, 1.0000000000,         32,               22,                      0,                 0,               27,                     0,             0.0000000000,      5,             1,            1,     warpcore,           32,  21.8666687012, 6.4225535393
   84596032,   3.2020735741,              1,           84596032,           1.0000000000,      build_size, 1.0000000000,         32,               23,                      0,                 0,               27,                     0,             0.0000000000,      5,             0,            0,     warpcore,           32,  47.2241989136, 0.0000000000
   84596032,   3.2362559795,              1,           84596032,           1.0000000000,      build_size, 1.0000000000,         32,               23,                      0,                 0,               27,                     0,             0.0000000000,      5,             0,            1,     warpcore,           32,  24.2045116425, 6.4362496376
   84596032,   3.2084287643,              1,           84596032,           1.0000000000,      build_size, 1.0000000000,         32,               23,                      0,                 0,               27,                     0,             0.0000000000,      5,             1,            0,     warpcore,           32,  47.2629241943, 0.0000000000
   84596032,   3.2464896679,              1,           84596032,           1.0000000000,      build_size, 1.0000000000,         32,               23,                      0,                 0,               27,                     0,             0.0000000000,      5,             1,            1,     warpcore,           32,  22.5003517151, 6.4169984818
  168158272,   6.5881408691,              1,          168158272,           1.0000000000,      build_size, 1.0000000000,         32,               24,                      0,                 0,               27,                     0,             0.0000000000,      5,             0,            0,     warpcore,           32,  48.3290313721, 0.0000000000
  168158272,   6.6758655548,              1,          168158272,           1.0000000000,      build_size, 1.0000000000,         32,               24,                      0,                 0,               27,                     0,             0.0000000000,      5,             0,            1,     warpcore,           32,  25.9932094574, 6.4319488525
  168158272,   6.5865279198,              1,          168158272,           1.0000000000,      build_size, 1.0000000000,         32,               24,                      0,                 0,               27,                     0,             0.0000000000,      5,             1,            0,     warpcore,           32,  48.2588485718, 0.0000000000
  168158272,   6.6752511978,              1,          168158272,           1.0000000000,      build_size, 1.0000000000,         32,               24,                      0,                 0,               27,                     0,             0.0000000000,      5,             1,            1,     warpcore,           32,  23.6277759552, 6.4628544807
  337552448,  13.3818367004,              1,          337552448,           1.0000000000,      build_size, 1.0000000000,         32,               25,                      0,                 0,               27,                     0,             0.0000000000,      5,             0,            0,     warpcore,           32,  48.5863174438, 0.0000000000
  337552448,  13.5847936630,              1,          337552448,           1.0000000000,      build_size, 1.0000000000,         32,               25,                      0,                 0,               27,                     0,             0.0000000000,      5,             0,            1,     warpcore,           32,  28.7374977112, 6.3879040718
  337552448,  13.3959680557,              1,          337552448,           1.0000000000,      build_size, 1.0000000000,         32,               25,                      0,                 0,               27,                     0,             0.0000000000,      5,             1,            0,     warpcore,           32,  48.5961730957, 0.0000000000
  337552448,  13.5708417892,              1,          337552448,           1.0000000000,      build_size, 1.0000000000,         32,               25,                      0,                 0,               27,                     0,             0.0000000000,      5,             1,            1,     warpcore,           32,  24.7699966431, 6.4192512512
  677470912,  27.0012351990,              1,          677470912,           1.0000000000,      build_size, 1.0000000000,         32,               26,                      0,                 0,               27,                     0,             0.0000000000,      5,             0,            0,     warpcore,           32,  49.0362876892, 0.0000000000
  677470912,  27.3559234619,              1,          677470912,           1.0000000000,      build_size, 1.0000000000,         32,               26,                      0,                 0,               27,                     0,             0.0000000000,      5,             0,            1,     warpcore,           32,  32.6358589172, 5.9895615578
  677470912,  27.0365310669,              1,          677470912,           1.0000000000,      build_size, 1.0000000000,         32,               26,                      0,                 0,               27,                     0,             0.0000000000,      5,             1,            0,     warpcore,           32,  48.6705146790, 0.0000000000
  677470912,  27.3205184937,              1,          677470912,           1.0000000000,      build_size, 1.0000000000,         32,               26,                      0,                 0,               27,                     0,             0.0000000000,      5,             1,            1,     warpcore,           32,  26.5396095276, 5.9689983368
    1265023,   0.0883391994,              1,             599936,           1.0000000000,      build_size, 1.0000000000,         32,               15,                      0,                 0,               27,                     0,             0.0000000000,      5,             0,            0,  b_link_tree,           32,  36.1785354614, 0.0000000000
    1265023,   0.0995904008,              1,             599936,           1.0000000000,      build_size, 1.0000000000,         32,               15,                      0,                 0,               27,                     0,             0.0000000000,      5,             0,            1,  b_link_tree,           32,  35.9964866638, 6.4857087135
    1265023,   0.0830528003,              1,             599936,           1.0000000000,      build_size, 1.0000000000,         32,               15,                      0,                 0,               27,                     0,             0.0000000000,      5,             1,            0,  b_link_tree,           32,  36.2774597168, 0.0000000000
    1265023,   0.0840000003,              1,             599936,           1.0000000000,      build_size, 1.0000000000,         32,               15,                      0,                 0,               27,                     0,             0.0000000000,      5,             1,            1,  b_link_tree,           32,  36.0916412354, 6.4801535606
    2523647,   0.1165503997,              1,            1199104,           1.0000000000,      build_size, 1.0000000000,         32,               16,                      0,                 0,               27,                     0,             0.0000000000,      5,             0,            0,  b_link_tree,           32,  36.1682044983, 0.0000000000
    2523647,   0.1020288013,              1,            1199104,           1.0000000000,      build_size, 1.0000000000,         32,               16,                      0,                 0,               27,                     0,             0.0000000000,      5,             0,            1,  b_link_tree,           32,  35.8957000732, 6.4993535995
    2523647,   0.1323136012,              1,            1199104,           1.0000000000,      build_size, 1.0000000000,         32,               16,                      0,                 0,               27,                     0,             0.0000000000,      5,             1,            0,  b_link_tree,           32,  35.6568580627, 0.0000000000
    2523647,   0.1029056005,              1,            1199104,           1.0000000000,      build_size, 1.0000000000,         32,               16,                      0,                 0,               27,                     0,             0.0000000000,      5,             1,            1,  b_link_tree,           32,  35.8299972534, 6.4965568542
    5040895,   0.0937792018,              1,            2397440,           1.0000000000,      build_size, 1.0000000000,         32,               17,                      0,                 0,               27,                     0,             0.0000000000,      5,             0,            0,  b_link_tree,           32,  36.4170051575, 0.0000000000
    5040895,   0.1240512035,              1,            2397440,           1.0000000000,      build_size, 1.0000000000,         32,               17,                      0,                 0,               27,                     0,             0.0000000000,      5,             0,            1,  b_link_tree,           32,  36.0611831665, 6.4742208481
    5040895,   0.1221312015,              1,            2397440,           1.0000000000,      build_size, 1.0000000000,         32,               17,                      0,                 0,               27,                     0,             0.0000000000,      5,             1,            0,  b_link_tree,           32,  35.9503875732, 0.0000000000
    5040895,   0.1101120013,              1,            2397440,           1.0000000000,      build_size, 1.0000000000,         32,               17,                      0,                 0,               27,                     0,             0.0000000000,      5,             1,            1,  b_link_tree,           32,  35.5732994080, 6.4995712280
   10075647,   0.1005888034,              1,            4794368,           1.0000000000,      build_size, 1.0000000000,         32,               18,                      0,                 0,               27,                     0,             0.0000000000,      5,             0,            0,  b_link_tree,           32,  41.9878089905, 0.0000000000
   10075647,   0.1178112004,              1,            4794368,           1.0000000000,      build_size, 1.0000000000,         32,               18,                      0,                 0,               27,                     0,             0.0000000000,      5,             0,            1,  b_link_tree,           32,  41.7534011841, 6.5473792076
   10075647,   0.1011072032,              1,            4794368,           1.0000000000,      build_size, 1.0000000000,         32,               18,                      0,                 0,               27,                     0,             0.0000000000,      5,             1,            0,  b_link_tree,           32,  42.4190338135, 0.0000000000
   10075647,   0.1164800016,              1,            4794368,           1.0000000000,      build_size, 1.0000000000,         32,               18,                      0,                 0,               27,                     0,             0.0000000000,      5,             1,            1,  b_link_tree,           32,  41.7942085266, 6.4486335754
   20145791,   0.1629824020,              1,            9587840,           1.0000000000,      build_size, 1.0000000000,         32,               19,                      0,                 0,               27,                     0,             0.0000000000,      5,             0,            0,  b_link_tree,           32,  43.5069625854, 0.0000000000
   20145791,   0.1507648015,              1,            9587840,           1.0000000000,      build_size, 1.0000000000,         32,               19,                      0,                 0,               27,                     0,             0.0000000000,      5,             0,            1,  b_link_tree,           32,  41.7769279480, 6.4756352425
   20145791,   0.1342144031,              1,            9587840,           1.0000000000,      build_size, 1.0000000000,         32,               19,                      0,                 0,               27,                     0,             0.0000000000,      5,             1,            0,  b_link_tree,           32,  43.7965698242, 0.0000000000
   20145791,   0.1637120018,              1,            9587840,           1.0000000000,      build_size, 1.0000000000,         32,               19,                      0,                 0,               27,                     0,             0.0000000000,      5,             1,            1,  b_link_tree,           32,  41.5385597229, 6.5031423569
   40285055,   0.2327360004,              1,           19174784,           1.0000000000,      build_size, 1.0000000000,         32,               20,                      0,                 0,               27,                     0,             0.0000000000,      5,             0,            0,  b_link_tree,           32,  47.1486457825, 0.0000000000
   40285055,   0.2353727989,              1,           19174784,           1.0000000000,      build_size, 1.0000000000,         32,               20,                      0,                 0,               27,                     0,             0.0000000000,      5,             0,            1,  b_link_tree,           32,  41.6296569824, 6.4428736687
   40285055,   0.2481216038,              1,           19174784,           1.0000000000,      build_size, 1.0000000000,         32,               20,                      0,                 0,               27,                     0,             0.0000000000,      5,             1,            0,  b_link_tree,           32,  46.2707199097, 0.0000000000
   40285055,   0.2176960021,              1,           19174784,           1.0000000000,      build_size, 1.0000000000,         32,               20,                      0,                 0,               27,                     0,             0.0000000000,      5,             1,            1,  b_link_tree,           32,  41.1592254639, 6.4369472504
   80563839,   0.3877120025,              1,           38348928,           1.0000000000,      build_size, 1.0000000000,         32,               21,                      0,                 0,               27,                     0,             0.0000000000,      5,             0,            0,  b_link_tree,           32,  55.1439430237, 0.0000000000
   80563839,   0.3719616070,              1,           38348928,           1.0000000000,      build_size, 1.0000000000,         32,               21,                      0,                 0,               27,                     0,             0.0000000000,      5,             0,            1,  b_link_tree,           32,  47.4935096741, 6.4585215569
   80563839,   0.3691903967,              1,           38348928,           1.0000000000,      build_size, 1.0000000000,         32,               21,                      0,                 0,               27,                     0,             0.0000000000,      5,             1,            0,  b_link_tree,           32,  54.9207237244, 0.0000000000
   80563839,   0.3858304020,              1,           38348928,           1.0000000000,      build_size, 1.0000000000,         32,               21,                      0,                 0,               27,                     0,             0.0000000000,      5,             1,            1,  b_link_tree,           32,  46.6608001709, 6.4449215889
  161121023,   0.6586240027,              1,           76696832,           1.0000000000,      build_size, 1.0000000000,         32,               22,                      0,                 0,               27,                     0,             0.0000000000,      5,             0,            0,  b_link_tree,           32,  60.7658241272, 0.0000000000
  161121023,   0.6904575996,              1,           76696832,           1.0000000000,      build_size, 1.0000000000,         32,               22,                      0,                 0,               27,                     0,             0.0000000000,      5,             0,            1,  b_link_tree,           32,  47.2696647644, 6.4049407959
  161121023,   0.6746239968,              1,           76696832,           1.0000000000,      build_size, 1.0000000000,         32,               22,                      0,                 0,               27,                     0,             0.0000000000,      5,             1,            0,  b_link_tree,           32,  60.6615745544, 0.0000000000
  161121023,   0.6889408011,              1,           76696832,           1.0000000000,      build_size, 1.0000000000,         32,               22,                      0,                 0,               27,                     0,             0.0000000000,      5,             1,            1,  b_link_tree,           32,  46.8848640442, 6.4172224045
  322235391,   1.2683583960,              1,          153392640,           1.0000000000,      build_size, 1.0000000000,         32,               23,                      0,                 0,               27,                     0,             0.0000000000,      5,             0,            0,  b_link_tree,           32,  68.3543869019, 0.0000000000
  322235391,   1.2463487960,              1,          153392640,           1.0000000000,      build_size, 1.0000000000,         32,               23,                      0,                 0,               27,                     0,             0.0000000000,      5,             0,            1,  b_link_tree,           32,  47.0796295166, 6.4144960403
  322235391,   1.2568576120,              1,          153392640,           1.0000000000,      build_size, 1.0000000000,         32,               23,                      0,                 0,               27,                     0,             0.0000000000,      5,             1,            0,  b_link_tree,           32,  68.2303436279, 0.0000000000
  322235391,   1.2672256000,              1,          153392640,           1.0000000000,      build_size, 1.0000000000,         32,               23,                      0,                 0,               27,                     0,             0.0000000000,      5,             1,            1,  b_link_tree,           32,  47.2477691650, 6.4318655968
  644464383,   2.3934144199,              1,          306784512,           1.0000000000,      build_size, 1.0000000000,         32,               24,                      0,                 0,               27,                     0,             0.0000000000,      5,             0,            0,  b_link_tree,           32,  76.6913650513, 0.0000000000
  644464383,   2.3833727613,              1,          306784512,           1.0000000000,      build_size, 1.0000000000,         32,               24,                      0,                 0,               27,                     0,             0.0000000000,      5,             0,            1,  b_link_tree,           32,  52.5864761353, 6.8438272476
  644464383,   2.4132800192,              1,          306784512,           1.0000000000,      build_size, 1.0000000000,         32,               24,                      0,                 0,               27,                     0,             0.0000000000,      5,             1,            0,  b_link_tree,           32,  76.6422332764, 0.0000000000
  644464383,   2.3958975896,              1,          306784512,           1.0000000000,      build_size, 1.0000000000,         32,               24,                      0,                 0,               27,                     0,             0.0000000000,      5,             1,            1,  b_link_tree,           32,  52.7996940613, 6.4880319595
 1288923007,   4.7151360512,              1,          613567872,           1.0000000000,      build_size, 1.0000000000,         32,               25,                      0,                 0,               27,                     0,             0.0000000000,      5,             0,            0,  b_link_tree,           32,  84.8927749634, 0.0000000000
 1288923007,   4.7558399826,              1,          613567872,           1.0000000000,      build_size, 1.0000000000,         32,               25,                      0,                 0,               27,                     0,             0.0000000000,      5,             0,            1,  b_link_tree,           32,  52.6018180847, 6.4499968529
 1288923007,   4.7322751611,              1,          613567872,           1.0000000000,      build_size, 1.0000000000,         32,               25,                      0,                 0,               27,                     0,             0.0000000000,      5,             1,            0,  b_link_tree,           32,  84.4661437988, 0.0000000000
 1288923007,   4.6925503343,              1,          613567872,           1.0000000000,      build_size, 1.0000000000,         32,               25,                      0,                 0,               27,                     0,             0.0000000000,      5,             1,            1,  b_link_tree,           32,  53.1568054199, 6.4051262856
 2577839231,   9.4525376379,              1,         1227134592,           1.0000000000,      build_size, 1.0000000000,         32,               26,                      0,                 0,               27,                     0,             0.0000000000,      5,             0,            0,  b_link_tree,           32,  92.1297668457, 0.0000000000
 2577839231,   9.3829439700,              1,         1227134592,           1.0000000000,      build_size, 1.0000000000,         32,               26,                      0,                 0,               27,                     0,             0.0000000000,      5,             0,            1,  b_link_tree,           32,  52.6102470398, 6.4150655746
 2577839231,   9.3559040248,              1,         1227134592,           1.0000000000,      build_size, 1.0000000000,         32,               26,                      0,                 0,               27,                     0,             0.0000000000,      5,             1,            0,  b_link_tree,           32,  92.5733123779, 0.0000000000
 2577839231,   9.3963391721,              1,         1227134592,           1.0000000000,      build_size, 1.0000000000,         32,               26,                      0,                 0,               27,                     0,             0.0000000000,      5,             1,            1,  b_link_tree,           32,  52.6831481934, 6.3977984428
